t,phase,x,y,z,armed
4.252,WAIT_CONNECT,0.01647799089550972,0.012827605940401554,0.08693961054086685,0
5.264,SET_MODE,0.008756391704082489,0.006832588464021683,0.07982434332370758,0
5.264,SET_MODE,0.008756391704082489,0.006832588464021683,0.07982434332370758,0
5.272,SET_MODE,0.008637309074401855,0.006794753018766642,0.07990846037864685,0
5.276,SET_MODE,0.008637309074401855,0.006794753018766642,0.07990846037864685,0
5.28,SET_MODE,0.008637309074401855,0.006794753018766642,0.07990846037864685,0
5.284,SET_MODE,0.008637309074401855,0.006794753018766642,0.07990846037864685,0
5.292,ARM,0.008457766845822334,0.006738814525306225,0.08004460483789444,0
5.296,ARM,0.008457766845822334,0.006738814525306225,0.08004460483789444,0
5.3,ARM,0.008457766845822334,0.006738814525306225,0.08004460483789444,0
5.304,ARM,0.008457766845822334,0.006738814525306225,0.08004460483789444,0
5.312,ARM,0.008335661143064499,0.006706932093948126,0.08013274520635605,0
5.316,ARM,0.008335661143064499,0.006706932093948126,0.08013274520635605,0
5.32,ARM,0.008335661143064499,0.006706932093948126,0.08013274520635605,0
5.324,ARM,0.008335661143064499,0.006706932093948126,0.08013274520635605,0
5.332,ARM,0.008157340809702873,0.006673450581729412,0.08027195185422897,0
5.336,ARM,0.008157340809702873,0.006673450581729412,0.08027195185422897,0
5.356,ARM,0.008157340809702873,0.006673450581729412,0.08027195185422897,0
5.356,ARM,0.008024672046303749,0.00669338321313262,0.08048678934574127,0
5.364,ARM,0.007823368534445763,0.006717959884554148,0.08081334084272385,0
5.368,ARM,0.007823368534445763,0.006717959884554148,0.08081334084272385,0
5.372,ARM,0.007823368534445763,0.006717959884554148,0.08081334084272385,0
5.376,ARM,0.007823368534445763,0.006717959884554148,0.08081334084272385,0
5.384,ARM,0.007823368534445763,0.006717959884554148,0.08081334084272385,0
5.388,ARM,0.007689610123634338,0.006732247304171324,0.081028051674366,0
5.404,ARM,0.007689610123634338,0.006732247304171324,0.081028051674366,0
5.404,ARM,0.007689610123634338,0.006732247304171324,0.081028051674366,0
5.412,ARM,0.007488646544516087,0.006746293976902962,0.08133723586797714,0
5.416,ARM,0.007488646544516087,0.006746293976902962,0.08133723586797714,0
5.42,ARM,0.007488646544516087,0.006746293976902962,0.08133723586797714,0
5.424,ARM,0.007357087917625904,0.006742044817656279,0.08153775334358215,0
5.432,ARM,0.007357087917625904,0.006742044817656279,0.08153775334358215,0
5.436,ARM,0.007357087917625904,0.006742044817656279,0.08153775334358215,0
5.452,ARM,0.007357087917625904,0.006742044817656279,0.08153775334358215,0
5.452,ARM,0.007159336935728788,0.00673340680077672,0.08183625340461731,0
5.46,ARM,0.007159336935728788,0.00673340680077672,0.08183625340461731,0
5.464,ARM,0.007159336935728788,0.00673340680077672,0.08183625340461731,0
5.468,ARM,0.007025060709565878,0.006727205123752356,0.08204065263271332,0
5.4719999999999995,ARM,0.007025060709565878,0.006727205123752356,0.08204065263271332,0
5.48,ARM,0.007025060709565878,0.006727205123752356,0.08204065263271332,0
5.484,ARM,0.007025060709565878,0.006727205123752356,0.08204065263271332,0
5.4879999999999995,ARM,0.006822452414780855,0.006714899092912674,0.08236000686883926,0
5.5,ARM,0.006822452414780855,0.006714899092912674,0.08236000686883926,0
5.5,ARM,0.006822452414780855,0.006714899092912674,0.08236000686883926,0
5.504,ARM,0.006822452414780855,0.006714899092912674,0.08236000686883926,0
5.508,ARM,0.006692599039524794,0.006704677827656269,0.08257892727851868,0
5.5120000000000005,ARM,0.006692599039524794,0.006704677827656269,0.08257892727851868,0
5.52,ARM,0.006692599039524794,0.006704677827656269,0.08257892727851868,0
5.524,ARM,0.006692599039524794,0.006704677827656269,0.08257892727851868,0
5.5280000000000005,ARM,0.006505772937089205,0.0066853053867816925,0.08290818333625793,0
5.532,ARM,0.006505772937089205,0.0066853053867816925,0.08290818333625793,0
5.548,ARM,0.006505772937089205,0.0066853053867816925,0.08290818333625793,0
5.548,ARM,0.006376764737069607,0.006670778151601553,0.08312803506851196,0
5.556,ARM,0.006376764737069607,0.006670778151601553,0.08312803506851196,0
5.5600000000000005,ARM,0.006376764737069607,0.006670778151601553,0.08312803506851196,0
5.564,ARM,0.006376764737069607,0.006670778151601553,0.08312803506851196,0
5.568,ARM,0.006185190286487341,0.006642145570367575,0.08345911651849747,0
5.576,ARM,0.006185190286487341,0.006642145570367575,0.08345911651849747,0
5.58,ARM,0.006185190286487341,0.006642145570367575,0.08345911651849747,0
5.584,ARM,0.006185190286487341,0.006642145570367575,0.08345911651849747,0
5.588,ARM,0.006052827462553978,0.0066213482059538364,0.08368341624736786,1
5.608,ARM,0.006052827462553978,0.0066213482059538364,0.08368341624736786,1
5.608,ARM,0.005849829874932766,0.0065896338783204556,0.08403173834085464,1
5.616,ARM,0.005849829874932766,0.0065896338783204556,0.08403173834085464,1
5.62,ARM,0.005849829874932766,0.0065896338783204556,0.08403173834085464,1
5.624,ARM,0.0057164705358445644,0.0065732551738619804,0.084275983273983,1
5.628,ARM,0.0057164705358445644,0.0065732551738619804,0.084275983273983,1
5.636,ARM,0.0057164705358445644,0.0065732551738619804,0.084275983273983,1
5.656,TAKEOFF,0.0057164705358445644,0.0065732551738619804,0.084275983273983,1
5.656,TAKEOFF,0.0055223628878593445,0.006557269487529993,0.08465084433555603,1
5.664,TAKEOFF,0.005399743560701609,0.006544955540448427,0.08490453660488129,1
5.668,TAKEOFF,0.005399743560701609,0.006544955540448427,0.08490453660488129,1
5.672,TAKEOFF,0.005399743560701609,0.006544955540448427,0.08490453660488129,1
5.676,TAKEOFF,0.005399743560701609,0.006544955540448427,0.08490453660488129,1
5.684,TAKEOFF,0.005220417398959398,0.006523584946990013,0.08530157804489136,1
5.688,TAKEOFF,0.005220417398959398,0.006523584946990013,0.08530157804489136,1
5.692,TAKEOFF,0.005220417398959398,0.006523584946990013,0.08530157804489136,1
5.696,TAKEOFF,0.005220417398959398,0.006523584946990013,0.08530157804489136,1
5.704,TAKEOFF,0.005100059323012829,0.006510174833238125,0.08557311445474625,1
5.708,TAKEOFF,0.005100059323012829,0.006510174833238125,0.08557311445474625,1
5.712,TAKEOFF,0.005100059323012829,0.006510174833238125,0.08557311445474625,1
5.716,TAKEOFF,0.005100059323012829,0.006510174833238125,0.08557311445474625,1
5.724,TAKEOFF,0.004923033528029919,0.006494968198239803,0.08598344027996063,1
5.728,TAKEOFF,0.004923033528029919,0.006494968198239803,0.08598344027996063,1
5.732,TAKEOFF,0.004923033528029919,0.006494968198239803,0.08598344027996063,1
5.736,TAKEOFF,0.004923033528029919,0.006494968198239803,0.08598344027996063,1
5.744,TAKEOFF,0.004923033528029919,0.006494968198239803,0.08598344027996063,1
5.748,TAKEOFF,0.0048070307821035385,0.006447663065046072,0.08634346723556519,1
5.752,TAKEOFF,0.0048070307821035385,0.006447663065046072,0.08634346723556519,1
5.756,TAKEOFF,0.0048070307821035385,0.006447663065046072,0.08634346723556519,1
5.764,TAKEOFF,0.004639291670173407,0.006381959188729525,0.08688618242740631,1
5.768,TAKEOFF,0.004639291670173407,0.006381959188729525,0.08688618242740631,1
5.772,TAKEOFF,0.004639291670173407,0.006381959188729525,0.08688618242740631,1
5.776,TAKEOFF,0.004639291670173407,0.006381959188729525,0.08688618242740631,1
5.784,TAKEOFF,0.004639291670173407,0.006381959188729525,0.08688618242740631,1
5.788,TAKEOFF,0.004522320348769426,0.0063416920602321625,0.08724769949913025,1
5.792,TAKEOFF,0.004522320348769426,0.0063416920602321625,0.08724769949913025,1
5.796,TAKEOFF,0.004522320348769426,0.0063416920602321625,0.08724769949913025,1
5.804,TAKEOFF,0.004352616146206856,0.006285056937485933,0.08779415488243103,1
5.808,TAKEOFF,0.004352616146206856,0.006285056937485933,0.08779415488243103,1
5.812,TAKEOFF,0.004352616146206856,0.006285056937485933,0.08779415488243103,1
5.816,TAKEOFF,0.004352616146206856,0.006285056937485933,0.08779415488243103,1
5.824,TAKEOFF,0.004352616146206856,0.006285056937485933,0.08779415488243103,1
5.828,TAKEOFF,0.004240863490849733,0.006255398970097303,0.08815575391054153,1
5.832,TAKEOFF,0.004240863490849733,0.006255398970097303,0.08815575391054153,1
5.836,TAKEOFF,0.004240863490849733,0.006255398970097303,0.08815575391054153,1
5.844,TAKEOFF,0.004070035181939602,0.006216620560735464,0.08870702981948853,1
5.848,TAKEOFF,0.004070035181939602,0.006216620560735464,0.08870702981948853,1
5.852,TAKEOFF,0.004070035181939602,0.006216620560735464,0.08870702981948853,1
5.856,TAKEOFF,0.004070035181939602,0.006216620560735464,0.08870702981948853,1
5.864,TAKEOFF,0.003954438492655754,0.006194607354700565,0.08907979726791382,1
5.868,TAKEOFF,0.003954438492655754,0.006194607354700565,0.08907979726791382,1
5.872,TAKEOFF,0.003954438492655754,0.006194607354700565,0.08907979726791382,1
5.876,TAKEOFF,0.003954438492655754,0.006194607354700565,0.08907979726791382,1
5.884,TAKEOFF,0.003786977846175432,0.0061658271588385105,0.08963324129581451,1
5.888,TAKEOFF,0.003786977846175432,0.0061658271588385105,0.08963324129581451,1
5.892,TAKEOFF,0.003786977846175432,0.0061658271588385105,0.08963324129581451,1
5.896,TAKEOFF,0.003786977846175432,0.0061658271588385105,0.08963324129581451,1
5.904,TAKEOFF,0.003786977846175432,0.0061658271588385105,0.08963324129581451,1
5.908,TAKEOFF,0.0036762142553925514,0.006152267102152109,0.09000874310731888,1
5.912,TAKEOFF,0.0036762142553925514,0.006152267102152109,0.09000874310731888,1
5.916,TAKEOFF,0.0036762142553925514,0.006152267102152109,0.09000874310731888,1
5.924,TAKEOFF,0.0036762142553925514,0.006152267102152109,0.09000874310731888,1
5.928,TAKEOFF,0.003515550633892417,0.006139571312814951,0.09058425575494766,1
5.932,TAKEOFF,0.003515550633892417,0.006139571312814951,0.09058425575494766,1
5.936,TAKEOFF,0.003515550633892417,0.006139571312814951,0.09058425575494766,1
5.944,TAKEOFF,0.003515550633892417,0.006139571312814951,0.09058425575494766,1
5.948,TAKEOFF,0.0034103901125490665,0.006136075593531132,0.09097005426883698,1
5.952,TAKEOFF,0.0034103901125490665,0.006136075593531132,0.09097005426883698,1
5.9559999999999995,TAKEOFF,0.0034103901125490665,0.006136075593531132,0.09097005426883698,1
5.964,TAKEOFF,0.0034103901125490665,0.006136075593531132,0.09097005426883698,1
5.968,TAKEOFF,0.0032599344849586487,0.006130977068096399,0.09155232459306717,1
5.9719999999999995,TAKEOFF,0.0032599344849586487,0.006130977068096399,0.09155232459306717,1
5.976,TAKEOFF,0.0032599344849586487,0.006130977068096399,0.09155232459306717,1
5.984,TAKEOFF,0.0031588496640324593,0.006129118613898754,0.09194779396057129,1
5.9879999999999995,TAKEOFF,0.0031588496640324593,0.006129118613898754,0.09194779396057129,1
5.992,TAKEOFF,0.0031588496640324593,0.006129118613898754,0.09194779396057129,1
5.996,TAKEOFF,0.0031588496640324593,0.006129118613898754,0.09194779396057129,1
6.004,TAKEOFF,0.0031588496640324593,0.006129118613898754,0.09194779396057129,1
6.008,TAKEOFF,0.0030111761298030615,0.006130104884505272,0.09254626929759979,1
6.012,TAKEOFF,0.0030111761298030615,0.006130104884505272,0.09254626929759979,1
6.016,TAKEOFF,0.0030111761298030615,0.006130104884505272,0.09254626929759979,1
6.024,TAKEOFF,0.0030111761298030615,0.006130104884505272,0.09254626929759979,1
6.028,TAKEOFF,0.0029122314881533384,0.006140945944935083,0.09295482933521271,1
6.032,TAKEOFF,0.0029122314881533384,0.006140945944935083,0.09295482933521271,1
6.036,TAKEOFF,0.0029122314881533384,0.006140945944935083,0.09295482933521271,1
6.044,TAKEOFF,0.0029122314881533384,0.006140945944935083,0.09295482933521271,1
6.048,TAKEOFF,0.0027611148543655872,0.006166442297399044,0.09357922524213791,1
6.052,TAKEOFF,0.0027611148543655872,0.006166442297399044,0.09357922524213791,1
6.056,TAKEOFF,0.0027611148543655872,0.006166442297399044,0.09357922524213791,1
6.064,TAKEOFF,0.0027611148543655872,0.006166442297399044,0.09357922524213791,1
6.068,TAKEOFF,0.002666931366547942,0.0061829183250665665,0.09400095045566559,1
6.072,TAKEOFF,0.002666931366547942,0.0061829183250665665,0.09400095045566559,1
6.076,TAKEOFF,0.002666931366547942,0.0061829183250665665,0.09400095045566559,1
6.084,TAKEOFF,0.002666931366547942,0.0061829183250665665,0.09400095045566559,1
6.088,TAKEOFF,0.002529128221794963,0.006211812607944012,0.09463805705308914,1
6.092,TAKEOFF,0.002529128221794963,0.006211812607944012,0.09463805705308914,1
6.096,TAKEOFF,0.002529128221794963,0.006211812607944012,0.09463805705308914,1
6.104,TAKEOFF,0.002529128221794963,0.006211812607944012,0.09463805705308914,1
6.108,TAKEOFF,0.0024415201041847467,0.006227269768714905,0.09507172554731369,1
6.112,TAKEOFF,0.0024415201041847467,0.006227269768714905,0.09507172554731369,1
6.116,TAKEOFF,0.0024415201041847467,0.006227269768714905,0.09507172554731369,1
6.124,TAKEOFF,0.002317659091204405,0.006237509194761515,0.09573548287153244,1
6.128,TAKEOFF,0.002317659091204405,0.006237509194761515,0.09573548287153244,1
6.132,TAKEOFF,0.002317659091204405,0.006237509194761515,0.09573548287153244,1
6.136,TAKEOFF,0.002317659091204405,0.006237509194761515,0.09573548287153244,1
6.144,TAKEOFF,0.002302970038726926,0.006195727735757828,0.09622112661600113,1
6.148,TAKEOFF,0.002302970038726926,0.006195727735757828,0.09622112661600113,1
6.152,TAKEOFF,0.002302970038726926,0.006195727735757828,0.09622112661600113,1
6.156,TAKEOFF,0.002302970038726926,0.006195727735757828,0.09622112661600113,1
6.164,TAKEOFF,0.0022732666693627834,0.006135475821793079,0.09694845974445343,1
6.168,TAKEOFF,0.0022732666693627834,0.006135475821793079,0.09694845974445343,1
6.172,TAKEOFF,0.0022732666693627834,0.006135475821793079,0.09694845974445343,1
6.176,TAKEOFF,0.0022732666693627834,0.006135475821793079,0.09694845974445343,1
6.184,TAKEOFF,0.0022732666693627834,0.006135475821793079,0.09694845974445343,1
6.188,TAKEOFF,0.0022498322650790215,0.006100020837038755,0.09743735194206238,1
6.192,TAKEOFF,0.0022498322650790215,0.006100020837038755,0.09743735194206238,1
6.196,TAKEOFF,0.0022498322650790215,0.006100020837038755,0.09743735194206238,1
6.204,TAKEOFF,0.002211551880463958,0.006053395103663206,0.09817936271429062,1
6.208,TAKEOFF,0.002211551880463958,0.006053395103663206,0.09817936271429062,1
6.212,TAKEOFF,0.002211551880463958,0.006053395103663206,0.09817936271429062,1
6.216,TAKEOFF,0.002211551880463958,0.006053395103663206,0.09817936271429062,1
6.224,TAKEOFF,0.0021851893980056047,0.00602714391425252,0.09868231415748596,1
6.228,TAKEOFF,0.0021851893980056047,0.00602714391425252,0.09868231415748596,1
6.232,TAKEOFF,0.0021851893980056047,0.00602714391425252,0.09868231415748596,1
6.236,TAKEOFF,0.0021851893980056047,0.00602714391425252,0.09868231415748596,1
6.244,TAKEOFF,0.0021851893980056047,0.00602714391425252,0.09868231415748596,1
6.248,TAKEOFF,0.002147496212273836,0.005993273574858904,0.09945046901702881,1
6.252,TAKEOFF,0.002147496212273836,0.005993273574858904,0.09945046901702881,1
6.256,TAKEOFF,0.002147496212273836,0.005993273574858904,0.09945046901702881,1
6.264,TAKEOFF,0.002147496212273836,0.005993273574858904,0.09945046901702881,1
6.268,TAKEOFF,0.002120459917932749,0.00597887160256505,0.09996473789215088,1
6.272,TAKEOFF,0.002120459917932749,0.00597887160256505,0.09996473789215088,1
6.276,TAKEOFF,0.002120459917932749,0.00597887160256505,0.09996473789215088,1
6.284,TAKEOFF,0.002120459917932749,0.00597887160256505,0.09996473789215088,1
6.288,TAKEOFF,0.0020789909176528454,0.005967449862509966,0.10074038803577423,1
6.292,TAKEOFF,0.0020789909176528454,0.005967449862509966,0.10074038803577423,1
6.296,TAKEOFF,0.0020789909176528454,0.005967449862509966,0.10074038803577423,1
6.304,TAKEOFF,0.0020789909176528454,0.005967449862509966,0.10074038803577423,1
6.308,TAKEOFF,0.0020512656774371862,0.005964342970401049,0.10125862807035446,1
6.312,TAKEOFF,0.0020512656774371862,0.005964342970401049,0.10125862807035446,1
6.316,TAKEOFF,0.0020512656774371862,0.005964342970401049,0.10125862807035446,1
6.324,TAKEOFF,0.0020512656774371862,0.005964342970401049,0.10125862807035446,1
6.328,TAKEOFF,0.0020125044975429773,0.005961490795016289,0.10203420370817184,1
6.332,TAKEOFF,0.0020125044975429773,0.005961490795016289,0.10203420370817184,1
6.336,TAKEOFF,0.0020125044975429773,0.005961490795016289,0.10203420370817184,1
6.344,TAKEOFF,0.0020125044975429773,0.005961490795016289,0.10203420370817184,1
6.348,TAKEOFF,0.001988036325201392,0.005963592790067196,0.10255367308855057,1
6.352,TAKEOFF,0.001988036325201392,0.005963592790067196,0.10255367308855057,1
6.356,TAKEOFF,0.001988036325201392,0.005963592790067196,0.10255367308855057,1
6.364,TAKEOFF,0.0019470552215352654,0.0059728119522333145,0.10332965105772018,1
6.368,TAKEOFF,0.0019470552215352654,0.0059728119522333145,0.10332965105772018,1
6.372,TAKEOFF,0.0019470552215352654,0.0059728119522333145,0.10332965105772018,1
6.376,TAKEOFF,0.0019470552215352654,0.0059728119522333145,0.10332965105772018,1
6.384,TAKEOFF,0.0019150362350046635,0.005985743831843138,0.10385144501924515,1
6.388,TAKEOFF,0.0019150362350046635,0.005985743831843138,0.10385144501924515,1
6.392,TAKEOFF,0.0019150362350046635,0.005985743831843138,0.10385144501924515,1
6.396,TAKEOFF,0.0019150362350046635,0.005985743831843138,0.10385144501924515,1
6.404,TAKEOFF,0.0018644772935658693,0.006007472984492779,0.10465047508478165,1
6.408,TAKEOFF,0.0018644772935658693,0.006007472984492779,0.10465047508478165,1
6.412,TAKEOFF,0.0018644772935658693,0.006007472984492779,0.10465047508478165,1
6.416,TAKEOFF,0.0018644772935658693,0.006007472984492779,0.10465047508478165,1
6.424,TAKEOFF,0.0018644772935658693,0.006007472984492779,0.10465047508478165,1
6.428,TAKEOFF,0.0018242740770801902,0.006017636973410845,0.105193130671978,1
6.432,TAKEOFF,0.0018242740770801902,0.006017636973410845,0.105193130671978,1
6.436,TAKEOFF,0.0018242740770801902,0.006017636973410845,0.105193130671978,1
6.444,TAKEOFF,0.0017486360156908631,0.006032686680555344,0.1060166284441948,1
6.448,TAKEOFF,0.0017486360156908631,0.006032686680555344,0.1060166284441948,1
6.452,TAKEOFF,0.0017486360156908631,0.006032686680555344,0.1060166284441948,1
6.456,TAKEOFF,0.0017486360156908631,0.006032686680555344,0.1060166284441948,1
6.464,TAKEOFF,0.0016894368454813957,0.006043713074177504,0.10657092928886414,1
6.468,TAKEOFF,0.0016894368454813957,0.006043713074177504,0.10657092928886414,1
6.4719999999999995,TAKEOFF,0.0016894368454813957,0.006043713074177504,0.10657092928886414,1
6.476,TAKEOFF,0.0016894368454813957,0.006043713074177504,0.10657092928886414,1
6.484,TAKEOFF,0.0016894368454813957,0.006043713074177504,0.10657092928886414,1
6.4879999999999995,TAKEOFF,0.0015959176234900951,0.006060701794922352,0.10740340501070023,1
6.492,TAKEOFF,0.0015959176234900951,0.006060701794922352,0.10740340501070023,1
6.496,TAKEOFF,0.0015959176234900951,0.006060701794922352,0.10740340501070023,1
6.504,TAKEOFF,0.0015959176234900951,0.006060701794922352,0.10740340501070023,1
6.508,TAKEOFF,0.0015338844386860728,0.006077643483877182,0.10796120017766953,1
6.5120000000000005,TAKEOFF,0.0015338844386860728,0.006077643483877182,0.10796120017766953,1
6.516,TAKEOFF,0.0015338844386860728,0.006077643483877182,0.10796120017766953,1
6.524,TAKEOFF,0.0015338844386860728,0.006077643483877182,0.10796120017766953,1
6.5280000000000005,TAKEOFF,0.001437569153495133,0.0061127678491175175,0.10880500078201294,1
6.532,TAKEOFF,0.001437569153495133,0.0061127678491175175,0.10880500078201294,1
6.536,TAKEOFF,0.001437569153495133,0.0061127678491175175,0.10880500078201294,1
6.5440000000000005,TAKEOFF,0.001437569153495133,0.0061127678491175175,0.10880500078201294,1
6.548,TAKEOFF,0.001347926794551313,0.006079191341996193,0.10930057615041733,1
6.552,TAKEOFF,0.001347926794551313,0.006079191341996193,0.10930057615041733,1
6.556,TAKEOFF,0.001347926794551313,0.006079191341996193,0.10930057615041733,1
6.564,TAKEOFF,0.001347926794551313,0.006079191341996193,0.10930057615041733,1
6.568,TAKEOFF,0.001210558693856001,0.006035659462213516,0.11005353927612305,1
6.572,TAKEOFF,0.001210558693856001,0.006035659462213516,0.11005353927612305,1
6.576,TAKEOFF,0.001210558693856001,0.006035659462213516,0.11005353927612305,1
6.584,TAKEOFF,0.001210558693856001,0.006035659462213516,0.11005353927612305,1
6.588,TAKEOFF,0.0011200994485989213,0.006014144513756037,0.11055617034435272,1
6.592,TAKEOFF,0.0011200994485989213,0.006014144513756037,0.11055617034435272,1
6.596,TAKEOFF,0.0011200994485989213,0.006014144513756037,0.11055617034435272,1
6.604,TAKEOFF,0.000988679938018322,0.00599370151758194,0.11131878197193146,1
6.608,TAKEOFF,0.000988679938018322,0.00599370151758194,0.11131878197193146,1
6.612,TAKEOFF,0.000988679938018322,0.00599370151758194,0.11131878197193146,1
6.616,TAKEOFF,0.000988679938018322,0.00599370151758194,0.11131878197193146,1
6.624,TAKEOFF,0.000988679938018322,0.00599370151758194,0.11131878197193146,1
6.628,TAKEOFF,0.0009064215701073408,0.005980008747428656,0.11183186620473862,1
6.632,TAKEOFF,0.0009064215701073408,0.005980008747428656,0.11183186620473862,1
6.636,TAKEOFF,0.0009064215701073408,0.005980008747428656,0.11183186620473862,1
6.644,TAKEOFF,0.0007764384499751031,0.005960664711892605,0.11261086910963058,1
6.648,TAKEOFF,0.0007764384499751031,0.005960664711892605,0.11261086910963058,1
6.652,TAKEOFF,0.0007764384499751031,0.005960664711892605,0.11261086910963058,1
6.656,TAKEOFF,0.0007764384499751031,0.005960664711892605,0.11261086910963058,1
6.664,TAKEOFF,0.0007764384499751031,0.005960664711892605,0.11261086910963058,1
6.668,TAKEOFF,0.0006899578729644418,0.005949260201305151,0.11313427984714508,1
6.672,TAKEOFF,0.0006899578729644418,0.005949260201305151,0.11313427984714508,1
6.676,TAKEOFF,0.0006899578729644418,0.005949260201305151,0.11313427984714508,1
6.684,TAKEOFF,0.0006899578729644418,0.005949260201305151,0.11313427984714508,1
6.688,TAKEOFF,0.0005643398035317659,0.005933442618697882,0.11393415182828903,1
6.692,TAKEOFF,0.0005643398035317659,0.005933442618697882,0.11393415182828903,1
6.696,TAKEOFF,0.0005643398035317659,0.005933442618697882,0.11393415182828903,1
6.704,TAKEOFF,0.0004773299442604184,0.005934418644756079,0.11447110027074814,1
6.708,TAKEOFF,0.0004773299442604184,0.005934418644756079,0.11447110027074814,1
6.712,TAKEOFF,0.0004773299442604184,0.005934418644756079,0.11447110027074814,1
6.716,TAKEOFF,0.0004773299442604184,0.005934418644756079,0.11447110027074814,1
6.724,TAKEOFF,0.0004773299442604184,0.005934418644756079,0.11447110027074814,1
6.728,TAKEOFF,0.00034072966082021594,0.005952007602900267,0.11528448015451431,1
6.732,TAKEOFF,0.00034072966082021594,0.005952007602900267,0.11528448015451431,1
6.736,TAKEOFF,0.00034072966082021594,0.005952007602900267,0.11528448015451431,1
6.744,TAKEOFF,0.0002526064636185765,0.005968186073005199,0.1158352717757225,1
6.748,TAKEOFF,0.0002526064636185765,0.005968186073005199,0.1158352717757225,1
6.752,TAKEOFF,0.0002526064636185765,0.005968186073005199,0.1158352717757225,1
6.756,TAKEOFF,0.0002526064636185765,0.005968186073005199,0.1158352717757225,1
6.764,TAKEOFF,0.00012235506437718868,0.005997342523187399,0.1166776716709137,1
6.768,TAKEOFF,0.00012235506437718868,0.005997342523187399,0.1166776716709137,1
6.772,TAKEOFF,0.00012235506437718868,0.005997342523187399,0.1166776716709137,1
6.776,TAKEOFF,0.00012235506437718868,0.005997342523187399,0.1166776716709137,1
6.784,TAKEOFF,0.00012235506437718868,0.005997342523187399,0.1166776716709137,1
6.788,TAKEOFF,3.744172863662243e-05,0.006018935702741146,0.11724633723497391,1
6.792,TAKEOFF,3.744172863662243e-05,0.006018935702741146,0.11724633723497391,1
6.796,TAKEOFF,3.744172863662243e-05,0.006018935702741146,0.11724633723497391,1
6.804,TAKEOFF,3.744172863662243e-05,0.006018935702741146,0.11724633723497391,1
6.808,TAKEOFF,-9.138726454693824e-05,0.00605023792013526,0.11811045557260513,1
6.812,TAKEOFF,-9.138726454693824e-05,0.00605023792013526,0.11811045557260513,1
6.816,TAKEOFF,-9.138726454693824e-05,0.00605023792013526,0.11811045557260513,1
6.824,TAKEOFF,-9.138726454693824e-05,0.00605023792013526,0.11811045557260513,1
6.828,TAKEOFF,-0.00017849044525064528,0.006068828981369734,0.11869819462299347,1
6.832,TAKEOFF,-0.00017849044525064528,0.006068828981369734,0.11869819462299347,1
6.836,TAKEOFF,-0.00017849044525064528,0.006068828981369734,0.11869819462299347,1
6.844,TAKEOFF,-0.00031047299853526056,0.006093741860240698,0.11959657818078995,1
6.848,TAKEOFF,-0.00031047299853526056,0.006093741860240698,0.11959657818078995,1
6.852,TAKEOFF,-0.00031047299853526056,0.006093741860240698,0.11959657818078995,1
6.856,TAKEOFF,-0.00031047299853526056,0.006093741860240698,0.11959657818078995,1
6.864,TAKEOFF,-0.00031047299853526056,0.006093741860240698,0.11959657818078995,1
6.868,TAKEOFF,-0.0004025032976642251,0.00611077668145299,0.1201992928981781,1
6.872,TAKEOFF,-0.0004025032976642251,0.00611077668145299,0.1201992928981781,1
6.876,TAKEOFF,-0.0004025032976642251,0.00611077668145299,0.1201992928981781,1
6.884,TAKEOFF,-0.0005367679987102747,0.006134539842605591,0.12110690027475357,1
6.888,TAKEOFF,-0.0005367679987102747,0.006134539842605591,0.12110690027475357,1
6.892,TAKEOFF,-0.0005367679987102747,0.006134539842605591,0.12110690027475357,1
6.896,TAKEOFF,-0.0005367679987102747,0.006134539842605591,0.12110690027475357,1
6.904,TAKEOFF,-0.0005367679987102747,0.006134539842605591,0.12110690027475357,1
6.908,TAKEOFF,-0.0006286530988290906,0.0061531346291303635,0.1217121034860611,1
6.912,TAKEOFF,-0.0006286530988290906,0.0061531346291303635,0.1217121034860611,1
6.916,TAKEOFF,-0.0006286530988290906,0.0061531346291303635,0.1217121034860611,1
6.924,TAKEOFF,-0.0007592622423544526,0.006188536062836647,0.12261481583118439,1
6.928,TAKEOFF,-0.0007592622423544526,0.006188536062836647,0.12261481583118439,1
6.932,TAKEOFF,-0.0007592622423544526,0.006188536062836647,0.12261481583118439,1
6.936,TAKEOFF,-0.0007592622423544526,0.006188536062836647,0.12261481583118439,1
6.944,TAKEOFF,-0.0008412442402914166,0.006155529525130987,0.12309777736663818,1
6.948,TAKEOFF,-0.0008412442402914166,0.006155529525130987,0.12309777736663818,1
6.952,TAKEOFF,-0.0008412442402914166,0.006155529525130987,0.12309777736663818,1
6.9559999999999995,TAKEOFF,-0.0008412442402914166,0.006155529525130987,0.12309777736663818,1
6.964,TAKEOFF,-0.0008412442402914166,0.006155529525130987,0.12309777736663818,1
6.968,TAKEOFF,-0.0009561018086969852,0.006119192112237215,0.12383474409580231,1
6.9719999999999995,TAKEOFF,-0.0009561018086969852,0.006119192112237215,0.12383474409580231,1
6.976,TAKEOFF,-0.0009561018086969852,0.006119192112237215,0.12383474409580231,1
6.984,TAKEOFF,-0.0010290219215676188,0.006095473654568195,0.1243334636092186,1
6.9879999999999995,TAKEOFF,-0.0010290219215676188,0.006095473654568195,0.1243334636092186,1
6.992,TAKEOFF,-0.0010290219215676188,0.006095473654568195,0.1243334636092186,1
6.996,TAKEOFF,-0.0010290219215676188,0.006095473654568195,0.1243334636092186,1
7.004,TAKEOFF,-0.0010290219215676188,0.006095473654568195,0.1243334636092186,1
7.008,TAKEOFF,-0.0011413181200623512,0.006064356304705143,0.12508253753185272,1
7.012,TAKEOFF,-0.0011413181200623512,0.006064356304705143,0.12508253753185272,1
7.016,TAKEOFF,-0.0011413181200623512,0.006064356304705143,0.12508253753185272,1
7.024,TAKEOFF,-0.0012171523412689567,0.006047586910426617,0.12559136748313904,1
7.028,TAKEOFF,-0.0012171523412689567,0.006047586910426617,0.12559136748313904,1
7.032,TAKEOFF,-0.0012171523412689567,0.006047586910426617,0.12559136748313904,1
7.036,TAKEOFF,-0.0012171523412689567,0.006047586910426617,0.12559136748313904,1
7.044,TAKEOFF,-0.0012171523412689567,0.006047586910426617,0.12559136748313904,1
7.048,TAKEOFF,-0.0013275670353323221,0.00601679552346468,0.12636397778987885,1
7.052,TAKEOFF,-0.0013275670353323221,0.00601679552346468,0.12636397778987885,1
7.056,TAKEOFF,-0.0013275670353323221,0.00601679552346468,0.12636397778987885,1
7.064,TAKEOFF,-0.0013275670353323221,0.00601679552346468,0.12636397778987885,1
7.068,TAKEOFF,-0.0013997198548167944,0.005989799741655588,0.12688389420509338,1
7.072,TAKEOFF,-0.0013997198548167944,0.005989799741655588,0.12688389420509338,1
7.076,TAKEOFF,-0.0013997198548167944,0.005989799741655588,0.12688389420509338,1
7.084,TAKEOFF,-0.0013997198548167944,0.005989799741655588,0.12688389420509338,1
7.088,TAKEOFF,-0.0015138982562348247,0.005945472978055477,0.12768879532814026,1
7.092,TAKEOFF,-0.0015138982562348247,0.005945472978055477,0.12768879532814026,1
7.096,TAKEOFF,-0.0015138982562348247,0.005945472978055477,0.12768879532814026,1
7.104,TAKEOFF,-0.0015138982562348247,0.005945472978055477,0.12768879532814026,1
7.108,TAKEOFF,-0.0015922995517030358,0.005922325421124697,0.1282384693622589,1
7.112,TAKEOFF,-0.0015922995517030358,0.005922325421124697,0.1282384693622589,1
7.116,TAKEOFF,-0.0015922995517030358,0.005922325421124697,0.1282384693622589,1
7.124,TAKEOFF,-0.0015922995517030358,0.005922325421124697,0.1282384693622589,1
7.128,TAKEOFF,-0.0017089577158913016,0.005902664735913277,0.12907308340072632,1
7.132,TAKEOFF,-0.0017089577158913016,0.005902664735913277,0.12907308340072632,1
7.136,TAKEOFF,-0.0017089577158913016,0.005902664735913277,0.12907308340072632,1
7.144,TAKEOFF,-0.0017820955254137516,0.005892252083867788,0.12963466346263885,1
7.148,TAKEOFF,-0.0017820955254137516,0.005892252083867788,0.12963466346263885,1
7.152,TAKEOFF,-0.0017820955254137516,0.005892252083867788,0.12963466346263885,1
7.156,TAKEOFF,-0.0017820955254137516,0.005892252083867788,0.12963466346263885,1
7.164,TAKEOFF,-0.001892732223495841,0.005867407191544771,0.13048022985458374,1
7.168,TAKEOFF,-0.001892732223495841,0.005867407191544771,0.13048022985458374,1
7.172,TAKEOFF,-0.001892732223495841,0.005867407191544771,0.13048022985458374,1
7.176,TAKEOFF,-0.001892732223495841,0.005867407191544771,0.13048022985458374,1
7.184,TAKEOFF,-0.001892732223495841,0.005867407191544771,0.13048022985458374,1
7.188,TAKEOFF,-0.0019644033163785934,0.005850748158991337,0.13104775547981262,1
7.192,TAKEOFF,-0.0019644033163785934,0.005850748158991337,0.13104775547981262,1
7.196,TAKEOFF,-0.0019644033163785934,0.005850748158991337,0.13104775547981262,1
7.204,TAKEOFF,-0.0020621283911168575,0.005827230866998434,0.13190406560897827,1
7.208,TAKEOFF,-0.0020621283911168575,0.005827230866998434,0.13190406560897827,1
7.212,TAKEOFF,-0.0020621283911168575,0.005827230866998434,0.13190406560897827,1
7.216,TAKEOFF,-0.0020621283911168575,0.005827230866998434,0.13190406560897827,1
7.224,TAKEOFF,-0.002122827572748065,0.005811269395053387,0.13248199224472046,1
7.228,TAKEOFF,-0.002122827572748065,0.005811269395053387,0.13248199224472046,1
7.232,TAKEOFF,-0.002122827572748065,0.005811269395053387,0.13248199224472046,1
7.236,TAKEOFF,-0.002122827572748065,0.005811269395053387,0.13248199224472046,1
7.244,TAKEOFF,-0.002122827572748065,0.005811269395053387,0.13248199224472046,1
7.248,TAKEOFF,-0.0022079104091972113,0.005785480607300997,0.13335666060447693,1
7.252,TAKEOFF,-0.0022079104091972113,0.005785480607300997,0.13335666060447693,1
7.256,TAKEOFF,-0.0022079104091972113,0.005785480607300997,0.13335666060447693,1
7.264,TAKEOFF,-0.002264579525217414,0.005758765619248152,0.13394536077976227,1
7.268,TAKEOFF,-0.002264579525217414,0.005758765619248152,0.13394536077976227,1
7.272,TAKEOFF,-0.002264579525217414,0.005758765619248152,0.13394536077976227,1
7.276,TAKEOFF,-0.002264579525217414,0.005758765619248152,0.13394536077976227,1
7.284,TAKEOFF,-0.0023492753971368074,0.005717441439628601,0.1348285973072052,1
7.288,TAKEOFF,-0.0023492753971368074,0.005717441439628601,0.1348285973072052,1
7.292,TAKEOFF,-0.0023492753971368074,0.005717441439628601,0.1348285973072052,1
7.296,TAKEOFF,-0.0023492753971368074,0.005717441439628601,0.1348285973072052,1
7.304,TAKEOFF,-0.0023492753971368074,0.005717441439628601,0.1348285973072052,1
7.308,TAKEOFF,-0.002412036992609501,0.005694813560694456,0.1354207992553711,1
7.312,TAKEOFF,-0.002412036992609501,0.005694813560694456,0.1354207992553711,1
7.316,TAKEOFF,-0.002412036992609501,0.005694813560694456,0.1354207992553711,1
7.324,TAKEOFF,-0.002412036992609501,0.005694813560694456,0.1354207992553711,1
7.328,TAKEOFF,-0.002514136955142021,0.0056615774519741535,0.1363191157579422,1
7.332,TAKEOFF,-0.002514136955142021,0.0056615774519741535,0.1363191157579422,1
7.336,TAKEOFF,-0.002514136955142021,0.0056615774519741535,0.1363191157579422,1
7.344,TAKEOFF,-0.0025174622423946857,0.0056045157834887505,0.13683365285396576,1
7.348,TAKEOFF,-0.0025174622423946857,0.0056045157834887505,0.13683365285396576,1
7.352,TAKEOFF,-0.0025174622423946857,0.0056045157834887505,0.13683365285396576,1
7.356,TAKEOFF,-0.0025174622423946857,0.0056045157834887505,0.13683365285396576,1
7.364,TAKEOFF,-0.0025174622423946857,0.0056045157834887505,0.13683365285396576,1
7.368,TAKEOFF,-0.0025187295395880938,0.005523820407688618,0.13761496543884277,1
7.372,TAKEOFF,-0.0025187295395880938,0.005523820407688618,0.13761496543884277,1
7.376,TAKEOFF,-0.0025187295395880938,0.005523820407688618,0.13761496543884277,1
7.384,TAKEOFF,-0.0025162952952086926,0.005468875635415316,0.13814996182918549,1
7.388,TAKEOFF,-0.0025162952952086926,0.005468875635415316,0.13814996182918549,1
7.392,TAKEOFF,-0.0025162952952086926,0.005468875635415316,0.13814996182918549,1
7.396,TAKEOFF,-0.0025162952952086926,0.005468875635415316,0.13814996182918549,1
7.404,TAKEOFF,-0.0025162952952086926,0.005468875635415316,0.13814996182918549,1
7.408,TAKEOFF,-0.0025064065121114254,0.005385132040828466,0.13896742463111877,1
7.412,TAKEOFF,-0.0025064065121114254,0.005385132040828466,0.13896742463111877,1
7.416,TAKEOFF,-0.0025064065121114254,0.005385132040828466,0.13896742463111877,1
7.424,TAKEOFF,-0.002501061651855707,0.005335337482392788,0.1395178884267807,1
7.428,TAKEOFF,-0.002501061651855707,0.005335337482392788,0.1395178884267807,1
7.432,TAKEOFF,-0.002501061651855707,0.005335337482392788,0.1395178884267807,1
7.436,TAKEOFF,-0.002501061651855707,0.005335337482392788,0.1395178884267807,1
7.444,TAKEOFF,-0.002501061651855707,0.005335337482392788,0.1395178884267807,1
7.448,TAKEOFF,-0.0024959873408079147,0.005259721074253321,0.1403517872095108,1
7.452,TAKEOFF,-0.0024959873408079147,0.005259721074253321,0.1403517872095108,1
7.456,TAKEOFF,-0.0024959873408079147,0.005259721074253321,0.1403517872095108,1
7.464,TAKEOFF,-0.0024959873408079147,0.005259721074253321,0.1403517872095108,1
7.468,TAKEOFF,-0.0024955570697784424,0.0052085029892623425,0.14091672003269196,1
7.4719999999999995,TAKEOFF,-0.0024955570697784424,0.0052085029892623425,0.14091672003269196,1
7.476,TAKEOFF,-0.0024955570697784424,0.0052085029892623425,0.14091672003269196,1
7.484,TAKEOFF,-0.0024955570697784424,0.0052085029892623425,0.14091672003269196,1
7.4879999999999995,TAKEOFF,-0.002492553787305951,0.005133006721735001,0.1417839527130127,1
7.492,TAKEOFF,-0.002492553787305951,0.005133006721735001,0.1417839527130127,1
7.496,TAKEOFF,-0.002492553787305951,0.005133006721735001,0.1417839527130127,1
7.504,TAKEOFF,-0.002492553787305951,0.005133006721735001,0.1417839527130127,1
7.508,TAKEOFF,-0.0024889649357646704,0.005084039177745581,0.14236672222614288,1
7.5120000000000005,TAKEOFF,-0.0024889649357646704,0.005084039177745581,0.14236672222614288,1
7.516,TAKEOFF,-0.0024889649357646704,0.005084039177745581,0.14236672222614288,1
7.524,TAKEOFF,-0.0024889649357646704,0.005084039177745581,0.14236672222614288,1
7.5280000000000005,TAKEOFF,-0.0024786314461380243,0.005011271685361862,0.14324595034122467,1
7.532,TAKEOFF,-0.0024786314461380243,0.005011271685361862,0.14324595034122467,1
7.536,TAKEOFF,-0.0024786314461380243,0.005011271685361862,0.14324595034122467,1
7.5440000000000005,TAKEOFF,-0.0024786314461380243,0.005011271685361862,0.14324595034122467,1
7.548,TAKEOFF,-0.0024726390838623047,0.004961478989571333,0.14382995665073395,1
7.552,TAKEOFF,-0.0024726390838623047,0.004961478989571333,0.14382995665073395,1
7.556,TAKEOFF,-0.0024726390838623047,0.004961478989571333,0.14382995665073395,1
7.564,TAKEOFF,-0.0024726390838623047,0.004961478989571333,0.14382995665073395,1
7.568,TAKEOFF,-0.002456213580444455,0.0048896982334554195,0.14470553398132324,1
7.572,TAKEOFF,-0.002456213580444455,0.0048896982334554195,0.14470553398132324,1
7.576,TAKEOFF,-0.002456213580444455,0.0048896982334554195,0.14470553398132324,1
7.584,TAKEOFF,-0.0024448030162602663,0.004848324693739414,0.14529670774936676,1
7.588,TAKEOFF,-0.0024448030162602663,0.004848324693739414,0.14529670774936676,1
7.592,TAKEOFF,-0.0024448030162602663,0.004848324693739414,0.14529670774936676,1
7.596,TAKEOFF,-0.0024448030162602663,0.004848324693739414,0.14529670774936676,1
7.604,TAKEOFF,-0.0024448030162602663,0.004848324693739414,0.14529670774936676,1
7.608,TAKEOFF,-0.002424514852464199,0.0047899349592626095,0.14619438350200653,1
7.612,TAKEOFF,-0.002424514852464199,0.0047899349592626095,0.14619438350200653,1
7.616,TAKEOFF,-0.002424514852464199,0.0047899349592626095,0.14619438350200653,1
7.624,TAKEOFF,-0.0024118642322719097,0.004750206135213375,0.14679861068725586,1
7.628,TAKEOFF,-0.0024118642322719097,0.004750206135213375,0.14679861068725586,1
7.632,TAKEOFF,-0.0024118642322719097,0.004750206135213375,0.14679861068725586,1
7.636,TAKEOFF,-0.0024118642322719097,0.004750206135213375,0.14679861068725586,1
7.644,TAKEOFF,-0.0024118642322719097,0.004750206135213375,0.14679861068725586,1
7.648,TAKEOFF,-0.0023879650980234146,0.004701839294284582,0.14770962297916412,1
7.652,TAKEOFF,-0.0023879650980234146,0.004701839294284582,0.14770962297916412,1
7.656,TAKEOFF,-0.0023879650980234146,0.004701839294284582,0.14770962297916412,1
7.664,TAKEOFF,-0.0023879650980234146,0.004701839294284582,0.14770962297916412,1
7.668,TAKEOFF,-0.002374487929046154,0.004677053075283766,0.14832492172718048,1
7.672,TAKEOFF,-0.002374487929046154,0.004677053075283766,0.14832492172718048,1
7.676,TAKEOFF,-0.002374487929046154,0.004677053075283766,0.14832492172718048,1
7.684,TAKEOFF,-0.002374487929046154,0.004677053075283766,0.14832492172718048,1
7.688,TAKEOFF,-0.002352234208956361,0.004640616476535797,0.14925767481327057,1
7.692,TAKEOFF,-0.002352234208956361,0.004640616476535797,0.14925767481327057,1
7.696,TAKEOFF,-0.002352234208956361,0.004640616476535797,0.14925767481327057,1
7.704,TAKEOFF,-0.002336725126951933,0.004615445621311665,0.1498747318983078,1
7.708,TAKEOFF,-0.002336725126951933,0.004615445621311665,0.1498747318983078,1
7.712,TAKEOFF,-0.002336725126951933,0.004615445621311665,0.1498747318983078,1
7.716,TAKEOFF,-0.002336725126951933,0.004615445621311665,0.1498747318983078,1
7.724,TAKEOFF,-0.0023128571920096874,0.004574873019009829,0.15080013871192932,1
7.728,TAKEOFF,-0.0023128571920096874,0.004574873019009829,0.15080013871192932,1
7.732,TAKEOFF,-0.0023128571920096874,0.004574873019009829,0.15080013871192932,1
7.736,TAKEOFF,-0.0023128571920096874,0.004574873019009829,0.15080013871192932,1
7.744,TAKEOFF,-0.0023128571920096874,0.004574873019009829,0.15080013871192932,1
7.748,TAKEOFF,-0.00231664115563035,0.004524616524577141,0.15131926536560059,1
7.752,TAKEOFF,-0.00231664115563035,0.004524616524577141,0.15131926536560059,1
7.756,TAKEOFF,-0.00231664115563035,0.004524616524577141,0.15131926536560059,1
7.764,TAKEOFF,-0.002316280733793974,0.004457550588995218,0.15211203694343567,1
7.768,TAKEOFF,-0.002316280733793974,0.004457550588995218,0.15211203694343567,1
7.772,TAKEOFF,-0.002316280733793974,0.004457550588995218,0.15211203694343567,1
7.776,TAKEOFF,-0.002316280733793974,0.004457550588995218,0.15211203694343567,1
7.784,TAKEOFF,-0.002316280733793974,0.004457550588995218,0.15211203694343567,1
7.788,TAKEOFF,-0.0023125114385038614,0.004415100906044245,0.15265318751335144,1
7.792,TAKEOFF,-0.0023125114385038614,0.004415100906044245,0.15265318751335144,1
7.796,TAKEOFF,-0.0023125114385038614,0.004415100906044245,0.15265318751335144,1
7.804,TAKEOFF,-0.0023044089321047068,0.004352678079158068,0.15349072217941284,1
7.808,TAKEOFF,-0.0023044089321047068,0.004352678079158068,0.15349072217941284,1
7.812,TAKEOFF,-0.0023044089321047068,0.004352678079158068,0.15349072217941284,1
7.816,TAKEOFF,-0.0023044089321047068,0.004352678079158068,0.15349072217941284,1
7.824,TAKEOFF,-0.0022937010508030653,0.0043154871091246605,0.15406213700771332,1
7.828,TAKEOFF,-0.0022937010508030653,0.0043154871091246605,0.15406213700771332,1
7.832,TAKEOFF,-0.0022937010508030653,0.0043154871091246605,0.15406213700771332,1
7.836,TAKEOFF,-0.0022937010508030653,0.0043154871091246605,0.15406213700771332,1
7.844,TAKEOFF,-0.0022937010508030653,0.0043154871091246605,0.15406213700771332,1
7.848,TAKEOFF,-0.0022746887989342213,0.004266322124749422,0.15493299067020416,1
7.852,TAKEOFF,-0.0022746887989342213,0.004266322124749422,0.15493299067020416,1
7.856,TAKEOFF,-0.0022746887989342213,0.004266322124749422,0.15493299067020416,1
7.864,TAKEOFF,-0.0022550919093191624,0.004234050866216421,0.15552054345607758,1
7.868,TAKEOFF,-0.0022550919093191624,0.004234050866216421,0.15552054345607758,1
7.872,TAKEOFF,-0.0022550919093191624,0.004234050866216421,0.15552054345607758,1
7.876,TAKEOFF,-0.0022550919093191624,0.004234050866216421,0.15552054345607758,1
7.884,TAKEOFF,-0.0022313615772873163,0.004189363680779934,0.15640847384929657,1
7.888,TAKEOFF,-0.0022313615772873163,0.004189363680779934,0.15640847384929657,1
7.892,TAKEOFF,-0.0022313615772873163,0.004189363680779934,0.15640847384929657,1
7.896,TAKEOFF,-0.0022313615772873163,0.004189363680779934,0.15640847384929657,1
7.904,TAKEOFF,-0.0022313615772873163,0.004189363680779934,0.15640847384929657,1
7.908,TAKEOFF,-0.0022173915058374405,0.004159389063715935,0.1570044308900833,1
7.912,TAKEOFF,-0.0022173915058374405,0.004159389063715935,0.1570044308900833,1
7.916,TAKEOFF,-0.0022173915058374405,0.004159389063715935,0.1570044308900833,1
7.924,TAKEOFF,-0.0021994367707520723,0.004118320997804403,0.15790815651416779,1
7.928,TAKEOFF,-0.0021994367707520723,0.004118320997804403,0.15790815651416779,1
7.932,TAKEOFF,-0.0021994367707520723,0.004118320997804403,0.15790815651416779,1
7.936,TAKEOFF,-0.0021994367707520723,0.004118320997804403,0.15790815651416779,1
7.944,TAKEOFF,-0.0021877773106098175,0.004088326822966337,0.1585191786289215,1
7.948,TAKEOFF,-0.0021877773106098175,0.004088326822966337,0.1585191786289215,1
7.952,TAKEOFF,-0.0021877773106098175,0.004088326822966337,0.1585191786289215,1
7.9559999999999995,TAKEOFF,-0.0021877773106098175,0.004088326822966337,0.1585191786289215,1
7.964,TAKEOFF,-0.0021877773106098175,0.004088326822966337,0.1585191786289215,1
7.968,TAKEOFF,-0.0021680244244635105,0.004043279215693474,0.15945015847682953,1
7.9719999999999995,TAKEOFF,-0.0021680244244635105,0.004043279215693474,0.15945015847682953,1
7.976,TAKEOFF,-0.0021680244244635105,0.004043279215693474,0.15945015847682953,1
7.984,TAKEOFF,-0.0021513260435312986,0.004007953219115734,0.16008234024047852,1
7.9879999999999995,TAKEOFF,-0.0021513260435312986,0.004007953219115734,0.16008234024047852,1
7.992,TAKEOFF,-0.0021513260435312986,0.004007953219115734,0.16008234024047852,1
7.996,TAKEOFF,-0.0021513260435312986,0.004007953219115734,0.16008234024047852,1
8.004,TAKEOFF,-0.0021513260435312986,0.004007953219115734,0.16008234024047852,1
8.008,TAKEOFF,-0.002132321009412408,0.0039528654888272285,0.16104018688201904,1
8.012,TAKEOFF,-0.002132321009412408,0.0039528654888272285,0.16104018688201904,1
8.016,TAKEOFF,-0.002132321009412408,0.0039528654888272285,0.16104018688201904,1
8.024,TAKEOFF,-0.0021191281266510487,0.003918019123375416,0.1616874635219574,1
8.028,TAKEOFF,-0.0021191281266510487,0.003918019123375416,0.1616874635219574,1
8.032,TAKEOFF,-0.0021191281266510487,0.003918019123375416,0.1616874635219574,1
8.036,TAKEOFF,-0.0021191281266510487,0.003918019123375416,0.1616874635219574,1
8.044,TAKEOFF,-0.0021191281266510487,0.003918019123375416,0.1616874635219574,1
8.048,TAKEOFF,-0.0020975652150809765,0.003867842722684145,0.16266851127147675,1
8.052,TAKEOFF,-0.0020975652150809765,0.003867842722684145,0.16266851127147675,1
8.056,TAKEOFF,-0.0020975652150809765,0.003867842722684145,0.16266851127147675,1
8.064,TAKEOFF,-0.0020975652150809765,0.003867842722684145,0.16266851127147675,1
8.068,TAKEOFF,-0.002078899648040533,0.003834841074422002,0.16333088278770447,1
8.072,TAKEOFF,-0.002078899648040533,0.003834841074422002,0.16333088278770447,1
8.076,TAKEOFF,-0.002078899648040533,0.003834841074422002,0.16333088278770447,1
8.084,TAKEOFF,-0.002078899648040533,0.003834841074422002,0.16333088278770447,1
8.088,TAKEOFF,-0.0020412388257682323,0.003783258143812418,0.16433317959308624,1
8.092,TAKEOFF,-0.0020412388257682323,0.003783258143812418,0.16433317959308624,1
8.096,TAKEOFF,-0.0020412388257682323,0.003783258143812418,0.16433317959308624,1
8.104,TAKEOFF,-0.0020112027414143085,0.0037528250832110643,0.16500334441661835,1
8.108,TAKEOFF,-0.0020112027414143085,0.0037528250832110643,0.16500334441661835,1
8.112,TAKEOFF,-0.0020112027414143085,0.0037528250832110643,0.16500334441661835,1
8.116,TAKEOFF,-0.0020112027414143085,0.0037528250832110643,0.16500334441661835,1
8.124,TAKEOFF,-0.0019676280207931995,0.0037162601947784424,0.16601555049419403,1
8.128,TAKEOFF,-0.0019676280207931995,0.0037162601947784424,0.16601555049419403,1
8.132,TAKEOFF,-0.0019676280207931995,0.0037162601947784424,0.16601555049419403,1
8.136,TAKEOFF,-0.0019676280207931995,0.0037162601947784424,0.16601555049419403,1
8.144,TAKEOFF,-0.0019572677556425333,0.003729739459231496,0.1665831357240677,1
8.148,TAKEOFF,-0.0019572677556425333,0.003729739459231496,0.1665831357240677,1
8.152,TAKEOFF,-0.0019572677556425333,0.003729739459231496,0.1665831357240677,1
8.156,TAKEOFF,-0.0019572677556425333,0.003729739459231496,0.1665831357240677,1
8.164,TAKEOFF,-0.0019572677556425333,0.003729739459231496,0.1665831357240677,1
8.168,TAKEOFF,-0.0019491560524329543,0.003753971541300416,0.1674489974975586,1
8.172,TAKEOFF,-0.0019491560524329543,0.003753971541300416,0.1674489974975586,1
8.176,TAKEOFF,-0.0019491560524329543,0.003753971541300416,0.1674489974975586,1
8.184,TAKEOFF,-0.0019431726541370153,0.003772711381316185,0.1680382341146469,1
8.188,TAKEOFF,-0.0019431726541370153,0.003772711381316185,0.1680382341146469,1
8.192,TAKEOFF,-0.0019431726541370153,0.003772711381316185,0.1680382341146469,1
8.196,TAKEOFF,-0.0019431726541370153,0.003772711381316185,0.1680382341146469,1
8.204,TAKEOFF,-0.0019311184296384454,0.0037991853896528482,0.1689409613609314,1
8.208,TAKEOFF,-0.0019311184296384454,0.0037991853896528482,0.1689409613609314,1
8.212,TAKEOFF,-0.0019311184296384454,0.0037991853896528482,0.1689409613609314,1
8.216,TAKEOFF,-0.0019311184296384454,0.0037991853896528482,0.1689409613609314,1
8.224,TAKEOFF,-0.0019228856544941664,0.0038197410758584738,0.1695522516965866,1
8.228,TAKEOFF,-0.0019228856544941664,0.0038197410758584738,0.1695522516965866,1
8.232,TAKEOFF,-0.0019228856544941664,0.0038197410758584738,0.1695522516965866,1
8.236,TAKEOFF,-0.0019228856544941664,0.0038197410758584738,0.1695522516965866,1
8.244,TAKEOFF,-0.0019228856544941664,0.0038197410758584738,0.1695522516965866,1
8.248,TAKEOFF,-0.0019097707699984312,0.003847141982987523,0.17048893868923187,1
8.252,TAKEOFF,-0.0019097707699984312,0.003847141982987523,0.17048893868923187,1
8.256,TAKEOFF,-0.0019097707699984312,0.003847141982987523,0.17048893868923187,1
8.264,TAKEOFF,-0.0019097707699984312,0.003847141982987523,0.17048893868923187,1
8.268,TAKEOFF,-0.0018982666078954935,0.003864132799208164,0.1711268424987793,1
8.272,TAKEOFF,-0.0018982666078954935,0.003864132799208164,0.1711268424987793,1
8.276,TAKEOFF,-0.0018982666078954935,0.003864132799208164,0.1711268424987793,1
8.284,TAKEOFF,-0.001876645372249186,0.0038907895796000957,0.17210181057453156,1
8.288,TAKEOFF,-0.001876645372249186,0.0038907895796000957,0.17210181057453156,1
8.292,TAKEOFF,-0.001876645372249186,0.0038907895796000957,0.17210181057453156,1
8.296,TAKEOFF,-0.001876645372249186,0.0038907895796000957,0.17210181057453156,1
8.304,TAKEOFF,-0.0018628909019753337,0.00390124274417758,0.172761008143425,1
8.308,TAKEOFF,-0.0018628909019753337,0.00390124274417758,0.172761008143425,1
8.312,TAKEOFF,-0.0018628909019753337,0.00390124274417758,0.172761008143425,1
8.316,TAKEOFF,-0.0018628909019753337,0.00390124274417758,0.172761008143425,1
8.324,TAKEOFF,-0.0018500955775380135,0.003907560370862484,0.17376771569252014,1
8.328,TAKEOFF,-0.0018500955775380135,0.003907560370862484,0.17376771569252014,1
8.332,TAKEOFF,-0.0018500955775380135,0.003907560370862484,0.17376771569252014,1
8.336,TAKEOFF,-0.0018500955775380135,0.003907560370862484,0.17376771569252014,1
8.344,TAKEOFF,-0.0018411215860396624,0.003912460524588823,0.1744532734155655,1
8.348,TAKEOFF,-0.0018411215860396624,0.003912460524588823,0.1744532734155655,1
8.352,TAKEOFF,-0.0018411215860396624,0.003912460524588823,0.1744532734155655,1
8.356,TAKEOFF,-0.0018411215860396624,0.003912460524588823,0.1744532734155655,1
8.364,TAKEOFF,-0.0018411215860396624,0.003912460524588823,0.1744532734155655,1
8.368,TAKEOFF,-0.0018340451642870903,0.0039175427518785,0.1754947155714035,1
8.372,TAKEOFF,-0.0018340451642870903,0.0039175427518785,0.1754947155714035,1
8.376,TAKEOFF,-0.0018340451642870903,0.0039175427518785,0.1754947155714035,1
8.384,TAKEOFF,-0.0018280870281159878,0.00391691830009222,0.17620262503623962,1
8.388,TAKEOFF,-0.0018280870281159878,0.00391691830009222,0.17620262503623962,1
8.392,TAKEOFF,-0.0018280870281159878,0.00391691830009222,0.17620262503623962,1
8.396,TAKEOFF,-0.0018280870281159878,0.00391691830009222,0.17620262503623962,1
8.404,TAKEOFF,-0.001818025833927095,0.003909632097929716,0.17727290093898773,1
8.408,TAKEOFF,-0.001818025833927095,0.003909632097929716,0.17727290093898773,1
8.412,TAKEOFF,-0.001818025833927095,0.003909632097929716,0.17727290093898773,1
8.416,TAKEOFF,-0.001818025833927095,0.003909632097929716,0.17727290093898773,1
8.424,TAKEOFF,-0.0018084925832226872,0.0039056409150362015,0.17798738181591034,1
8.428,TAKEOFF,-0.0018084925832226872,0.0039056409150362015,0.17798738181591034,1
8.432,TAKEOFF,-0.0018084925832226872,0.0039056409150362015,0.17798738181591034,1
8.436,TAKEOFF,-0.0018084925832226872,0.0039056409150362015,0.17798738181591034,1
8.444,TAKEOFF,-0.0018084925832226872,0.0039056409150362015,0.17798738181591034,1
8.448,TAKEOFF,-0.001789399073459208,0.003900798736140132,0.17906492948532104,1
8.452,TAKEOFF,-0.001789399073459208,0.003900798736140132,0.17906492948532104,1
8.456,TAKEOFF,-0.001789399073459208,0.003900798736140132,0.17906492948532104,1
8.464,TAKEOFF,-0.0017691883258521557,0.0039007242303341627,0.1797839254140854,1
8.468,TAKEOFF,-0.0017691883258521557,0.0039007242303341627,0.1797839254140854,1
8.472,TAKEOFF,-0.0017691883258521557,0.0039007242303341627,0.1797839254140854,1
8.475999999999999,TAKEOFF,-0.0017691883258521557,0.0039007242303341627,0.1797839254140854,1
8.484,TAKEOFF,-0.0017275175778195262,0.0038964704144746065,0.1808723658323288,1
8.488,TAKEOFF,-0.0017275175778195262,0.0038964704144746065,0.1808723658323288,1
8.492,TAKEOFF,-0.0017275175778195262,0.0038964704144746065,0.1808723658323288,1
8.496,TAKEOFF,-0.0017275175778195262,0.0038964704144746065,0.1808723658323288,1
8.504,TAKEOFF,-0.0017275175778195262,0.0038964704144746065,0.1808723658323288,1
8.508,TAKEOFF,-0.0016937321051955223,0.003893278306350112,0.18160143494606018,1
8.512,TAKEOFF,-0.0016937321051955223,0.003893278306350112,0.18160143494606018,1
8.516,TAKEOFF,-0.0016937321051955223,0.003893278306350112,0.18160143494606018,1
8.524000000000001,TAKEOFF,-0.0016442631604149938,0.0039001714903861284,0.182697132229805,1
8.528,TAKEOFF,-0.0016442631604149938,0.0039001714903861284,0.182697132229805,1
8.532,TAKEOFF,-0.0016442631604149938,0.0039001714903861284,0.182697132229805,1
8.536,TAKEOFF,-0.0016442631604149938,0.0039001714903861284,0.182697132229805,1
8.544,TAKEOFF,-0.0016238149255514145,0.0039878180250525475,0.18334755301475525,1
8.548,TAKEOFF,-0.0016238149255514145,0.0039878180250525475,0.18334755301475525,1
8.552,TAKEOFF,-0.0016238149255514145,0.0039878180250525475,0.18334755301475525,1
8.556000000000001,TAKEOFF,-0.0016238149255514145,0.0039878180250525475,0.18334755301475525,1
8.564,TAKEOFF,-0.0015897853299975395,0.004110473673790693,0.18433865904808044,1
8.568,TAKEOFF,-0.0015897853299975395,0.004110473673790693,0.18433865904808044,1
8.572,TAKEOFF,-0.0015897853299975395,0.004110473673790693,0.18433865904808044,1
8.576,TAKEOFF,-0.0015897853299975395,0.004110473673790693,0.18433865904808044,1
8.584,TAKEOFF,-0.0015607046661898494,0.004192254971712828,0.18500934541225433,1
8.588,TAKEOFF,-0.0015607046661898494,0.004192254971712828,0.18500934541225433,1
8.592,TAKEOFF,-0.0015607046661898494,0.004192254971712828,0.18500934541225433,1
8.596,TAKEOFF,-0.0015607046661898494,0.004192254971712828,0.18500934541225433,1
8.604,TAKEOFF,-0.0015173465944826603,0.004308137111365795,0.18601910769939423,1
8.608,TAKEOFF,-0.0015173465944826603,0.004308137111365795,0.18601910769939423,1
8.612,TAKEOFF,-0.0015173465944826603,0.004308137111365795,0.18601910769939423,1
8.616,TAKEOFF,-0.0015173465944826603,0.004308137111365795,0.18601910769939423,1
8.624,TAKEOFF,-0.0015173465944826603,0.004308137111365795,0.18601910769939423,1
8.628,TAKEOFF,-0.001489151269197464,0.004381857812404633,0.1866980791091919,1
8.632,TAKEOFF,-0.001489151269197464,0.004381857812404633,0.1866980791091919,1
8.636,TAKEOFF,-0.001489151269197464,0.004381857812404633,0.1866980791091919,1
8.644,TAKEOFF,-0.00144405965693295,0.004493435379117727,0.1877230703830719,1
8.648,TAKEOFF,-0.00144405965693295,0.004493435379117727,0.1877230703830719,1
8.652,TAKEOFF,-0.00144405965693295,0.004493435379117727,0.1877230703830719,1
8.656,TAKEOFF,-0.00144405965693295,0.004493435379117727,0.1877230703830719,1
8.664,TAKEOFF,-0.001406546332873404,0.004567477852106094,0.18841217458248138,1
8.668,TAKEOFF,-0.001406546332873404,0.004567477852106094,0.18841217458248138,1
8.672,TAKEOFF,-0.001406546332873404,0.004567477852106094,0.18841217458248138,1
8.676,TAKEOFF,-0.001406546332873404,0.004567477852106094,0.18841217458248138,1
8.684,TAKEOFF,-0.00134904810693115,0.004674309864640236,0.1894536018371582,1
8.688,TAKEOFF,-0.00134904810693115,0.004674309864640236,0.1894536018371582,1
8.692,TAKEOFF,-0.00134904810693115,0.004674309864640236,0.1894536018371582,1
8.696,TAKEOFF,-0.00134904810693115,0.004674309864640236,0.1894536018371582,1
8.704,TAKEOFF,-0.0013075533788651228,0.00474359979853034,0.19015663862228394,1
8.708,TAKEOFF,-0.0013075533788651228,0.00474359979853034,0.19015663862228394,1
8.712,TAKEOFF,-0.0013075533788651228,0.00474359979853034,0.19015663862228394,1
8.716,TAKEOFF,-0.0013075533788651228,0.00474359979853034,0.19015663862228394,1
8.724,TAKEOFF,-0.0013075533788651228,0.00474359979853034,0.19015663862228394,1
8.728,TAKEOFF,-0.0012396869715303183,0.004829166457056999,0.19122084975242615,1
8.732,TAKEOFF,-0.0012396869715303183,0.004829166457056999,0.19122084975242615,1
8.736,TAKEOFF,-0.0012396869715303183,0.004829166457056999,0.19122084975242615,1
8.744,TAKEOFF,-0.0011880272068083286,0.004881575703620911,0.1919356733560562,1
8.748,TAKEOFF,-0.0011880272068083286,0.004881575703620911,0.1919356733560562,1
8.752,TAKEOFF,-0.0011880272068083286,0.004881575703620911,0.1919356733560562,1
8.756,TAKEOFF,-0.0011880272068083286,0.004881575703620911,0.1919356733560562,1
8.764,TAKEOFF,-0.0011091525666415691,0.004953970201313496,0.19302153587341309,1
8.768,TAKEOFF,-0.0011091525666415691,0.004953970201313496,0.19302153587341309,1
8.772,TAKEOFF,-0.0011091525666415691,0.004953970201313496,0.19302153587341309,1
8.776,TAKEOFF,-0.0011091525666415691,0.004953970201313496,0.19302153587341309,1
8.784,TAKEOFF,-0.0010549392318353057,0.005003722384572029,0.19375330209732056,1
8.788,TAKEOFF,-0.0010549392318353057,0.005003722384572029,0.19375330209732056,1
8.792,TAKEOFF,-0.0010549392318353057,0.005003722384572029,0.19375330209732056,1
8.796,TAKEOFF,-0.0010549392318353057,0.005003722384572029,0.19375330209732056,1
8.804,TAKEOFF,-0.0010549392318353057,0.005003722384572029,0.19375330209732056,1
8.808,TAKEOFF,-0.0009683592361398041,0.005072212778031826,0.19485634565353394,1
8.812,TAKEOFF,-0.0009683592361398041,0.005072212778031826,0.19485634565353394,1
8.816,TAKEOFF,-0.0009683592361398041,0.005072212778031826,0.19485634565353394,1
8.824,TAKEOFF,-0.0009102133335545659,0.0051122503355145454,0.19559626281261444,1
8.828,TAKEOFF,-0.0009102133335545659,0.0051122503355145454,0.19559626281261444,1
8.832,TAKEOFF,-0.0009102133335545659,0.0051122503355145454,0.19559626281261444,1
8.836,TAKEOFF,-0.0009102133335545659,0.0051122503355145454,0.19559626281261444,1
8.844,TAKEOFF,-0.0009102133335545659,0.0051122503355145454,0.19559626281261444,1
8.848,TAKEOFF,-0.0008173063979484141,0.005173840094357729,0.19671544432640076,1
8.852,TAKEOFF,-0.0008173063979484141,0.005173840094357729,0.19671544432640076,1
8.856,TAKEOFF,-0.0008173063979484141,0.005173840094357729,0.19671544432640076,1
8.864,TAKEOFF,-0.000753746076952666,0.005214930512011051,0.19746772944927216,1
8.868,TAKEOFF,-0.000753746076952666,0.005214930512011051,0.19746772944927216,1
8.872,TAKEOFF,-0.000753746076952666,0.005214930512011051,0.19746772944927216,1
8.876,TAKEOFF,-0.000753746076952666,0.005214930512011051,0.19746772944927216,1
8.884,TAKEOFF,-0.0006508011138066649,0.005272019654512405,0.19859671592712402,1
8.888,TAKEOFF,-0.0006508011138066649,0.005272019654512405,0.19859671592712402,1
8.892,TAKEOFF,-0.0006508011138066649,0.005272019654512405,0.19859671592712402,1
8.896,TAKEOFF,-0.0006508011138066649,0.005272019654512405,0.19859671592712402,1
8.904,TAKEOFF,-0.0006508011138066649,0.005272019654512405,0.19859671592712402,1
8.908,TAKEOFF,-0.0005800466751679778,0.005313891917467117,0.1993497610092163,1
8.912,TAKEOFF,-0.0005800466751679778,0.005313891917467117,0.1993497610092163,1
8.916,TAKEOFF,-0.0005800466751679778,0.005313891917467117,0.1993497610092163,1
8.924,TAKEOFF,-0.0005800466751679778,0.005313891917467117,0.1993497610092163,1
8.928,TAKEOFF,-0.00046605593524873257,0.0053671495988965034,0.2004835456609726,1
8.932,TAKEOFF,-0.00046605593524873257,0.0053671495988965034,0.2004835456609726,1
8.936,TAKEOFF,-0.00046605593524873257,0.0053671495988965034,0.2004835456609726,1
8.943999999999999,TAKEOFF,-0.00046605593524873257,0.0053671495988965034,0.2004835456609726,1
8.948,TAKEOFF,-0.00041400440386496484,0.005278504453599453,0.2010708600282669,1
8.952,TAKEOFF,-0.00041400440386496484,0.005278504453599453,0.2010708600282669,1
8.956,TAKEOFF,-0.00041400440386496484,0.005278504453599453,0.2010708600282669,1
8.964,TAKEOFF,-0.0003235928015783429,0.0051504215225577354,0.20197655260562897,1
8.968,TAKEOFF,-0.0003235928015783429,0.0051504215225577354,0.20197655260562897,1
8.972,TAKEOFF,-0.0003235928015783429,0.0051504215225577354,0.20197655260562897,1
8.975999999999999,TAKEOFF,-0.0003235928015783429,0.0051504215225577354,0.20197655260562897,1
8.984,TAKEOFF,-0.0003235928015783429,0.0051504215225577354,0.20197655260562897,1
8.988,TAKEOFF,-0.0002529118210077286,0.005068227183073759,0.2025938630104065,1
8.992,TAKEOFF,-0.0002529118210077286,0.005068227183073759,0.2025938630104065,1
8.996,TAKEOFF,-0.0002529118210077286,0.005068227183073759,0.2025938630104065,1
9.004,TAKEOFF,-0.00013542803935706615,0.0049428557977080345,0.20354212820529938,1
9.008,TAKEOFF,-0.00013542803935706615,0.0049428557977080345,0.20354212820529938,1
9.012,TAKEOFF,-0.00013542803935706615,0.0049428557977080345,0.20354212820529938,1
9.016,TAKEOFF,-0.00013542803935706615,0.0049428557977080345,0.20354212820529938,1
9.024,TAKEOFF,-0.00013542803935706615,0.0049428557977080345,0.20354212820529938,1
9.028,TAKEOFF,-5.292470450513065e-05,0.004857199732214212,0.2041875422000885,1
9.032,TAKEOFF,-5.292470450513065e-05,0.004857199732214212,0.2041875422000885,1
9.036,TAKEOFF,-5.292470450513065e-05,0.004857199732214212,0.2041875422000885,1
9.044,TAKEOFF,7.361590542132035e-05,0.004730867221951485,0.2051716148853302,1
9.048,TAKEOFF,7.361590542132035e-05,0.004730867221951485,0.2051716148853302,1
9.052,TAKEOFF,7.361590542132035e-05,0.004730867221951485,0.2051716148853302,1
9.056,TAKEOFF,7.361590542132035e-05,0.004730867221951485,0.2051716148853302,1
9.064,TAKEOFF,7.361590542132035e-05,0.004730867221951485,0.2051716148853302,1
9.068,TAKEOFF,0.00015864682791288942,0.0046446495689451694,0.2058386206626892,1
9.072,TAKEOFF,0.00015864682791288942,0.0046446495689451694,0.2058386206626892,1
9.076,TAKEOFF,0.00015864682791288942,0.0046446495689451694,0.2058386206626892,1
9.084,TAKEOFF,0.0002910636831074953,0.004516854882240295,0.20685529708862305,1
9.088,TAKEOFF,0.0002910636831074953,0.004516854882240295,0.20685529708862305,1
9.092,TAKEOFF,0.0002910636831074953,0.004516854882240295,0.20685529708862305,1
9.096,TAKEOFF,0.0002910636831074953,0.004516854882240295,0.20685529708862305,1
9.104,TAKEOFF,0.0002910636831074953,0.004516854882240295,0.20685529708862305,1
9.108,TAKEOFF,0.00038165206206031144,0.004436488263309002,0.2075461745262146,1
9.112,TAKEOFF,0.00038165206206031144,0.004436488263309002,0.2075461745262146,1
9.116,TAKEOFF,0.00038165206206031144,0.004436488263309002,0.2075461745262146,1
9.124,TAKEOFF,0.00038165206206031144,0.004436488263309002,0.2075461745262146,1
9.128,TAKEOFF,0.0005304357036948204,0.004320821259170771,0.20858921110630035,1
9.128,TAKEOFF,0.0005304357036948204,0.004320821259170771,0.20858921110630035,1
9.136,TAKEOFF,0.0005304357036948204,0.004320821259170771,0.20858921110630035,1
9.144,TAKEOFF,0.0006380682461895049,0.004242595750838518,0.20928579568862915,1
9.148,TAKEOFF,0.0006380682461895049,0.004242595750838518,0.20928579568862915,1
9.152,TAKEOFF,0.0006380682461895049,0.004242595750838518,0.20928579568862915,1
9.156,TAKEOFF,0.0006380682461895049,0.004242595750838518,0.20928579568862915,1
9.164,TAKEOFF,0.0006380682461895049,0.004242595750838518,0.20928579568862915,1
9.168,TAKEOFF,0.0008074891520664096,0.004126762971282005,0.2103409767150879,1
9.168,TAKEOFF,0.0008074891520664096,0.004126762971282005,0.2103409767150879,1
9.172,TAKEOFF,0.0008074891520664096,0.004126762971282005,0.2103409767150879,1
9.184,TAKEOFF,0.0008074891520664096,0.004126762971282005,0.2103409767150879,1
9.188,TAKEOFF,0.0009281659149564803,0.004046991467475891,0.21104960143566132,1
9.192,TAKEOFF,0.0009281659149564803,0.004046991467475891,0.21104960143566132,1
9.196,TAKEOFF,0.0009281659149564803,0.004046991467475891,0.21104960143566132,1
9.204,TAKEOFF,0.0009281659149564803,0.004046991467475891,0.21104960143566132,1
9.208,TAKEOFF,0.0011139281559735537,0.003928885329514742,0.21212072670459747,1
9.212,TAKEOFF,0.0011139281559735537,0.003928885329514742,0.21212072670459747,1
9.216,TAKEOFF,0.0011139281559735537,0.003928885329514742,0.21212072670459747,1
9.224,TAKEOFF,0.0011139281559735537,0.003928885329514742,0.21212072670459747,1
9.228,TAKEOFF,0.0012401796411722898,0.0038516263011842966,0.21284036338329315,1
9.232,TAKEOFF,0.0012401796411722898,0.0038516263011842966,0.21284036338329315,1
9.236,TAKEOFF,0.0012401796411722898,0.0038516263011842966,0.21284036338329315,1
9.244,TAKEOFF,0.0012401796411722898,0.0038516263011842966,0.21284036338329315,1
9.248,TAKEOFF,0.0014378969790413976,0.003739038947969675,0.21393097937107086,1
9.252,TAKEOFF,0.0014378969790413976,0.003739038947969675,0.21393097937107086,1
9.256,TAKEOFF,0.0014378969790413976,0.003739038947969675,0.21393097937107086,1
9.264,TAKEOFF,0.0014378969790413976,0.003739038947969675,0.21393097937107086,1
9.268,TAKEOFF,0.0015746998833492398,0.003666874021291733,0.21466688811779022,1
9.272,TAKEOFF,0.0015746998833492398,0.003666874021291733,0.21466688811779022,1
9.276,TAKEOFF,0.0015746998833492398,0.003666874021291733,0.21466688811779022,1
9.284,TAKEOFF,0.0015746998833492398,0.003666874021291733,0.21466688811779022,1
9.288,TAKEOFF,0.0017869760049507022,0.003551841713488102,0.21577712893486023,1
9.292,TAKEOFF,0.0017869760049507022,0.003551841713488102,0.21577712893486023,1
9.296,TAKEOFF,0.0017869760049507022,0.003551841713488102,0.21577712893486023,1
9.304,TAKEOFF,0.0017869760049507022,0.003551841713488102,0.21577712893486023,1
9.308,TAKEOFF,0.001930996309965849,0.0034734944347292185,0.21652215719223022,1
9.312,TAKEOFF,0.001930996309965849,0.0034734944347292185,0.21652215719223022,1
9.316,TAKEOFF,0.001930996309965849,0.0034734944347292185,0.21652215719223022,1
9.324,TAKEOFF,0.001930996309965849,0.0034734944347292185,0.21652215719223022,1
9.328,TAKEOFF,0.002154344692826271,0.003349357284605503,0.21765276789665222,1
9.332,TAKEOFF,0.002154344692826271,0.003349357284605503,0.21765276789665222,1
9.336,TAKEOFF,0.002154344692826271,0.003349357284605503,0.21765276789665222,1
9.344,TAKEOFF,0.002154344692826271,0.003349357284605503,0.21765276789665222,1
9.348,TAKEOFF,0.0022585303522646427,0.003261353587731719,0.21831700205802917,1
9.352,TAKEOFF,0.0022585303522646427,0.003261353587731719,0.21831700205802917,1
9.352,TAKEOFF,0.0022585303522646427,0.003261353587731719,0.21831700205802917,1
9.364,TAKEOFF,0.0022585303522646427,0.003261353587731719,0.21831700205802917,1
9.368,TAKEOFF,0.0024257348850369453,0.003129845717921853,0.2193392813205719,1
9.372,TAKEOFF,0.0024257348850369453,0.003129845717921853,0.2193392813205719,1
9.376,TAKEOFF,0.0024257348850369453,0.003129845717921853,0.2193392813205719,1
9.384,TAKEOFF,0.0024257348850369453,0.003129845717921853,0.2193392813205719,1
9.388,TAKEOFF,0.002542788628488779,0.003038510913029313,0.22004158794879913,1
9.392,TAKEOFF,0.002542788628488779,0.003038510913029313,0.22004158794879913,1
9.396,TAKEOFF,0.002542788628488779,0.003038510913029313,0.22004158794879913,1
9.404,TAKEOFF,0.002542788628488779,0.003038510913029313,0.22004158794879913,1
9.408,TAKEOFF,0.0027244926895946264,0.0028993962332606316,0.22113986313343048,1
9.412,TAKEOFF,0.0027244926895946264,0.0028993962332606316,0.22113986313343048,1
9.416,TAKEOFF,0.0027244926895946264,0.0028993962332606316,0.22113986313343048,1
9.424,TAKEOFF,0.0027244926895946264,0.0028993962332606316,0.22113986313343048,1
9.428,TAKEOFF,0.002848536940291524,0.0028026362415403128,0.22190311551094055,1
9.432,TAKEOFF,0.002848536940291524,0.0028026362415403128,0.22190311551094055,1
9.436,TAKEOFF,0.002848536940291524,0.0028026362415403128,0.22190311551094055,1
9.444,TAKEOFF,0.003034331602975726,0.002645401284098625,0.2231108844280243,1
9.448,TAKEOFF,0.003034331602975726,0.002645401284098625,0.2231108844280243,1
9.452,TAKEOFF,0.003034331602975726,0.002645401284098625,0.2231108844280243,1
9.452,TAKEOFF,0.003034331602975726,0.002645401284098625,0.2231108844280243,1
9.464,TAKEOFF,0.003034331602975726,0.002645401284098625,0.2231108844280243,1
9.468,TAKEOFF,0.0031622652895748615,0.0025319340638816357,0.2239726185798645,1
9.472,TAKEOFF,0.0031622652895748615,0.0025319340638816357,0.2239726185798645,1
9.475999999999999,TAKEOFF,0.0031622652895748615,0.0025319340638816357,0.2239726185798645,1
9.484,TAKEOFF,0.0031622652895748615,0.0025319340638816357,0.2239726185798645,1
9.488,TAKEOFF,0.003355072345584631,0.002348226960748434,0.22536136209964752,1
9.492,TAKEOFF,0.003355072345584631,0.002348226960748434,0.22536136209964752,1
9.496,TAKEOFF,0.003355072345584631,0.002348226960748434,0.22536136209964752,1
9.504,TAKEOFF,0.003355072345584631,0.002348226960748434,0.22536136209964752,1
9.508,TAKEOFF,0.003481584368273616,0.0022084135562181473,0.22635790705680847,1
9.512,TAKEOFF,0.003481584368273616,0.0022084135562181473,0.22635790705680847,1
9.516,TAKEOFF,0.003481584368273616,0.0022084135562181473,0.22635790705680847,1
9.524000000000001,TAKEOFF,0.0036592879332602024,0.0019802150782197714,0.22795818746089935,1
9.528,TAKEOFF,0.0036592879332602024,0.0019802150782197714,0.22795818746089935,1
9.532,TAKEOFF,0.0036592879332602024,0.0019802150782197714,0.22795818746089935,1
9.536,TAKEOFF,0.0036592879332602024,0.0019802150782197714,0.22795818746089935,1
9.544,TAKEOFF,0.0036592879332602024,0.0019802150782197714,0.22795818746089935,1
9.548,TAKEOFF,0.0037693402264267206,0.0018117687432095408,0.22909703850746155,1
9.552,TAKEOFF,0.0037693402264267206,0.0018117687432095408,0.22909703850746155,1
9.556000000000001,TAKEOFF,0.0037693402264267206,0.0018117687432095408,0.22909703850746155,1
9.564,TAKEOFF,0.003925852477550507,0.0015360325342044234,0.2309104949235916,1
9.568,TAKEOFF,0.003925852477550507,0.0015360325342044234,0.2309104949235916,1
9.572,TAKEOFF,0.003925852477550507,0.0015360325342044234,0.2309104949235916,1
9.576,TAKEOFF,0.003925852477550507,0.0015360325342044234,0.2309104949235916,1
9.584,TAKEOFF,0.0040264250710606575,0.001337115652859211,0.23219245672225952,1
9.588,TAKEOFF,0.0040264250710606575,0.001337115652859211,0.23219245672225952,1
9.592,TAKEOFF,0.0040264250710606575,0.001337115652859211,0.23219245672225952,1
9.596,TAKEOFF,0.0040264250710606575,0.001337115652859211,0.23219245672225952,1
9.604,TAKEOFF,0.004175814799964428,0.0010236386442556977,0.2342246174812317,1
9.608,TAKEOFF,0.004175814799964428,0.0010236386442556977,0.2342246174812317,1
9.612,TAKEOFF,0.004175814799964428,0.0010236386442556977,0.2342246174812317,1
9.616,TAKEOFF,0.004175814799964428,0.0010236386442556977,0.2342246174812317,1
9.624,TAKEOFF,0.004175814799964428,0.0010236386442556977,0.2342246174812317,1
9.628,TAKEOFF,0.004265285562723875,0.0008098658290691674,0.2356477677822113,1
9.632,TAKEOFF,0.004265285562723875,0.0008098658290691674,0.2356477677822113,1
9.636,TAKEOFF,0.004265285562723875,0.0008098658290691674,0.2356477677822113,1
9.644,TAKEOFF,0.004394632298499346,0.0004724718164652586,0.23787519335746765,1
9.648,TAKEOFF,0.004394632298499346,0.0004724718164652586,0.23787519335746765,1
9.652,TAKEOFF,0.004394632298499346,0.0004724718164652586,0.23787519335746765,1
9.656,TAKEOFF,0.004394632298499346,0.0004724718164652586,0.23787519335746765,1
9.664,TAKEOFF,0.004476654808968306,0.00023657531710341573,0.23941995203495026,1
9.668,TAKEOFF,0.004476654808968306,0.00023657531710341573,0.23941995203495026,1
9.672,TAKEOFF,0.004476654808968306,0.00023657531710341573,0.23941995203495026,1
9.676,TAKEOFF,0.004476654808968306,0.00023657531710341573,0.23941995203495026,1
9.684,TAKEOFF,0.004591913428157568,-0.00012519280426204205,0.24182498455047607,1
9.688,TAKEOFF,0.004591913428157568,-0.00012519280426204205,0.24182498455047607,1
9.692,TAKEOFF,0.004591913428157568,-0.00012519280426204205,0.24182498455047607,1
9.696,TAKEOFF,0.004591913428157568,-0.00012519280426204205,0.24182498455047607,1
9.704,TAKEOFF,0.00466476334258914,-0.0003772520285565406,0.2434808611869812,1
9.708,TAKEOFF,0.00466476334258914,-0.0003772520285565406,0.2434808611869812,1
9.712,TAKEOFF,0.00466476334258914,-0.0003772520285565406,0.2434808611869812,1
9.716,TAKEOFF,0.00466476334258914,-0.0003772520285565406,0.2434808611869812,1
9.724,TAKEOFF,0.004763821605592966,-0.0007633442874066532,0.2460498958826065,1
9.728,TAKEOFF,0.004763821605592966,-0.0007633442874066532,0.2460498958826065,1
9.732,TAKEOFF,0.004763821605592966,-0.0007633442874066532,0.2460498958826065,1
9.736,TAKEOFF,0.004763821605592966,-0.0007633442874066532,0.2460498958826065,1
9.744,TAKEOFF,0.004763821605592966,-0.0007633442874066532,0.2460498958826065,1
9.748,TAKEOFF,0.004785605240613222,-0.0010263962903991342,0.24764502048492432,1
9.752,TAKEOFF,0.004785605240613222,-0.0010263962903991342,0.24764502048492432,1
9.756,TAKEOFF,0.004785605240613222,-0.0010263962903991342,0.24764502048492432,1
9.764,TAKEOFF,0.004785605240613222,-0.0010263962903991342,0.24764502048492432,1
9.768,TAKEOFF,0.0048001534305512905,-0.0014299917966127396,0.2501133978366852,1
9.772,TAKEOFF,0.0048001534305512905,-0.0014299917966127396,0.2501133978366852,1
9.772,TAKEOFF,0.0048001534305512905,-0.0014299917966127396,0.2501133978366852,1
9.784,TAKEOFF,0.0048001534305512905,-0.0014299917966127396,0.2501133978366852,1
9.788,TAKEOFF,0.004798127803951502,-0.0017104133730754256,0.25180375576019287,1
9.792,TAKEOFF,0.004798127803951502,-0.0017104133730754256,0.25180375576019287,1
9.796,TAKEOFF,0.004798127803951502,-0.0017104133730754256,0.25180375576019287,1
9.804,TAKEOFF,0.004798127803951502,-0.0017104133730754256,0.25180375576019287,1
9.804,TAKEOFF,0.004783655516803265,-0.0021415159571915865,0.25439733266830444,1
9.812,TAKEOFF,0.004783655516803265,-0.0021415159571915865,0.25439733266830444,1
9.816,TAKEOFF,0.004783655516803265,-0.0021415159571915865,0.25439733266830444,1
9.824,TAKEOFF,0.004783655516803265,-0.0021415159571915865,0.25439733266830444,1
9.828,TAKEOFF,0.004756756592541933,-0.002441922202706337,0.2561649978160858,1
9.832,TAKEOFF,0.004756756592541933,-0.002441922202706337,0.2561649978160858,1
9.836,TAKEOFF,0.004756756592541933,-0.002441922202706337,0.2561649978160858,1
9.844,TAKEOFF,0.004756756592541933,-0.002441922202706337,0.2561649978160858,1
9.848,TAKEOFF,0.004643282853066921,-0.0029435623437166214,0.2588644027709961,1
9.852,TAKEOFF,0.004643282853066921,-0.0029435623437166214,0.2588644027709961,1
9.856,TAKEOFF,0.004643282853066921,-0.0029435623437166214,0.2588644027709961,1
9.864,TAKEOFF,0.004643282853066921,-0.0029435623437166214,0.2588644027709961,1
9.868,TAKEOFF,0.00449614180251956,-0.0033350009471178055,0.26067718863487244,1
9.868,TAKEOFF,0.00449614180251956,-0.0033350009471178055,0.26067718863487244,1
9.876,TAKEOFF,0.00449614180251956,-0.0033350009471178055,0.26067718863487244,1
9.884,TAKEOFF,0.00449614180251956,-0.0033350009471178055,0.26067718863487244,1
9.888,TAKEOFF,0.004108813125640154,-0.004039564169943333,0.26339346170425415,1
9.892,TAKEOFF,0.004108813125640154,-0.004039564169943333,0.26339346170425415,1
9.896,TAKEOFF,0.004108813125640154,-0.004039564169943333,0.26339346170425415,1
9.904,TAKEOFF,0.004108813125640154,-0.004039564169943333,0.26339346170425415,1
9.908,TAKEOFF,0.003711780533194542,-0.004618173930794001,0.26519155502319336,1
9.912,TAKEOFF,0.003711780533194542,-0.004618173930794001,0.26519155502319336,1
9.916,TAKEOFF,0.003711780533194542,-0.004618173930794001,0.26519155502319336,1
9.924,TAKEOFF,0.003711780533194542,-0.004618173930794001,0.26519155502319336,1
9.928,TAKEOFF,0.002881959779188037,-0.005664575845003128,0.2678733170032501,1
9.932,TAKEOFF,0.002881959779188037,-0.005664575845003128,0.2678733170032501,1
9.932,TAKEOFF,0.002881959779188037,-0.005664575845003128,0.2678733170032501,1
9.943999999999999,TAKEOFF,0.002881959779188037,-0.005664575845003128,0.2678733170032501,1
9.948,TAKEOFF,0.0021688288543373346,-0.0064801666885614395,0.26965805888175964,1
9.952,TAKEOFF,0.0021688288543373346,-0.0064801666885614395,0.26965805888175964,1
9.956,TAKEOFF,0.0021688288543373346,-0.0064801666885614395,0.26965805888175964,1
9.964,TAKEOFF,0.0021688288543373346,-0.0064801666885614395,0.26965805888175964,1
9.968,TAKEOFF,0.000845638511236757,-0.007886175997555256,0.2723549008369446,1
9.972,TAKEOFF,0.000845638511236757,-0.007886175997555256,0.2723549008369446,1
9.975999999999999,TAKEOFF,0.000845638511236757,-0.007886175997555256,0.2723549008369446,1
9.984,TAKEOFF,0.000845638511236757,-0.007886175997555256,0.2723549008369446,1
9.988,TAKEOFF,-0.0002024013374466449,-0.0089493989944458,0.27417540550231934,1
9.992,TAKEOFF,-0.0002024013374466449,-0.0089493989944458,0.27417540550231934,1
9.996,TAKEOFF,-0.0002024013374466449,-0.0089493989944458,0.27417540550231934,1
10.004,TAKEOFF,-0.0002024013374466449,-0.0089493989944458,0.27417540550231934,1
10.008,TAKEOFF,-0.0020264461636543274,-0.010738572105765343,0.2769586443901062,1
10.012,TAKEOFF,-0.0020264461636543274,-0.010738572105765343,0.2769586443901062,1
10.016,TAKEOFF,-0.0020264461636543274,-0.010738572105765343,0.2769586443901062,1
10.024,TAKEOFF,-0.0034218442160636187,-0.0120543222874403,0.2788544297218323,1
10.028,TAKEOFF,-0.0034218442160636187,-0.0120543222874403,0.2788544297218323,1
10.028,TAKEOFF,-0.0034218442160636187,-0.0120543222874403,0.2788544297218323,1
10.036,TAKEOFF,-0.0034218442160636187,-0.0120543222874403,0.2788544297218323,1
10.044,TAKEOFF,-0.0034218442160636187,-0.0120543222874403,0.2788544297218323,1
10.048,TAKEOFF,-0.005776392295956612,-0.01420301292091608,0.28177744150161743,1
10.052,TAKEOFF,-0.005776392295956612,-0.01420301292091608,0.28177744150161743,1
10.056,TAKEOFF,-0.005776392295956612,-0.01420301292091608,0.28177744150161743,1
10.064,TAKEOFF,-0.007510352414101362,-0.015752596780657768,0.2837850749492645,1
10.068,TAKEOFF,-0.007510352414101362,-0.015752596780657768,0.2837850749492645,1
10.072,TAKEOFF,-0.007510352414101362,-0.015752596780657768,0.2837850749492645,1
10.076,TAKEOFF,-0.007510352414101362,-0.015752596780657768,0.2837850749492645,1
10.084,TAKEOFF,-0.007510352414101362,-0.015752596780657768,0.2837850749492645,1
10.088,TAKEOFF,-0.01034580823034048,-0.018247783184051514,0.28689250349998474,1
10.092,TAKEOFF,-0.01034580823034048,-0.018247783184051514,0.28689250349998474,1
10.092,TAKEOFF,-0.01034580823034048,-0.018247783184051514,0.28689250349998474,1
10.104,TAKEOFF,-0.012385042384266853,-0.02001805417239666,0.2890301048755646,1
10.108,TAKEOFF,-0.012385042384266853,-0.02001805417239666,0.2890301048755646,1
10.112,TAKEOFF,-0.012385042384266853,-0.02001805417239666,0.2890301048755646,1
10.116,TAKEOFF,-0.012385042384266853,-0.02001805417239666,0.2890301048755646,1
10.124,TAKEOFF,-0.012385042384266853,-0.02001805417239666,0.2890301048755646,1
10.128,TAKEOFF,-0.015636976808309555,-0.02281848154962063,0.2923436164855957,1
10.132,TAKEOFF,-0.015636976808309555,-0.02281848154962063,0.2923436164855957,1
10.136,TAKEOFF,-0.015636976808309555,-0.02281848154962063,0.2923436164855957,1
10.144,TAKEOFF,-0.015636976808309555,-0.02281848154962063,0.2923436164855957,1
10.148,TAKEOFF,-0.017601456493139267,-0.02467912621796131,0.2945586144924164,1
10.152,TAKEOFF,-0.017601456493139267,-0.02467912621796131,0.2945586144924164,1
10.156,TAKEOFF,-0.017601456493139267,-0.02467912621796131,0.2945586144924164,1
10.164,TAKEOFF,-0.017601456493139267,-0.02467912621796131,0.2945586144924164,1
10.168,TAKEOFF,-0.02073407731950283,-0.02759428694844246,0.29801470041275024,1
10.172,TAKEOFF,-0.02073407731950283,-0.02759428694844246,0.29801470041275024,1
10.176,TAKEOFF,-0.02073407731950283,-0.02759428694844246,0.29801470041275024,1
10.184,TAKEOFF,-0.02293458767235279,-0.029617585241794586,0.3004060685634613,1
10.188,TAKEOFF,-0.02293458767235279,-0.029617585241794586,0.3004060685634613,1
10.188,TAKEOFF,-0.02293458767235279,-0.029617585241794586,0.3004060685634613,1
10.196,TAKEOFF,-0.02293458767235279,-0.029617585241794586,0.3004060685634613,1
10.204,TAKEOFF,-0.02293458767235279,-0.029617585241794586,0.3004060685634613,1
10.208,TAKEOFF,-0.026375804096460342,-0.032758258283138275,0.30412229895591736,1
10.212,TAKEOFF,-0.026375804096460342,-0.032758258283138275,0.30412229895591736,1
10.216,TAKEOFF,-0.026375804096460342,-0.032758258283138275,0.30412229895591736,1
10.224,TAKEOFF,-0.026375804096460342,-0.032758258283138275,0.30412229895591736,1
10.228,TAKEOFF,-0.0287508275359869,-0.03491225466132164,0.3066868185997009,1
10.232,TAKEOFF,-0.0287508275359869,-0.03491225466132164,0.3066868185997009,1
10.236,TAKEOFF,-0.0287508275359869,-0.03491225466132164,0.3066868185997009,1
10.244,TAKEOFF,-0.0287508275359869,-0.03491225466132164,0.3066868185997009,1
10.248,TAKEOFF,-0.03241126984357834,-0.03820985183119774,0.3106655776500702,1
10.252,TAKEOFF,-0.03241126984357834,-0.03820985183119774,0.3106655776500702,1
10.256,TAKEOFF,-0.03241126984357834,-0.03820985183119774,0.3106655776500702,1
10.264,TAKEOFF,-0.03241126984357834,-0.03820985183119774,0.3106655776500702,1
10.268,TAKEOFF,-0.034904126077890396,-0.04044989123940468,0.31341439485549927,1
10.272,TAKEOFF,-0.034904126077890396,-0.04044989123940468,0.31341439485549927,1
10.276,TAKEOFF,-0.034904126077890396,-0.04044989123940468,0.31341439485549927,1
10.284,TAKEOFF,-0.034904126077890396,-0.04044989123940468,0.31341439485549927,1
10.288,TAKEOFF,-0.03870752081274986,-0.043850127607584,0.3176674544811249,1
10.292,TAKEOFF,-0.03870752081274986,-0.043850127607584,0.3176674544811249,1
10.296,TAKEOFF,-0.03870752081274986,-0.043850127607584,0.3176674544811249,1
10.304,TAKEOFF,-0.03870752081274986,-0.043850127607584,0.3176674544811249,1
10.308,TAKEOFF,-0.041273586452007294,-0.04613470658659935,0.32058605551719666,1
10.312,TAKEOFF,-0.041273586452007294,-0.04613470658659935,0.32058605551719666,1
10.316,TAKEOFF,-0.041273586452007294,-0.04613470658659935,0.32058605551719666,1
10.324,TAKEOFF,-0.041273586452007294,-0.04613470658659935,0.32058605551719666,1
10.328,TAKEOFF,-0.045166682451963425,-0.04958053678274155,0.325096994638443,1
10.332,TAKEOFF,-0.045166682451963425,-0.04958053678274155,0.325096994638443,1
10.336,TAKEOFF,-0.045166682451963425,-0.04958053678274155,0.325096994638443,1
10.344,TAKEOFF,-0.04777980595827103,-0.0518871508538723,0.3281919062137604,1
10.348,TAKEOFF,-0.04777980595827103,-0.0518871508538723,0.3281919062137604,1
10.352,TAKEOFF,-0.04777980595827103,-0.0518871508538723,0.3281919062137604,1
10.356,TAKEOFF,-0.04777980595827103,-0.0518871508538723,0.3281919062137604,1
10.364,TAKEOFF,-0.04777980595827103,-0.0518871508538723,0.3281919062137604,1
10.368,TAKEOFF,-0.05171447992324829,-0.055348604917526245,0.33296316862106323,1
10.372,TAKEOFF,-0.05171447992324829,-0.055348604917526245,0.33296316862106323,1
10.376,TAKEOFF,-0.05171447992324829,-0.055348604917526245,0.33296316862106323,1
10.384,TAKEOFF,-0.05171447992324829,-0.055348604917526245,0.33296316862106323,1
10.388,TAKEOFF,-0.05433602258563042,-0.057654958218336105,0.33622294664382935,1
10.392,TAKEOFF,-0.05433602258563042,-0.057654958218336105,0.33622294664382935,1
10.396,TAKEOFF,-0.05433602258563042,-0.057654958218336105,0.33622294664382935,1
10.404,TAKEOFF,-0.05433602258563042,-0.057654958218336105,0.33622294664382935,1
10.408,TAKEOFF,-0.05826512724161148,-0.06110604479908943,0.34123533964157104,1
10.412,TAKEOFF,-0.05826512724161148,-0.06110604479908943,0.34123533964157104,1
10.412,TAKEOFF,-0.05826512724161148,-0.06110604479908943,0.34123533964157104,1
10.424,TAKEOFF,-0.06087874621152878,-0.06339594721794128,0.3446562886238098,1
10.428,TAKEOFF,-0.06087874621152878,-0.06339594721794128,0.3446562886238098,1
10.432,TAKEOFF,-0.06087874621152878,-0.06339594721794128,0.3446562886238098,1
10.436,TAKEOFF,-0.06087874621152878,-0.06339594721794128,0.3446562886238098,1
10.444,TAKEOFF,-0.06087874621152878,-0.06339594721794128,0.3446562886238098,1
10.448,TAKEOFF,-0.06478045135736465,-0.06680804491043091,0.3498917520046234,1
10.452,TAKEOFF,-0.06478045135736465,-0.06680804491043091,0.3498917520046234,1
10.456,TAKEOFF,-0.06478045135736465,-0.06680804491043091,0.3498917520046234,1
10.464,TAKEOFF,-0.06478045135736465,-0.06680804491043091,0.3498917520046234,1
10.468,TAKEOFF,-0.06736710667610168,-0.06906569749116898,0.353448748588562,1
10.472,TAKEOFF,-0.06736710667610168,-0.06906569749116898,0.353448748588562,1
10.475999999999999,TAKEOFF,-0.06736710667610168,-0.06906569749116898,0.353448748588562,1
10.484,TAKEOFF,-0.06736710667610168,-0.06906569749116898,0.353448748588562,1
10.488,TAKEOFF,-0.07120652496814728,-0.07241816818714142,0.3588855266571045,1
10.492,TAKEOFF,-0.07120652496814728,-0.07241816818714142,0.3588855266571045,1
10.496,TAKEOFF,-0.07120652496814728,-0.07241816818714142,0.3588855266571045,1
10.504,TAKEOFF,-0.07120652496814728,-0.07241816818714142,0.3588855266571045,1
10.508,TAKEOFF,-0.07373542338609695,-0.07462874054908752,0.36258381605148315,1
10.512,TAKEOFF,-0.07373542338609695,-0.07462874054908752,0.36258381605148315,1
10.516,TAKEOFF,-0.07373542338609695,-0.07462874054908752,0.36258381605148315,1
10.524000000000001,TAKEOFF,-0.07749098539352417,-0.07790635526180267,0.36822524666786194,1
10.528,TAKEOFF,-0.07749098539352417,-0.07790635526180267,0.36822524666786194,1
10.532,TAKEOFF,-0.07749098539352417,-0.07790635526180267,0.36822524666786194,1
10.536,TAKEOFF,-0.07749098539352417,-0.07790635526180267,0.36822524666786194,1
10.544,TAKEOFF,-0.07749098539352417,-0.07790635526180267,0.36822524666786194,1
10.548,TAKEOFF,-0.0800090879201889,-0.07998159527778625,0.37190183997154236,1
10.552,TAKEOFF,-0.0800090879201889,-0.07998159527778625,0.37190183997154236,1
10.556000000000001,TAKEOFF,-0.0800090879201889,-0.07998159527778625,0.37190183997154236,1
10.564,TAKEOFF,-0.0800090879201889,-0.07998159527778625,0.37190183997154236,1
10.568,TAKEOFF,-0.08374548703432083,-0.0830581858754158,0.3775011897087097,1
10.572,TAKEOFF,-0.08374548703432083,-0.0830581858754158,0.3775011897087097,1
10.572,TAKEOFF,-0.08374548703432083,-0.0830581858754158,0.3775011897087097,1
10.584,TAKEOFF,-0.08374548703432083,-0.0830581858754158,0.3775011897087097,1
10.588,TAKEOFF,-0.08619969338178635,-0.08508096635341644,0.38129037618637085,1
10.592,TAKEOFF,-0.08619969338178635,-0.08508096635341644,0.38129037618637085,1
10.596,TAKEOFF,-0.08619969338178635,-0.08508096635341644,0.38129037618637085,1
10.604,TAKEOFF,-0.08619969338178635,-0.08508096635341644,0.38129037618637085,1
10.608,TAKEOFF,-0.08983110636472702,-0.08806975185871124,0.3870481848716736,1
10.612,TAKEOFF,-0.08983110636472702,-0.08806975185871124,0.3870481848716736,1
10.616,TAKEOFF,-0.08983110636472702,-0.08806975185871124,0.3870481848716736,1
10.624,TAKEOFF,-0.09221888333559036,-0.09002886712551117,0.39093345403671265,1
10.628,TAKEOFF,-0.09221888333559036,-0.09002886712551117,0.39093345403671265,1
10.632,TAKEOFF,-0.09221888333559036,-0.09002886712551117,0.39093345403671265,1
10.636,TAKEOFF,-0.09221888333559036,-0.09002886712551117,0.39093345403671265,1
10.644,TAKEOFF,-0.09221888333559036,-0.09002886712551117,0.39093345403671265,1
10.648,TAKEOFF,-0.09575286507606506,-0.09291937202215195,0.39682528376579285,1
10.652,TAKEOFF,-0.09575286507606506,-0.09291937202215195,0.39682528376579285,1
10.656,TAKEOFF,-0.09575286507606506,-0.09291937202215195,0.39682528376579285,1
10.664,TAKEOFF,-0.09575286507606506,-0.09291937202215195,0.39682528376579285,1
10.668,TAKEOFF,-0.09807253628969193,-0.09481385350227356,0.4007977247238159,1
10.672,TAKEOFF,-0.09807253628969193,-0.09481385350227356,0.4007977247238159,1
10.676,TAKEOFF,-0.09807253628969193,-0.09481385350227356,0.4007977247238159,1
10.684,TAKEOFF,-0.09807253628969193,-0.09481385350227356,0.4007977247238159,1
10.688,TAKEOFF,-0.10148594528436661,-0.09760238975286484,0.40682223439216614,1
10.692,TAKEOFF,-0.10148594528436661,-0.09760238975286484,0.40682223439216614,1
10.696,TAKEOFF,-0.10148594528436661,-0.09760238975286484,0.40682223439216614,1
10.704,TAKEOFF,-0.10148594528436661,-0.09760238975286484,0.40682223439216614,1
10.708,TAKEOFF,-0.10371226072311401,-0.09942235797643661,0.4108841121196747,1
10.712,TAKEOFF,-0.10371226072311401,-0.09942235797643661,0.4108841121196747,1
10.716,TAKEOFF,-0.10371226072311401,-0.09942235797643661,0.4108841121196747,1
10.724,TAKEOFF,-0.10371226072311401,-0.09942235797643661,0.4108841121196747,1
10.728,TAKEOFF,-0.10698454082012177,-0.10209467262029648,0.41704264283180237,1
10.732,TAKEOFF,-0.10698454082012177,-0.10209467262029648,0.41704264283180237,1
10.732,TAKEOFF,-0.10698454082012177,-0.10209467262029648,0.41704264283180237,1
10.744,TAKEOFF,-0.10698454082012177,-0.10209467262029648,0.41704264283180237,1
10.748,TAKEOFF,-0.10911812633275986,-0.10383082926273346,0.42119100689888,1
10.752,TAKEOFF,-0.10911812633275986,-0.10383082926273346,0.42119100689888,1
10.756,TAKEOFF,-0.10911812633275986,-0.10383082926273346,0.42119100689888,1
10.764,TAKEOFF,-0.10911812633275986,-0.10383082926273346,0.42119100689888,1
10.768,TAKEOFF,-0.11224059015512466,-0.10637116432189941,0.4274715781211853,1
10.772,TAKEOFF,-0.11224059015512466,-0.10637116432189941,0.4274715781211853,1
10.776,TAKEOFF,-0.11224059015512466,-0.10637116432189941,0.4274715781211853,1
10.784,TAKEOFF,-0.11224059015512466,-0.10637116432189941,0.4274715781211853,1
10.788,TAKEOFF,-0.1142694354057312,-0.10802644491195679,0.4316909909248352,1
10.792,TAKEOFF,-0.1142694354057312,-0.10802644491195679,0.4316909909248352,1
10.796,TAKEOFF,-0.1142694354057312,-0.10802644491195679,0.4316909909248352,1
10.804,TAKEOFF,-0.1142694354057312,-0.10802644491195679,0.4316909909248352,1
10.808,TAKEOFF,-0.11723758280277252,-0.11044608056545258,0.4380601942539215,1
10.812,TAKEOFF,-0.11723758280277252,-0.11044608056545258,0.4380601942539215,1
10.816,TAKEOFF,-0.11723758280277252,-0.11044608056545258,0.4380601942539215,1
10.824,TAKEOFF,-0.11723758280277252,-0.11044608056545258,0.4380601942539215,1
10.828,TAKEOFF,-0.11915899813175201,-0.11201013624668121,0.4423345625400543,1
10.832,TAKEOFF,-0.11915899813175201,-0.11201013624668121,0.4423345625400543,1
10.836,TAKEOFF,-0.11915899813175201,-0.11201013624668121,0.4423345625400543,1
10.844,TAKEOFF,-0.11915899813175201,-0.11201013624668121,0.4423345625400543,1
10.848,TAKEOFF,-0.12195143848657608,-0.11428838223218918,0.44878238439559937,1
10.852,TAKEOFF,-0.12195143848657608,-0.11428838223218918,0.44878238439559937,1
10.856,TAKEOFF,-0.12195143848657608,-0.11428838223218918,0.44878238439559937,1
10.864,TAKEOFF,-0.12195143848657608,-0.11428838223218918,0.44878238439559937,1
10.868,TAKEOFF,-0.12375636398792267,-0.11575271189212799,0.4531029462814331,1
10.872,TAKEOFF,-0.12375636398792267,-0.11575271189212799,0.4531029462814331,1
10.876,TAKEOFF,-0.12375636398792267,-0.11575271189212799,0.4531029462814331,1
10.884,TAKEOFF,-0.12637118995189667,-0.11786340177059174,0.45960915088653564,1
10.888,TAKEOFF,-0.12637118995189667,-0.11786340177059174,0.45960915088653564,1
10.892,TAKEOFF,-0.12637118995189667,-0.11786340177059174,0.45960915088653564,1
10.896,TAKEOFF,-0.12637118995189667,-0.11786340177059174,0.45960915088653564,1
10.904,TAKEOFF,-0.12637118995189667,-0.11786340177059174,0.45960915088653564,1
10.908,TAKEOFF,-0.12805478274822235,-0.11922206729650497,0.46396404504776,1
10.912,TAKEOFF,-0.12805478274822235,-0.11922206729650497,0.46396404504776,1
10.916,TAKEOFF,-0.12805478274822235,-0.11922206729650497,0.46396404504776,1
10.924,TAKEOFF,-0.1304924637079239,-0.1211802139878273,0.4705233871936798,1
10.928,TAKEOFF,-0.1304924637079239,-0.1211802139878273,0.4705233871936798,1
10.932,TAKEOFF,-0.1304924637079239,-0.1211802139878273,0.4705233871936798,1
10.936,TAKEOFF,-0.1304924637079239,-0.1211802139878273,0.4705233871936798,1
10.943999999999999,TAKEOFF,-0.1304924637079239,-0.1211802139878273,0.4705233871936798,1
10.948,TAKEOFF,-0.1322556436061859,-0.12254337221384048,0.47474205493927,1
10.952,TAKEOFF,-0.1322556436061859,-0.12254337221384048,0.47474205493927,1
10.956,TAKEOFF,-0.1322556436061859,-0.12254337221384048,0.47474205493927,1
10.964,TAKEOFF,-0.13479416072368622,-0.12450716644525528,0.481101393699646,1
10.968,TAKEOFF,-0.13479416072368622,-0.12450716644525528,0.481101393699646,1
10.972,TAKEOFF,-0.13479416072368622,-0.12450716644525528,0.481101393699646,1
10.975999999999999,TAKEOFF,-0.13479416072368622,-0.12450716644525528,0.481101393699646,1
10.984,TAKEOFF,-0.13479416072368622,-0.12450716644525528,0.481101393699646,1
10.988,TAKEOFF,-0.13641908764839172,-0.12576164305210114,0.4853595197200775,1
10.992,TAKEOFF,-0.13641908764839172,-0.12576164305210114,0.4853595197200775,1
10.996,TAKEOFF,-0.13641908764839172,-0.12576164305210114,0.4853595197200775,1
11.004,TAKEOFF,-0.13875074684619904,-0.1275605410337448,0.4917770326137543,1
11.008,TAKEOFF,-0.13875074684619904,-0.1275605410337448,0.4917770326137543,1
11.012,TAKEOFF,-0.13875074684619904,-0.1275605410337448,0.4917770326137543,1
11.016,TAKEOFF,-0.13875074684619904,-0.1275605410337448,0.4917770326137543,1
11.024,TAKEOFF,-0.13875074684619904,-0.1275605410337448,0.4917770326137543,1
11.028,TAKEOFF,-0.14023487269878387,-0.1287032514810562,0.4960702061653137,1
11.032,TAKEOFF,-0.14023487269878387,-0.1287032514810562,0.4960702061653137,1
11.036,TAKEOFF,-0.14023487269878387,-0.1287032514810562,0.4960702061653137,1
11.044,TAKEOFF,-0.14236794412136078,-0.1303400844335556,0.5025288462638855,1
11.048,TAKEOFF,-0.14236794412136078,-0.1303400844335556,0.5025288462638855,1
11.052,TAKEOFF,-0.14236794412136078,-0.1303400844335556,0.5025288462638855,1
11.052,TAKEOFF,-0.14236794412136078,-0.1303400844335556,0.5025288462638855,1
11.064,TAKEOFF,-0.14236794412136078,-0.1303400844335556,0.5025288462638855,1
11.068,TAKEOFF,-0.14372552931308746,-0.1313745677471161,0.5068460702896118,1
11.072,TAKEOFF,-0.14372552931308746,-0.1313745677471161,0.5068460702896118,1
11.076,TAKEOFF,-0.14372552931308746,-0.1313745677471161,0.5068460702896118,1
11.084,TAKEOFF,-0.14566229283809662,-0.1328434944152832,0.5133469104766846,1
11.084,TAKEOFF,-0.14566229283809662,-0.1328434944152832,0.5133469104766846,1
11.092,TAKEOFF,-0.14566229283809662,-0.1328434944152832,0.5133469104766846,1
11.096,TAKEOFF,-0.14566229283809662,-0.1328434944152832,0.5133469104766846,1
11.104,TAKEOFF,-0.14689050614833832,-0.133762389421463,0.5176923274993896,1
11.108,TAKEOFF,-0.14689050614833832,-0.133762389421463,0.5176923274993896,1
11.112,TAKEOFF,-0.14689050614833832,-0.133762389421463,0.5176923274993896,1
11.116,TAKEOFF,-0.14689050614833832,-0.133762389421463,0.5176923274993896,1
11.124,TAKEOFF,-0.14689050614833832,-0.133762389421463,0.5176923274993896,1
11.128,TAKEOFF,-0.14863653481006622,-0.1350584477186203,0.5242245197296143,1
11.132,TAKEOFF,-0.14863653481006622,-0.1350584477186203,0.5242245197296143,1
11.136,TAKEOFF,-0.14863653481006622,-0.1350584477186203,0.5242245197296143,1
11.144,TAKEOFF,-0.14863653481006622,-0.1350584477186203,0.5242245197296143,1
11.148,TAKEOFF,-0.1497388631105423,-0.1358691304922104,0.5285861492156982,1
11.152,TAKEOFF,-0.1497388631105423,-0.1358691304922104,0.5285861492156982,1
11.156,TAKEOFF,-0.1497388631105423,-0.1358691304922104,0.5285861492156982,1
11.164,TAKEOFF,-0.1497388631105423,-0.1358691304922104,0.5285861492156982,1
11.168,TAKEOFF,-0.15129993855953217,-0.13700014352798462,0.5351394414901733,1
11.172,TAKEOFF,-0.15129993855953217,-0.13700014352798462,0.5351394414901733,1
11.176,TAKEOFF,-0.15129993855953217,-0.13700014352798462,0.5351394414901733,1
11.184,TAKEOFF,-0.1522786170244217,-0.13769879937171936,0.5395126342773438,1
11.188,TAKEOFF,-0.1522786170244217,-0.13769879937171936,0.5395126342773438,1
11.192,TAKEOFF,-0.1522786170244217,-0.13769879937171936,0.5395126342773438,1
11.196,TAKEOFF,-0.1522786170244217,-0.13769879937171936,0.5395126342773438,1
11.204,TAKEOFF,-0.15364940464496613,-0.1386718600988388,0.5460760593414307,1
11.208,TAKEOFF,-0.15364940464496613,-0.1386718600988388,0.5460760593414307,1
11.212,TAKEOFF,-0.15364940464496613,-0.1386718600988388,0.5460760593414307,1
11.212,TAKEOFF,-0.15364940464496613,-0.1386718600988388,0.5460760593414307,1
11.224,TAKEOFF,-0.1545100063085556,-0.13926468789577484,0.5504500269889832,1
11.228,TAKEOFF,-0.1545100063085556,-0.13926468789577484,0.5504500269889832,1
11.232,TAKEOFF,-0.1545100063085556,-0.13926468789577484,0.5504500269889832,1
11.236,TAKEOFF,-0.1545100063085556,-0.13926468789577484,0.5504500269889832,1
11.244,TAKEOFF,-0.15571275353431702,-0.1400766372680664,0.557011067867279,1
11.244,TAKEOFF,-0.15571275353431702,-0.1400766372680664,0.557011067867279,1
11.252,TAKEOFF,-0.15571275353431702,-0.1400766372680664,0.557011067867279,1
11.256,TAKEOFF,-0.15571275353431702,-0.1400766372680664,0.557011067867279,1
11.264,TAKEOFF,-0.15571275353431702,-0.1400766372680664,0.557011067867279,1
11.268,TAKEOFF,-0.15645378828048706,-0.14056511223316193,0.5613860487937927,1
11.272,TAKEOFF,-0.15645378828048706,-0.14056511223316193,0.5613860487937927,1
11.276,TAKEOFF,-0.15645378828048706,-0.14056511223316193,0.5613860487937927,1
11.284,TAKEOFF,-0.15747599303722382,-0.14122374355793,0.5679503679275513,1
11.288,TAKEOFF,-0.15747599303722382,-0.14122374355793,0.5679503679275513,1
11.292,TAKEOFF,-0.15747599303722382,-0.14122374355793,0.5679503679275513,1
11.296,TAKEOFF,-0.15747599303722382,-0.14122374355793,0.5679503679275513,1
11.304,TAKEOFF,-0.15747599303722382,-0.14122374355793,0.5679503679275513,1
11.308,TAKEOFF,-0.15808643400669098,-0.1416158676147461,0.5723221302032471,1
11.308,TAKEOFF,-0.15808643400669098,-0.1416158676147461,0.5723221302032471,1
11.316,TAKEOFF,-0.15808643400669098,-0.1416158676147461,0.5723221302032471,1
11.324,TAKEOFF,-0.15808643400669098,-0.1416158676147461,0.5723221302032471,1
11.328,TAKEOFF,-0.15889772772789001,-0.14213500916957855,0.5788679122924805,1
11.332,TAKEOFF,-0.15889772772789001,-0.14213500916957855,0.5788679122924805,1
11.336,TAKEOFF,-0.15889772772789001,-0.14213500916957855,0.5788679122924805,1
11.344,TAKEOFF,-0.15889772772789001,-0.14213500916957855,0.5788679122924805,1
11.348,TAKEOFF,-0.15963728725910187,-0.14247389137744904,0.5831087827682495,1
11.352,TAKEOFF,-0.15963728725910187,-0.14247389137744904,0.5831087827682495,1
11.356,TAKEOFF,-0.15963728725910187,-0.14247389137744904,0.5831087827682495,1
11.364,TAKEOFF,-0.15963728725910187,-0.14247389137744904,0.5831087827682495,1
11.368,TAKEOFF,-0.1606462001800537,-0.14290741086006165,0.5894762873649597,1
11.372,TAKEOFF,-0.1606462001800537,-0.14290741086006165,0.5894762873649597,1
11.376,TAKEOFF,-0.1606462001800537,-0.14290741086006165,0.5894762873649597,1
11.384,TAKEOFF,-0.16125920414924622,-0.14314603805541992,0.5937187075614929,1
11.388,TAKEOFF,-0.16125920414924622,-0.14314603805541992,0.5937187075614929,1
11.392,TAKEOFF,-0.16125920414924622,-0.14314603805541992,0.5937187075614929,1
11.396,TAKEOFF,-0.16125920414924622,-0.14314603805541992,0.5937187075614929,1
11.404,TAKEOFF,-0.16208133101463318,-0.1434301733970642,0.6000723242759705,1
11.408,TAKEOFF,-0.16208133101463318,-0.1434301733970642,0.6000723242759705,1
11.412,TAKEOFF,-0.16208133101463318,-0.1434301733970642,0.6000723242759705,1
11.416,TAKEOFF,-0.16208133101463318,-0.1434301733970642,0.6000723242759705,1
11.424,TAKEOFF,-0.1625603437423706,-0.1435723900794983,0.6043076515197754,1
11.428,TAKEOFF,-0.1625603437423706,-0.1435723900794983,0.6043076515197754,1
11.432,TAKEOFF,-0.1625603437423706,-0.1435723900794983,0.6043076515197754,1
11.436,TAKEOFF,-0.1625603437423706,-0.1435723900794983,0.6043076515197754,1
11.444,TAKEOFF,-0.1625603437423706,-0.1435723900794983,0.6043076515197754,1
11.448,TAKEOFF,-0.16318225860595703,-0.14371174573898315,0.610654354095459,1
11.452,TAKEOFF,-0.16318225860595703,-0.14371174573898315,0.610654354095459,1
11.456,TAKEOFF,-0.16318225860595703,-0.14371174573898315,0.610654354095459,1
11.464,TAKEOFF,-0.16353394091129303,-0.14375770092010498,0.6148755550384521,1
11.468,TAKEOFF,-0.16353394091129303,-0.14375770092010498,0.6148755550384521,1
11.472,TAKEOFF,-0.16353394091129303,-0.14375770092010498,0.6148755550384521,1
11.475999999999999,TAKEOFF,-0.16353394091129303,-0.14375770092010498,0.6148755550384521,1
11.484,TAKEOFF,-0.16353394091129303,-0.14375770092010498,0.6148755550384521,1
11.488,TAKEOFF,-0.1639690101146698,-0.14375926554203033,0.621197521686554,1
11.492,TAKEOFF,-0.1639690101146698,-0.14375926554203033,0.621197521686554,1
11.496,TAKEOFF,-0.1639690101146698,-0.14375926554203033,0.621197521686554,1
11.504,TAKEOFF,-0.16419970989227295,-0.14371493458747864,0.6254032254219055,1
11.508,TAKEOFF,-0.16419970989227295,-0.14371493458747864,0.6254032254219055,1
11.512,TAKEOFF,-0.16419970989227295,-0.14371493458747864,0.6254032254219055,1
11.516,TAKEOFF,-0.16419970989227295,-0.14371493458747864,0.6254032254219055,1
11.524000000000001,TAKEOFF,-0.16419970989227295,-0.14371493458747864,0.6254032254219055,1
11.528,TAKEOFF,-0.16446223855018616,-0.14357437193393707,0.6317021250724792,1
11.532,TAKEOFF,-0.16446223855018616,-0.14357437193393707,0.6317021250724792,1
11.532,TAKEOFF,-0.16446223855018616,-0.14357437193393707,0.6317021250724792,1
11.544,TAKEOFF,-0.16446223855018616,-0.14357437193393707,0.6317021250724792,1
11.548,TAKEOFF,-0.1645871251821518,-0.14343644678592682,0.6358871459960938,1
11.552,TAKEOFF,-0.1645871251821518,-0.14343644678592682,0.6358871459960938,1
11.556000000000001,TAKEOFF,-0.1645871251821518,-0.14343644678592682,0.6358871459960938,1
11.564,TAKEOFF,-0.1645871251821518,-0.14343644678592682,0.6358871459960938,1
11.568,TAKEOFF,-0.16468289494514465,-0.14316584169864655,0.6421398520469666,1
11.572,TAKEOFF,-0.16468289494514465,-0.14316584169864655,0.6421398520469666,1
11.576,TAKEOFF,-0.16468289494514465,-0.14316584169864655,0.6421398520469666,1
11.584,TAKEOFF,-0.16468289494514465,-0.14316584169864655,0.6421398520469666,1
11.588,TAKEOFF,-0.1646844893693924,-0.14295050501823425,0.646291971206665,1
11.592,TAKEOFF,-0.1646844893693924,-0.14295050501823425,0.646291971206665,1
11.596,TAKEOFF,-0.1646844893693924,-0.14295050501823425,0.646291971206665,1
11.604,TAKEOFF,-0.1646844893693924,-0.14295050501823425,0.646291971206665,1
11.608,TAKEOFF,-0.1646844893693924,-0.14295050501823425,0.646291971206665,1
11.612,TAKEOFF,-0.164603590965271,-0.1425723433494568,0.6524948477745056,1
11.616,TAKEOFF,-0.164603590965271,-0.1425723433494568,0.6524948477745056,1
11.624,TAKEOFF,-0.164603590965271,-0.1425723433494568,0.6524948477745056,1
11.628,TAKEOFF,-0.1644991934299469,-0.1422763615846634,0.6566149592399597,1
11.632,TAKEOFF,-0.1644991934299469,-0.1422763615846634,0.6566149592399597,1
11.636,TAKEOFF,-0.1644991934299469,-0.1422763615846634,0.6566149592399597,1
11.644,TAKEOFF,-0.1644991934299469,-0.1422763615846634,0.6566149592399597,1
11.648,TAKEOFF,-0.1642654687166214,-0.1417754590511322,0.6627700924873352,1
11.652,TAKEOFF,-0.1642654687166214,-0.1417754590511322,0.6627700924873352,1
11.656,TAKEOFF,-0.1642654687166214,-0.1417754590511322,0.6627700924873352,1
11.664,TAKEOFF,-0.1640590876340866,-0.1414080262184143,0.6668605208396912,1
11.668,TAKEOFF,-0.1640590876340866,-0.1414080262184143,0.6668605208396912,1
11.672,TAKEOFF,-0.1640590876340866,-0.1414080262184143,0.6668605208396912,1
11.676,TAKEOFF,-0.1640590876340866,-0.1414080262184143,0.6668605208396912,1
11.684,TAKEOFF,-0.16367165744304657,-0.1408088058233261,0.6729691028594971,1
11.688,TAKEOFF,-0.16367165744304657,-0.1408088058233261,0.6729691028594971,1
11.692,TAKEOFF,-0.16367165744304657,-0.1408088058233261,0.6729691028594971,1
11.696,TAKEOFF,-0.16367165744304657,-0.1408088058233261,0.6729691028594971,1
11.704,TAKEOFF,-0.16336306929588318,-0.14037281274795532,0.6770204901695251,1
11.708,TAKEOFF,-0.16336306929588318,-0.14037281274795532,0.6770204901695251,1
11.712,TAKEOFF,-0.16336306929588318,-0.14037281274795532,0.6770204901695251,1
11.716,TAKEOFF,-0.16336306929588318,-0.14037281274795532,0.6770204901695251,1
11.724,TAKEOFF,-0.16283580660820007,-0.139663428068161,0.6830742955207825,1
11.728,TAKEOFF,-0.16283580660820007,-0.139663428068161,0.6830742955207825,1
11.732,TAKEOFF,-0.16283580660820007,-0.139663428068161,0.6830742955207825,1
11.736,TAKEOFF,-0.16283580660820007,-0.139663428068161,0.6830742955207825,1
11.744,TAKEOFF,-0.16276799142360687,-0.13931651413440704,0.6869990825653076,1
11.748,TAKEOFF,-0.16276799142360687,-0.13931651413440704,0.6869990825653076,1
11.752,TAKEOFF,-0.16276799142360687,-0.13931651413440704,0.6869990825653076,1
11.756,TAKEOFF,-0.16276799142360687,-0.13931651413440704,0.6869990825653076,1
11.764,TAKEOFF,-0.16257943212985992,-0.1387346088886261,0.6928666234016418,1
11.768,TAKEOFF,-0.16257943212985992,-0.1387346088886261,0.6928666234016418,1
11.772,TAKEOFF,-0.16257943212985992,-0.1387346088886261,0.6928666234016418,1
11.776,TAKEOFF,-0.16257943212985992,-0.1387346088886261,0.6928666234016418,1
11.784,TAKEOFF,-0.16239918768405914,-0.1383061558008194,0.6967701315879822,1
11.788,TAKEOFF,-0.16239918768405914,-0.1383061558008194,0.6967701315879822,1
11.792,TAKEOFF,-0.16239918768405914,-0.1383061558008194,0.6967701315879822,1
11.796,TAKEOFF,-0.16239918768405914,-0.1383061558008194,0.6967701315879822,1
11.804,TAKEOFF,-0.1620519459247589,-0.13761518895626068,0.7026128172874451,1
11.808,TAKEOFF,-0.1620519459247589,-0.13761518895626068,0.7026128172874451,1
11.812,TAKEOFF,-0.1620519459247589,-0.13761518895626068,0.7026128172874451,1
11.816,TAKEOFF,-0.1620519459247589,-0.13761518895626068,0.7026128172874451,1
11.824,TAKEOFF,-0.16176986694335938,-0.13712328672409058,0.7064936757087708,1
11.828,TAKEOFF,-0.16176986694335938,-0.13712328672409058,0.7064936757087708,1
11.832,TAKEOFF,-0.16176986694335938,-0.13712328672409058,0.7064936757087708,1
11.836,TAKEOFF,-0.16176986694335938,-0.13712328672409058,0.7064936757087708,1
11.844,TAKEOFF,-0.1612665355205536,-0.13633884489536285,0.7122942209243774,1
11.848,TAKEOFF,-0.1612665355205536,-0.13633884489536285,0.7122942209243774,1
11.852,TAKEOFF,-0.1612665355205536,-0.13633884489536285,0.7122942209243774,1
11.856,TAKEOFF,-0.1612665355205536,-0.13633884489536285,0.7122942209243774,1
11.864,TAKEOFF,-0.1608852595090866,-0.1357850730419159,0.7161502242088318,1
11.868,TAKEOFF,-0.1608852595090866,-0.1357850730419159,0.7161502242088318,1
11.872,TAKEOFF,-0.1608852595090866,-0.1357850730419159,0.7161502242088318,1
11.876,TAKEOFF,-0.1608852595090866,-0.1357850730419159,0.7161502242088318,1
11.884,TAKEOFF,-0.1608852595090866,-0.1357850730419159,0.7161502242088318,1
11.888,TAKEOFF,-0.16025270521640778,-0.13491453230381012,0.7219110131263733,1
11.892,TAKEOFF,-0.16025270521640778,-0.13491453230381012,0.7219110131263733,1
11.896,TAKEOFF,-0.16025270521640778,-0.13491453230381012,0.7219110131263733,1
11.904,TAKEOFF,-0.15978790819644928,-0.13430432975292206,0.725734293460846,1
11.908,TAKEOFF,-0.15978790819644928,-0.13430432975292206,0.725734293460846,1
11.912,TAKEOFF,-0.15978790819644928,-0.13430432975292206,0.725734293460846,1
11.916,TAKEOFF,-0.15978790819644928,-0.13430432975292206,0.725734293460846,1
11.924,TAKEOFF,-0.15978790819644928,-0.13430432975292206,0.725734293460846,1
11.928,TAKEOFF,-0.15902848541736603,-0.13334207236766815,0.7314493656158447,1
11.932,TAKEOFF,-0.15902848541736603,-0.13334207236766815,0.7314493656158447,1
11.936,TAKEOFF,-0.15902848541736603,-0.13334207236766815,0.7314493656158447,1
11.943999999999999,TAKEOFF,-0.15848301351070404,-0.13267435133457184,0.7352449893951416,1
11.948,TAKEOFF,-0.15848301351070404,-0.13267435133457184,0.7352449893951416,1
11.952,TAKEOFF,-0.15848301351070404,-0.13267435133457184,0.7352449893951416,1
11.956,TAKEOFF,-0.15848301351070404,-0.13267435133457184,0.7352449893951416,1
11.964,TAKEOFF,-0.15760061144828796,-0.13163834810256958,0.7409169673919678,1
11.968,TAKEOFF,-0.15760061144828796,-0.13163834810256958,0.7409169673919678,1
11.972,TAKEOFF,-0.15760061144828796,-0.13163834810256958,0.7409169673919678,1
11.975999999999999,TAKEOFF,-0.15760061144828796,-0.13163834810256958,0.7409169673919678,1
11.984,TAKEOFF,-0.15760061144828796,-0.13163834810256958,0.7409169673919678,1
11.988,TAKEOFF,-0.1569714993238449,-0.1309240758419037,0.7446813583374023,1
11.992,TAKEOFF,-0.1569714993238449,-0.1309240758419037,0.7446813583374023,1
11.996,TAKEOFF,-0.1569714993238449,-0.1309240758419037,0.7446813583374023,1
12.004,TAKEOFF,-0.1569714993238449,-0.1309240758419037,0.7446813583374023,1
12.008,TAKEOFF,-0.15596745908260345,-0.12981799244880676,0.7503002882003784,1
12.012,TAKEOFF,-0.15596745908260345,-0.12981799244880676,0.7503002882003784,1
12.016,TAKEOFF,-0.15596745908260345,-0.12981799244880676,0.7503002882003784,1
12.024,TAKEOFF,-0.15526419878005981,-0.12905588746070862,0.7540265917778015,1
12.028,TAKEOFF,-0.15526419878005981,-0.12905588746070862,0.7540265917778015,1
12.032,TAKEOFF,-0.15526419878005981,-0.12905588746070862,0.7540265917778015,1
12.036,TAKEOFF,-0.15526419878005981,-0.12905588746070862,0.7540265917778015,1
12.044,TAKEOFF,-0.15526419878005981,-0.12905588746070862,0.7540265917778015,1
12.048,TAKEOFF,-0.15416501462459564,-0.12787914276123047,0.759589672088623,1
12.052,TAKEOFF,-0.15416501462459564,-0.12787914276123047,0.759589672088623,1
12.056,TAKEOFF,-0.15416501462459564,-0.12787914276123047,0.759589672088623,1
12.064,TAKEOFF,-0.15340010821819305,-0.12708331644535065,0.7632833123207092,1
12.068,TAKEOFF,-0.15340010821819305,-0.12708331644535065,0.7632833123207092,1
12.072,TAKEOFF,-0.15340010821819305,-0.12708331644535065,0.7632833123207092,1
12.076,TAKEOFF,-0.15340010821819305,-0.12708331644535065,0.7632833123207092,1
12.084,TAKEOFF,-0.15220510959625244,-0.12587225437164307,0.7688045501708984,1
12.088,TAKEOFF,-0.15220510959625244,-0.12587225437164307,0.7688045501708984,1
12.092,TAKEOFF,-0.15220510959625244,-0.12587225437164307,0.7688045501708984,1
12.096,TAKEOFF,-0.15220510959625244,-0.12587225437164307,0.7688045501708984,1
12.104,TAKEOFF,-0.15220510959625244,-0.12587225437164307,0.7688045501708984,1
12.108,TAKEOFF,-0.15137702226638794,-0.12505191564559937,0.7724676728248596,1
12.112,TAKEOFF,-0.15137702226638794,-0.12505191564559937,0.7724676728248596,1
12.116,TAKEOFF,-0.15137702226638794,-0.12505191564559937,0.7724676728248596,1
12.124,TAKEOFF,-0.15137702226638794,-0.12505191564559937,0.7724676728248596,1
12.128,TAKEOFF,-0.15008419752120972,-0.12379493564367294,0.7779281735420227,1
12.132,TAKEOFF,-0.15008419752120972,-0.12379493564367294,0.7779281735420227,1
12.136,TAKEOFF,-0.15008419752120972,-0.12379493564367294,0.7779281735420227,1
12.144,TAKEOFF,-0.15008419752120972,-0.12379493564367294,0.7779281735420227,1
12.148,TAKEOFF,-0.14944298565387726,-0.12302778661251068,0.7814307808876038,1
12.152,TAKEOFF,-0.14944298565387726,-0.12302778661251068,0.7814307808876038,1
12.156,TAKEOFF,-0.14944298565387726,-0.12302778661251068,0.7814307808876038,1
12.164,TAKEOFF,-0.14842544496059418,-0.12183873355388641,0.786652684211731,1
12.168,TAKEOFF,-0.14842544496059418,-0.12183873355388641,0.786652684211731,1
12.172,TAKEOFF,-0.14842544496059418,-0.12183873355388641,0.786652684211731,1
12.176,TAKEOFF,-0.14842544496059418,-0.12183873355388641,0.786652684211731,1
12.184,TAKEOFF,-0.14842544496059418,-0.12183873355388641,0.786652684211731,1
12.188,TAKEOFF,-0.14770692586898804,-0.12102731317281723,0.7901131510734558,1
12.192,TAKEOFF,-0.14770692586898804,-0.12102731317281723,0.7901131510734558,1
12.196,TAKEOFF,-0.14770692586898804,-0.12102731317281723,0.7901131510734558,1
12.204,TAKEOFF,-0.14770692586898804,-0.12102731317281723,0.7901131510734558,1
12.208,TAKEOFF,-0.1465611308813095,-0.11978187412023544,0.7952749133110046,1
12.212,TAKEOFF,-0.1465611308813095,-0.11978187412023544,0.7952749133110046,1
12.216,TAKEOFF,-0.1465611308813095,-0.11978187412023544,0.7952749133110046,1
12.224,TAKEOFF,-0.1457543969154358,-0.1189357340335846,0.798694908618927,1
12.228,TAKEOFF,-0.1457543969154358,-0.1189357340335846,0.798694908618927,1
12.232,TAKEOFF,-0.1457543969154358,-0.1189357340335846,0.798694908618927,1
12.236,TAKEOFF,-0.1457543969154358,-0.1189357340335846,0.798694908618927,1
12.244,TAKEOFF,-0.1457543969154358,-0.1189357340335846,0.798694908618927,1
12.248,TAKEOFF,-0.14449377357959747,-0.1176401898264885,0.8038026094436646,1
12.252,TAKEOFF,-0.14449377357959747,-0.1176401898264885,0.8038026094436646,1
12.256,TAKEOFF,-0.14449377357959747,-0.1176401898264885,0.8038026094436646,1
12.264,TAKEOFF,-0.14362332224845886,-0.1167585700750351,0.8071972727775574,1
12.268,TAKEOFF,-0.14362332224845886,-0.1167585700750351,0.8071972727775574,1
12.272,TAKEOFF,-0.14362332224845886,-0.1167585700750351,0.8071972727775574,1
12.276,TAKEOFF,-0.14362332224845886,-0.1167585700750351,0.8071972727775574,1
12.284,TAKEOFF,-0.1422720104455948,-0.11540455371141434,0.8122639656066895,1
12.288,TAKEOFF,-0.1422720104455948,-0.11540455371141434,0.8122639656066895,1
12.292,TAKEOFF,-0.1422720104455948,-0.11540455371141434,0.8122639656066895,1
12.296,TAKEOFF,-0.1422720104455948,-0.11540455371141434,0.8122639656066895,1
12.304,TAKEOFF,-0.14134572446346283,-0.11448412388563156,0.8156198859214783,1
12.308,TAKEOFF,-0.14134572446346283,-0.11448412388563156,0.8156198859214783,1
12.312,TAKEOFF,-0.14134572446346283,-0.11448412388563156,0.8156198859214783,1
12.316,TAKEOFF,-0.14134572446346283,-0.11448412388563156,0.8156198859214783,1
12.324,TAKEOFF,-0.13991130888462067,-0.11307556927204132,0.8206259608268738,1
12.328,TAKEOFF,-0.13991130888462067,-0.11307556927204132,0.8206259608268738,1
12.332,TAKEOFF,-0.13991130888462067,-0.11307556927204132,0.8206259608268738,1
12.336,TAKEOFF,-0.13991130888462067,-0.11307556927204132,0.8206259608268738,1
12.344,TAKEOFF,-0.1389285773038864,-0.1121210977435112,0.8239457607269287,1
12.348,TAKEOFF,-0.1389285773038864,-0.1121210977435112,0.8239457607269287,1
12.352,TAKEOFF,-0.1389285773038864,-0.1121210977435112,0.8239457607269287,1
12.356,TAKEOFF,-0.1389285773038864,-0.1121210977435112,0.8239457607269287,1
12.364,TAKEOFF,-0.1374136060476303,-0.11066657304763794,0.8288906216621399,1
12.368,TAKEOFF,-0.1374136060476303,-0.11066657304763794,0.8288906216621399,1
12.372,TAKEOFF,-0.1374136060476303,-0.11066657304763794,0.8288906216621399,1
12.376,TAKEOFF,-0.1374136060476303,-0.11066657304763794,0.8288906216621399,1
12.384,TAKEOFF,-0.1363803744316101,-0.10968390852212906,0.8321662545204163,1
12.388,TAKEOFF,-0.1363803744316101,-0.10968390852212906,0.8321662545204163,1
12.392,TAKEOFF,-0.1363803744316101,-0.10968390852212906,0.8321662545204163,1
12.396,TAKEOFF,-0.1363803744316101,-0.10968390852212906,0.8321662545204163,1
12.404,TAKEOFF,-0.1347983181476593,-0.10818979144096375,0.8370449542999268,1
12.408,TAKEOFF,-0.1347983181476593,-0.10818979144096375,0.8370449542999268,1
12.412,TAKEOFF,-0.1347983181476593,-0.10818979144096375,0.8370449542999268,1
12.416,TAKEOFF,-0.1347983181476593,-0.10818979144096375,0.8370449542999268,1
12.424,TAKEOFF,-0.13372337818145752,-0.10718592256307602,0.8402754664421082,1
12.428,TAKEOFF,-0.13372337818145752,-0.10718592256307602,0.8402754664421082,1
12.432,TAKEOFF,-0.13372337818145752,-0.10718592256307602,0.8402754664421082,1
12.436,TAKEOFF,-0.13372337818145752,-0.10718592256307602,0.8402754664421082,1
12.444,TAKEOFF,-0.13208116590976715,-0.10566744208335876,0.8450894355773926,1
12.448,TAKEOFF,-0.13208116590976715,-0.10566744208335876,0.8450894355773926,1
12.452,TAKEOFF,-0.13208116590976715,-0.10566744208335876,0.8450894355773926,1
12.456,TAKEOFF,-0.13208116590976715,-0.10566744208335876,0.8450894355773926,1
12.464,TAKEOFF,-0.13096880912780762,-0.10464805364608765,0.8482816815376282,1
12.468,TAKEOFF,-0.13096880912780762,-0.10464805364608765,0.8482816815376282,1
12.472,TAKEOFF,-0.13096880912780762,-0.10464805364608765,0.8482816815376282,1
12.475999999999999,TAKEOFF,-0.13096880912780762,-0.10464805364608765,0.8482816815376282,1
12.484,TAKEOFF,-0.12927459180355072,-0.10310499370098114,0.8530398607254028,1
12.488,TAKEOFF,-0.12927459180355072,-0.10310499370098114,0.8530398607254028,1
12.492,TAKEOFF,-0.12927459180355072,-0.10310499370098114,0.8530398607254028,1
12.496,TAKEOFF,-0.12927459180355072,-0.10310499370098114,0.8530398607254028,1
12.504,TAKEOFF,-0.12812454998493195,-0.10206381231546402,0.8561874628067017,1
12.508,TAKEOFF,-0.12812454998493195,-0.10206381231546402,0.8561874628067017,1
12.512,TAKEOFF,-0.12812454998493195,-0.10206381231546402,0.8561874628067017,1
12.516,TAKEOFF,-0.12812454998493195,-0.10206381231546402,0.8561874628067017,1
12.524000000000001,TAKEOFF,-0.12637850642204285,-0.10049016028642654,0.8608735799789429,1
12.528,TAKEOFF,-0.12637850642204285,-0.10049016028642654,0.8608735799789429,1
12.532,TAKEOFF,-0.12637850642204285,-0.10049016028642654,0.8608735799789429,1
12.536,TAKEOFF,-0.12637850642204285,-0.10049016028642654,0.8608735799789429,1
12.544,TAKEOFF,-0.12637850642204285,-0.10049016028642654,0.8608735799789429,1
12.548,TAKEOFF,-0.12547770142555237,-0.09943348914384842,0.8638641238212585,1
12.552,TAKEOFF,-0.12547770142555237,-0.09943348914384842,0.8638641238212585,1
12.556000000000001,TAKEOFF,-0.12547770142555237,-0.09943348914384842,0.8638641238212585,1
12.564,TAKEOFF,-0.12408240139484406,-0.09784339368343353,0.8683310151100159,1
12.568,TAKEOFF,-0.12408240139484406,-0.09784339368343353,0.8683310151100159,1
12.572,TAKEOFF,-0.12408240139484406,-0.09784339368343353,0.8683310151100159,1
12.576,TAKEOFF,-0.12408240139484406,-0.09784339368343353,0.8683310151100159,1
12.584,TAKEOFF,-0.12408240139484406,-0.09784339368343353,0.8683310151100159,1
12.588,TAKEOFF,-0.12312622368335724,-0.09678300470113754,0.8712974786758423,1
12.592,TAKEOFF,-0.12312622368335724,-0.09678300470113754,0.8712974786758423,1
12.596,TAKEOFF,-0.12312622368335724,-0.09678300470113754,0.8712974786758423,1
12.604,TAKEOFF,-0.12165302038192749,-0.09519599378108978,0.8757145404815674,1
12.608,TAKEOFF,-0.12165302038192749,-0.09519599378108978,0.8757145404815674,1
12.612,TAKEOFF,-0.12165302038192749,-0.09519599378108978,0.8757145404815674,1
12.616,TAKEOFF,-0.12165302038192749,-0.09519599378108978,0.8757145404815674,1
12.624,TAKEOFF,-0.12065109610557556,-0.09413859248161316,0.8786365985870361,1
12.628,TAKEOFF,-0.12065109610557556,-0.09413859248161316,0.8786365985870361,1
12.632,TAKEOFF,-0.12065109610557556,-0.09413859248161316,0.8786365985870361,1
12.636,TAKEOFF,-0.12065109610557556,-0.09413859248161316,0.8786365985870361,1
12.644,TAKEOFF,-0.11910810321569443,-0.09256274998188019,0.882992148399353,1
12.648,TAKEOFF,-0.11910810321569443,-0.09256274998188019,0.882992148399353,1
12.652,TAKEOFF,-0.11910810321569443,-0.09256274998188019,0.882992148399353,1
12.656,TAKEOFF,-0.11910810321569443,-0.09256274998188019,0.882992148399353,1
12.664,TAKEOFF,-0.1180577501654625,-0.09152043610811234,0.885881245136261,1
12.668,TAKEOFF,-0.1180577501654625,-0.09152043610811234,0.885881245136261,1
12.672,TAKEOFF,-0.1180577501654625,-0.09152043610811234,0.885881245136261,1
12.676,TAKEOFF,-0.1180577501654625,-0.09152043610811234,0.885881245136261,1
12.684,TAKEOFF,-0.11645789444446564,-0.08996354788541794,0.8901911377906799,1
12.688,TAKEOFF,-0.11645789444446564,-0.08996354788541794,0.8901911377906799,1
12.692,TAKEOFF,-0.11645789444446564,-0.08996354788541794,0.8901911377906799,1
12.696,TAKEOFF,-0.11645789444446564,-0.08996354788541794,0.8901911377906799,1
12.704,TAKEOFF,-0.11645789444446564,-0.08996354788541794,0.8901911377906799,1
12.708,TAKEOFF,-0.11537545174360275,-0.0889294445514679,0.8930492401123047,1
12.712,TAKEOFF,-0.11537545174360275,-0.0889294445514679,0.8930492401123047,1
12.716,TAKEOFF,-0.11537545174360275,-0.0889294445514679,0.8930492401123047,1
12.724,TAKEOFF,-0.11537545174360275,-0.0889294445514679,0.8930492401123047,1
12.728,TAKEOFF,-0.11372385919094086,-0.08737868815660477,0.8973101377487183,1
12.732,TAKEOFF,-0.11372385919094086,-0.08737868815660477,0.8973101377487183,1
12.736,TAKEOFF,-0.11372385919094086,-0.08737868815660477,0.8973101377487183,1
12.744,TAKEOFF,-0.11372385919094086,-0.08737868815660477,0.8973101377487183,1
12.748,TAKEOFF,-0.112614206969738,-0.08634953200817108,0.9001320600509644,1
12.752,TAKEOFF,-0.112614206969738,-0.08634953200817108,0.9001320600509644,1
12.756,TAKEOFF,-0.112614206969738,-0.08634953200817108,0.9001320600509644,1
12.764,TAKEOFF,-0.11093269288539886,-0.08481881767511368,0.9043335914611816,1
12.768,TAKEOFF,-0.11093269288539886,-0.08481881767511368,0.9043335914611816,1
12.772,TAKEOFF,-0.11093269288539886,-0.08481881767511368,0.9043335914611816,1
12.776,TAKEOFF,-0.11093269288539886,-0.08481881767511368,0.9043335914611816,1
12.784,TAKEOFF,-0.11093269288539886,-0.08481881767511368,0.9043335914611816,1
12.788,TAKEOFF,-0.1097974106669426,-0.08380693197250366,0.9071223735809326,1
12.792,TAKEOFF,-0.1097974106669426,-0.08380693197250366,0.9071223735809326,1
12.796,TAKEOFF,-0.1097974106669426,-0.08380693197250366,0.9071223735809326,1
12.804,TAKEOFF,-0.1097974106669426,-0.08380693197250366,0.9071223735809326,1
12.808,TAKEOFF,-0.1080676019191742,-0.08229709416627884,0.9112775921821594,1
12.812,TAKEOFF,-0.1080676019191742,-0.08229709416627884,0.9112775921821594,1
12.816,TAKEOFF,-0.1080676019191742,-0.08229709416627884,0.9112775921821594,1
12.824,TAKEOFF,-0.1068994402885437,-0.08129569888114929,0.9140248894691467,1
12.828,TAKEOFF,-0.1068994402885437,-0.08129569888114929,0.9140248894691467,1
12.832,TAKEOFF,-0.1068994402885437,-0.08129569888114929,0.9140248894691467,1
12.836,TAKEOFF,-0.1068994402885437,-0.08129569888114929,0.9140248894691467,1
12.844,TAKEOFF,-0.10513433814048767,-0.07979606837034225,0.9181115627288818,1
12.848,TAKEOFF,-0.10513433814048767,-0.07979606837034225,0.9181115627288818,1
12.852,TAKEOFF,-0.10513433814048767,-0.07979606837034225,0.9181115627288818,1
12.856,TAKEOFF,-0.10513433814048767,-0.07979606837034225,0.9181115627288818,1
12.864,TAKEOFF,-0.10395178943872452,-0.07880342751741409,0.9208194613456726,1
12.868,TAKEOFF,-0.10395178943872452,-0.07880342751741409,0.9208194613456726,1
12.872,TAKEOFF,-0.10395178943872452,-0.07880342751741409,0.9208194613456726,1
12.876,TAKEOFF,-0.10395178943872452,-0.07880342751741409,0.9208194613456726,1
12.884,TAKEOFF,-0.10395178943872452,-0.07880342751741409,0.9208194613456726,1
12.888,TAKEOFF,-0.10217439383268356,-0.07733261585235596,0.9248579144477844,1
12.892,TAKEOFF,-0.10217439383268356,-0.07733261585235596,0.9248579144477844,1
12.896,TAKEOFF,-0.10217439383268356,-0.07733261585235596,0.9248579144477844,1
12.904,TAKEOFF,-0.10217439383268356,-0.07733261585235596,0.9248579144477844,1
12.908,TAKEOFF,-0.10098719596862793,-0.07636050879955292,0.9275267124176025,1
12.912,TAKEOFF,-0.10098719596862793,-0.07636050879955292,0.9275267124176025,1
12.916,TAKEOFF,-0.10098719596862793,-0.07636050879955292,0.9275267124176025,1
12.924,TAKEOFF,-0.10098719596862793,-0.07636050879955292,0.9275267124176025,1
12.928,TAKEOFF,-0.09920524060726166,-0.07491856813430786,0.9315060377120972,1
12.932,TAKEOFF,-0.09920524060726166,-0.07491856813430786,0.9315060377120972,1
12.936,TAKEOFF,-0.09920524060726166,-0.07491856813430786,0.9315060377120972,1
12.943999999999999,TAKEOFF,-0.09920524060726166,-0.07491856813430786,0.9315060377120972,1
12.948,TAKEOFF,-0.09823543578386307,-0.07402382045984268,0.9340734481811523,1
12.952,TAKEOFF,-0.09823543578386307,-0.07402382045984268,0.9340734481811523,1
12.956,TAKEOFF,-0.09823543578386307,-0.07402382045984268,0.9340734481811523,1
12.964,TAKEOFF,-0.09823543578386307,-0.07402382045984268,0.9340734481811523,1
12.968,TAKEOFF,-0.09675725549459457,-0.07267946749925613,0.9378995895385742,1
12.972,TAKEOFF,-0.09675725549459457,-0.07267946749925613,0.9378995895385742,1
12.975999999999999,TAKEOFF,-0.09675725549459457,-0.07267946749925613,0.9378995895385742,1
12.984,TAKEOFF,-0.09675725549459457,-0.07267946749925613,0.9378995895385742,1
12.988,TAKEOFF,-0.09575571119785309,-0.07178198546171188,0.9404352903366089,1
12.992,TAKEOFF,-0.09575571119785309,-0.07178198546171188,0.9404352903366089,1
12.996,TAKEOFF,-0.09575571119785309,-0.07178198546171188,0.9404352903366089,1
13.004,TAKEOFF,-0.09575571119785309,-0.07178198546171188,0.9404352903366089,1
13.008,TAKEOFF,-0.09423747658729553,-0.07043106108903885,0.9442157745361328,1
13.012,TAKEOFF,-0.09423747658729553,-0.07043106108903885,0.9442157745361328,1
13.016,TAKEOFF,-0.09423747658729553,-0.07043106108903885,0.9442157745361328,1
13.024,TAKEOFF,-0.09423747658729553,-0.07043106108903885,0.9442157745361328,1
13.028,TAKEOFF,-0.09321490675210953,-0.06953489780426025,0.9467194676399231,1
13.032,TAKEOFF,-0.09321490675210953,-0.06953489780426025,0.9467194676399231,1
13.036,TAKEOFF,-0.09321490675210953,-0.06953489780426025,0.9467194676399231,1
13.044,TAKEOFF,-0.09321490675210953,-0.06953489780426025,0.9467194676399231,1
13.048,TAKEOFF,-0.0916714072227478,-0.0681949332356453,0.9504569172859192,1
13.052,TAKEOFF,-0.0916714072227478,-0.0681949332356453,0.9504569172859192,1
13.056,TAKEOFF,-0.0916714072227478,-0.0681949332356453,0.9504569172859192,1
13.064,TAKEOFF,-0.0916714072227478,-0.0681949332356453,0.9504569172859192,1
13.068,TAKEOFF,-0.0906330868601799,-0.06730790436267853,0.9529335498809814,1
13.072,TAKEOFF,-0.0906330868601799,-0.06730790436267853,0.9529335498809814,1
13.076,TAKEOFF,-0.0906330868601799,-0.06730790436267853,0.9529335498809814,1
13.084,TAKEOFF,-0.0906330868601799,-0.06730790436267853,0.9529335498809814,1
13.088,TAKEOFF,-0.08905956149101257,-0.0659811720252037,0.9566240310668945,1
13.092,TAKEOFF,-0.08905956149101257,-0.0659811720252037,0.9566240310668945,1
13.096,TAKEOFF,-0.08905956149101257,-0.0659811720252037,0.9566240310668945,1
13.104,TAKEOFF,-0.08905956149101257,-0.0659811720252037,0.9566240310668945,1
13.108,TAKEOFF,-0.08800823241472244,-0.06510023027658463,0.959073007106781,1
13.112,TAKEOFF,-0.08800823241472244,-0.06510023027658463,0.959073007106781,1
13.116,TAKEOFF,-0.08800823241472244,-0.06510023027658463,0.959073007106781,1
13.124,TAKEOFF,-0.08800823241472244,-0.06510023027658463,0.959073007106781,1
13.128,TAKEOFF,-0.08642745018005371,-0.06378327310085297,0.9627153277397156,1
13.132,TAKEOFF,-0.08642745018005371,-0.06378327310085297,0.9627153277397156,1
13.136,TAKEOFF,-0.08642745018005371,-0.06378327310085297,0.9627153277397156,1
13.144,TAKEOFF,-0.08642745018005371,-0.06378327310085297,0.9627153277397156,1
13.148,TAKEOFF,-0.08537531644105911,-0.06290990114212036,0.9651323556900024,1
13.152,TAKEOFF,-0.08537531644105911,-0.06290990114212036,0.9651323556900024,1
13.156,TAKEOFF,-0.08537531644105911,-0.06290990114212036,0.9651323556900024,1
13.164,TAKEOFF,-0.08537531644105911,-0.06290990114212036,0.9651323556900024,1
13.168,TAKEOFF,-0.08379791676998138,-0.06160314381122589,0.9687331914901733,1
13.172,TAKEOFF,-0.08379791676998138,-0.06160314381122589,0.9687331914901733,1
13.176,TAKEOFF,-0.08379791676998138,-0.06160314381122589,0.9687331914901733,1
13.184,TAKEOFF,-0.08274044841527939,-0.060738228261470795,0.9711133241653442,1
13.188,TAKEOFF,-0.08274044841527939,-0.060738228261470795,0.9711133241653442,1
13.192,TAKEOFF,-0.08274044841527939,-0.060738228261470795,0.9711133241653442,1
13.196,TAKEOFF,-0.08274044841527939,-0.060738228261470795,0.9711133241653442,1
13.204,TAKEOFF,-0.08114826679229736,-0.05943812429904938,0.9746578335762024,1
13.208,TAKEOFF,-0.08114826679229736,-0.05943812429904938,0.9746578335762024,1
13.212,TAKEOFF,-0.08114826679229736,-0.05943812429904938,0.9746578335762024,1
13.216,TAKEOFF,-0.08114826679229736,-0.05943812429904938,0.9746578335762024,1
13.224,TAKEOFF,-0.08008340001106262,-0.058576829731464386,0.9770023822784424,1
13.228,TAKEOFF,-0.08008340001106262,-0.058576829731464386,0.9770023822784424,1
13.232,TAKEOFF,-0.08008340001106262,-0.058576829731464386,0.9770023822784424,1
13.236,TAKEOFF,-0.08008340001106262,-0.058576829731464386,0.9770023822784424,1
13.244,TAKEOFF,-0.08008340001106262,-0.058576829731464386,0.9770023822784424,1
13.248,TAKEOFF,-0.07847555726766586,-0.0572943352162838,0.9804888367652893,1
13.252,TAKEOFF,-0.07847555726766586,-0.0572943352162838,0.9804888367652893,1
13.256,TAKEOFF,-0.07847555726766586,-0.0572943352162838,0.9804888367652893,1
13.264,TAKEOFF,-0.07739967107772827,-0.05644620954990387,0.9827907085418701,1
13.268,TAKEOFF,-0.07739967107772827,-0.05644620954990387,0.9827907085418701,1
13.272,TAKEOFF,-0.07739967107772827,-0.05644620954990387,0.9827907085418701,1
13.276,TAKEOFF,-0.07739967107772827,-0.05644620954990387,0.9827907085418701,1
13.284,TAKEOFF,-0.07739967107772827,-0.05644620954990387,0.9827907085418701,1
13.288,TAKEOFF,-0.07578360289335251,-0.0551774688065052,0.9862173199653625,1
13.292,TAKEOFF,-0.07578360289335251,-0.0551774688065052,0.9862173199653625,1
13.296,TAKEOFF,-0.07578360289335251,-0.0551774688065052,0.9862173199653625,1
13.304,TAKEOFF,-0.07578360289335251,-0.0551774688065052,0.9862173199653625,1
13.308,TAKEOFF,-0.07470466941595078,-0.05433866009116173,0.9884806275367737,1
13.312,TAKEOFF,-0.07470466941595078,-0.05433866009116173,0.9884806275367737,1
13.316,TAKEOFF,-0.07470466941595078,-0.05433866009116173,0.9884806275367737,1
13.324,TAKEOFF,-0.07470466941595078,-0.05433866009116173,0.9884806275367737,1
13.328,TAKEOFF,-0.07308319211006165,-0.053094569593667984,0.9918426275253296,1
13.332,TAKEOFF,-0.07308319211006165,-0.053094569593667984,0.9918426275253296,1
13.336,TAKEOFF,-0.07308319211006165,-0.053094569593667984,0.9918426275253296,1
13.344,TAKEOFF,-0.07308319211006165,-0.053094569593667984,0.9918426275253296,1
13.348,TAKEOFF,-0.07235642522573471,-0.05222581326961517,0.9939495325088501,1
13.352,TAKEOFF,-0.07235642522573471,-0.05222581326961517,0.9939495325088501,1
13.356,TAKEOFF,-0.07235642522573471,-0.05222581326961517,0.9939495325088501,1
13.364,TAKEOFF,-0.07235642522573471,-0.05222581326961517,0.9939495325088501,1
13.368,TAKEOFF,-0.07123879343271255,-0.05093807354569435,0.9970950484275818,1
13.372,TAKEOFF,-0.07123879343271255,-0.05093807354569435,0.9970950484275818,1
13.376,TAKEOFF,-0.07123879343271255,-0.05093807354569435,0.9970950484275818,1
13.384,TAKEOFF,-0.07123879343271255,-0.05093807354569435,0.9970950484275818,1
13.388,TAKEOFF,-0.0704767256975174,-0.05009075254201889,0.9991798996925354,1
13.392,TAKEOFF,-0.0704767256975174,-0.05009075254201889,0.9991798996925354,1
13.396,TAKEOFF,-0.0704767256975174,-0.05009075254201889,0.9991798996925354,1
13.404,TAKEOFF,-0.06931339204311371,-0.04884210228919983,1.0022953748703003,1
13.408,TAKEOFF,-0.06931339204311371,-0.04884210228919983,1.0022953748703003,1
13.412,TAKEOFF,-0.06931339204311371,-0.04884210228919983,1.0022953748703003,1
13.416,TAKEOFF,-0.06931339204311371,-0.04884210228919983,1.0022953748703003,1
13.424,TAKEOFF,-0.06931339204311371,-0.04884210228919983,1.0022953748703003,1
13.428,TAKEOFF,-0.06852882355451584,-0.048028524965047836,1.0043635368347168,1
13.432,TAKEOFF,-0.06852882355451584,-0.048028524965047836,1.0043635368347168,1
13.436,GOTO,-0.06852882355451584,-0.048028524965047836,1.0043635368347168,1
13.44,GOTO,-0.06852882355451584,-0.048028524965047836,1.0043635368347168,1
13.448,GOTO,-0.06733493506908417,-0.046828094869852066,1.0074524879455566,1
13.452,GOTO,-0.06733493506908417,-0.046828094869852066,1.0074524879455566,1
13.456,GOTO,-0.06733493506908417,-0.046828094869852066,1.0074524879455566,1
13.464,GOTO,-0.06652761995792389,-0.046039387583732605,1.0095038414001465,1
13.468,GOTO,-0.06652761995792389,-0.046039387583732605,1.0095038414001465,1
13.472,GOTO,-0.06652761995792389,-0.046039387583732605,1.0095038414001465,1
13.475999999999999,GOTO,-0.06652761995792389,-0.046039387583732605,1.0095038414001465,1
13.484,GOTO,-0.06530516594648361,-0.044870056211948395,1.0125598907470703,1
13.488,GOTO,-0.06530516594648361,-0.044870056211948395,1.0125598907470703,1
13.492,GOTO,-0.06530516594648361,-0.044870056211948395,1.0125598907470703,1
13.496,GOTO,-0.06530516594648361,-0.044870056211948395,1.0125598907470703,1
13.504,GOTO,-0.06530516594648361,-0.044870056211948395,1.0125598907470703,1
13.508,GOTO,-0.06448104977607727,-0.044097479432821274,1.0145779848098755,1
13.512,GOTO,-0.06448104977607727,-0.044097479432821274,1.0145779848098755,1
13.516,GOTO,-0.06448104977607727,-0.044097479432821274,1.0145779848098755,1
13.524000000000001,GOTO,-0.06448104977607727,-0.044097479432821274,1.0145779848098755,1
13.528,GOTO,-0.06323549151420593,-0.042950790375471115,1.0175825357437134,1
13.532,GOTO,-0.06323549151420593,-0.042950790375471115,1.0175825357437134,1
13.536,GOTO,-0.06323549151420593,-0.042950790375471115,1.0175825357437134,1
13.544,GOTO,-0.06240180507302284,-0.04219566285610199,1.0195763111114502,1
13.548,GOTO,-0.06240180507302284,-0.04219566285610199,1.0195763111114502,1
13.552,GOTO,-0.06240180507302284,-0.04219566285610199,1.0195763111114502,1
13.556000000000001,GOTO,-0.06240180507302284,-0.04219566285610199,1.0195763111114502,1
13.564,GOTO,-0.06110832095146179,-0.04107540473341942,1.0226268768310547,1
13.568,GOTO,-0.06110832095146179,-0.04107540473341942,1.0226268768310547,1
13.572,GOTO,-0.06110832095146179,-0.04107540473341942,1.0226268768310547,1
13.576,GOTO,-0.06110832095146179,-0.04107540473341942,1.0226268768310547,1
13.584,GOTO,-0.06014257296919823,-0.040333472192287445,1.0248093605041504,1
13.588,GOTO,-0.06014257296919823,-0.040333472192287445,1.0248093605041504,1
13.592,GOTO,-0.06014257296919823,-0.040333472192287445,1.0248093605041504,1
13.596,GOTO,-0.06014257296919823,-0.040333472192287445,1.0248093605041504,1
13.604,GOTO,-0.058471210300922394,-0.039240457117557526,1.0282751321792603,1
13.608,GOTO,-0.058471210300922394,-0.039240457117557526,1.0282751321792603,1
13.612,GOTO,-0.058471210300922394,-0.039240457117557526,1.0282751321792603,1
13.616,GOTO,-0.058471210300922394,-0.039240457117557526,1.0282751321792603,1
13.624,GOTO,-0.057200804352760315,-0.03852388635277748,1.0306578874588013,1
13.628,GOTO,-0.057200804352760315,-0.03852388635277748,1.0306578874588013,1
13.632,GOTO,-0.057200804352760315,-0.03852388635277748,1.0306578874588013,1
13.636,GOTO,-0.057200804352760315,-0.03852388635277748,1.0306578874588013,1
13.644,GOTO,-0.057200804352760315,-0.03852388635277748,1.0306578874588013,1
13.648,GOTO,-0.05501468479633331,-0.03746379166841507,1.0342811346054077,1
13.652,GOTO,-0.05501468479633331,-0.03746379166841507,1.0342811346054077,1
13.656,GOTO,-0.05501468479633331,-0.03746379166841507,1.0342811346054077,1
13.664,GOTO,-0.05501468479633331,-0.03746379166841507,1.0342811346054077,1
13.668,GOTO,-0.05333365872502327,-0.03677406162023544,1.0366946458816528,1
13.672,GOTO,-0.05333365872502327,-0.03677406162023544,1.0366946458816528,1
13.676,GOTO,-0.05333365872502327,-0.03677406162023544,1.0366946458816528,1
13.684,GOTO,-0.05333365872502327,-0.03677406162023544,1.0366946458816528,1
13.688,GOTO,-0.05038807541131973,-0.03575330227613449,1.0402565002441406,1
13.692,GOTO,-0.05038807541131973,-0.03575330227613449,1.0402565002441406,1
13.696,GOTO,-0.05038807541131973,-0.03575330227613449,1.0402565002441406,1
13.704,GOTO,-0.04809259995818138,-0.035083428025245667,1.042568564414978,1
13.708,GOTO,-0.04809259995818138,-0.035083428025245667,1.042568564414978,1
13.712,GOTO,-0.04809259995818138,-0.035083428025245667,1.042568564414978,1
13.716,GOTO,-0.04809259995818138,-0.035083428025245667,1.042568564414978,1
13.724,GOTO,-0.04809259995818138,-0.035083428025245667,1.042568564414978,1
13.728,GOTO,-0.04407636076211929,-0.03409199044108391,1.0459086894989014,1
13.732,GOTO,-0.04407636076211929,-0.03409199044108391,1.0459086894989014,1
13.736,GOTO,-0.04407636076211929,-0.03409199044108391,1.0459086894989014,1
13.744,GOTO,-0.04129071533679962,-0.033394668251276016,1.0479481220245361,1
13.748,GOTO,-0.04129071533679962,-0.033394668251276016,1.0479481220245361,1
13.752,GOTO,-0.04129071533679962,-0.033394668251276016,1.0479481220245361,1
13.756,GOTO,-0.04129071533679962,-0.033394668251276016,1.0479481220245361,1
13.764,GOTO,-0.04129071533679962,-0.033394668251276016,1.0479481220245361,1
13.768,GOTO,-0.036393534392118454,-0.03237640857696533,1.050831913948059,1
13.772,GOTO,-0.036393534392118454,-0.03237640857696533,1.050831913948059,1
13.776,GOTO,-0.036393534392118454,-0.03237640857696533,1.050831913948059,1
13.784,GOTO,-0.036393534392118454,-0.03237640857696533,1.050831913948059,1
13.788,GOTO,-0.032628364861011505,-0.031713202595710754,1.0526268482208252,1
13.792,GOTO,-0.032628364861011505,-0.031713202595710754,1.0526268482208252,1
13.796,GOTO,-0.032628364861011505,-0.031713202595710754,1.0526268482208252,1
13.804,GOTO,-0.026199812069535255,-0.030737224966287613,1.0551183223724365,1
13.808,GOTO,-0.026199812069535255,-0.030737224966287613,1.0551183223724365,1
13.812,GOTO,-0.026199812069535255,-0.030737224966287613,1.0551183223724365,1
13.816,GOTO,-0.026199812069535255,-0.030737224966287613,1.0551183223724365,1
13.824,GOTO,-0.02138185314834118,-0.03010229952633381,1.0566492080688477,1
13.828,GOTO,-0.02138185314834118,-0.03010229952633381,1.0566492080688477,1
13.832,GOTO,-0.02138185314834118,-0.03010229952633381,1.0566492080688477,1
13.836,GOTO,-0.02138185314834118,-0.03010229952633381,1.0566492080688477,1
13.844,GOTO,-0.013356812298297882,-0.029168685898184776,1.0587443113327026,1
13.848,GOTO,-0.013356812298297882,-0.029168685898184776,1.0587443113327026,1
13.852,GOTO,-0.013356812298297882,-0.029168685898184776,1.0587443113327026,1
13.856,GOTO,-0.013356812298297882,-0.029168685898184776,1.0587443113327026,1
13.864,GOTO,-0.007475754711776972,-0.028568750247359276,1.0600202083587646,1
13.868,GOTO,-0.007475754711776972,-0.028568750247359276,1.0600202083587646,1
13.872,GOTO,-0.007475754711776972,-0.028568750247359276,1.0600202083587646,1
13.876,GOTO,-0.007475754711776972,-0.028568750247359276,1.0600202083587646,1
13.884,GOTO,-0.007475754711776972,-0.028568750247359276,1.0600202083587646,1
13.888,GOTO,0.002127602696418762,-0.02769252471625805,1.0617618560791016,1
13.892,GOTO,0.002127602696418762,-0.02769252471625805,1.0617618560791016,1
13.896,GOTO,0.002127602696418762,-0.02769252471625805,1.0617618560791016,1
13.904,GOTO,0.009024790488183498,-0.027122652158141136,1.062813639640808,1
13.908,GOTO,0.009024790488183498,-0.027122652158141136,1.062813639640808,1
13.912,GOTO,0.009024790488183498,-0.027122652158141136,1.062813639640808,1
13.916,GOTO,0.009024790488183498,-0.027122652158141136,1.062813639640808,1
13.924,GOTO,0.020082099363207817,-0.026293903589248657,1.0642391443252563,1
13.928,GOTO,0.020082099363207817,-0.026293903589248657,1.0642391443252563,1
13.932,GOTO,0.020082099363207817,-0.026293903589248657,1.0642391443252563,1
13.936,GOTO,0.020082099363207817,-0.026293903589248657,1.0642391443252563,1
13.943999999999999,GOTO,0.02790539525449276,-0.02575814351439476,1.065098762512207,1
13.948,GOTO,0.02790539525449276,-0.02575814351439476,1.065098762512207,1
13.952,GOTO,0.02790539525449276,-0.02575814351439476,1.065098762512207,1
13.956,GOTO,0.02790539525449276,-0.02575814351439476,1.065098762512207,1
13.964,GOTO,0.04027072712779045,-0.024979691952466965,1.066258430480957,1
13.968,GOTO,0.04027072712779045,-0.024979691952466965,1.066258430480957,1
13.972,GOTO,0.04027072712779045,-0.024979691952466965,1.066258430480957,1
13.975999999999999,GOTO,0.04027072712779045,-0.024979691952466965,1.066258430480957,1
13.984,GOTO,0.04027072712779045,-0.024979691952466965,1.066258430480957,1
13.988,GOTO,0.04890792444348335,-0.024477431550621986,1.0669573545455933,1
13.992,GOTO,0.04890792444348335,-0.024477431550621986,1.0669573545455933,1
13.996,GOTO,0.04890792444348335,-0.024477431550621986,1.0669573545455933,1
14.004,GOTO,0.06241120770573616,-0.02374003827571869,1.0679147243499756,1
14.008,GOTO,0.06241120770573616,-0.02374003827571869,1.0679147243499756,1
14.012,GOTO,0.06241120770573616,-0.02374003827571869,1.0679147243499756,1
14.016,GOTO,0.06241120770573616,-0.02374003827571869,1.0679147243499756,1
14.024,GOTO,0.06241120770573616,-0.02374003827571869,1.0679147243499756,1
14.028,GOTO,0.07175182551145554,-0.02325928956270218,1.0684888362884521,1
14.032,GOTO,0.07175182551145554,-0.02325928956270218,1.0684888362884521,1
14.036,GOTO,0.07175182551145554,-0.02325928956270218,1.0684888362884521,1
14.044,GOTO,0.08623218536376953,-0.022558854892849922,1.0692633390426636,1
14.048,GOTO,0.08623218536376953,-0.022558854892849922,1.0692633390426636,1
14.052,GOTO,0.08623218536376953,-0.022558854892849922,1.0692633390426636,1
14.056,GOTO,0.08623218536376953,-0.022558854892849922,1.0692633390426636,1
14.064,GOTO,0.08623218536376953,-0.022558854892849922,1.0692633390426636,1
14.068,GOTO,0.09616444259881973,-0.02210136689245701,1.0697325468063354,1
14.072,GOTO,0.09616444259881973,-0.02210136689245701,1.0697325468063354,1
14.076,GOTO,0.09616444259881973,-0.02210136689245701,1.0697325468063354,1
14.084,GOTO,0.11143820732831955,-0.021420147269964218,1.0703836679458618,1
14.088,GOTO,0.11143820732831955,-0.021420147269964218,1.0703836679458618,1
14.092,GOTO,0.11143820732831955,-0.021420147269964218,1.0703836679458618,1
14.096,GOTO,0.11143820732831955,-0.021420147269964218,1.0703836679458618,1
14.104,GOTO,0.11143820732831955,-0.021420147269964218,1.0703836679458618,1
14.108,GOTO,0.12185132503509521,-0.020974894985556602,1.0707833766937256,1
14.112,GOTO,0.12185132503509521,-0.020974894985556602,1.0707833766937256,1
14.116,GOTO,0.12185132503509521,-0.020974894985556602,1.0707833766937256,1
14.124,GOTO,0.12185132503509521,-0.020974894985556602,1.0707833766937256,1
14.128,GOTO,0.13777951896190643,-0.02032419666647911,1.0713335275650024,1
14.132,GOTO,0.13777951896190643,-0.02032419666647911,1.0713335275650024,1
14.136,GOTO,0.13777951896190643,-0.02032419666647911,1.0713335275650024,1
14.144,GOTO,0.14778921008110046,-0.019831789657473564,1.071605920791626,1
14.148,GOTO,0.14778921008110046,-0.019831789657473564,1.071605920791626,1
14.152,GOTO,0.14778921008110046,-0.019831789657473564,1.071605920791626,1
14.156,GOTO,0.14778921008110046,-0.019831789657473564,1.071605920791626,1
14.164,GOTO,0.1631217896938324,-0.019108781591057777,1.0719845294952393,1
14.168,GOTO,0.1631217896938324,-0.019108781591057777,1.0719845294952393,1
14.172,GOTO,0.1631217896938324,-0.019108781591057777,1.0719845294952393,1
14.176,GOTO,0.1631217896938324,-0.019108781591057777,1.0719845294952393,1
14.184,GOTO,0.1631217896938324,-0.019108781591057777,1.0719845294952393,1
14.188,GOTO,0.17354217171669006,-0.018638376146554947,1.0722248554229736,1
14.192,GOTO,0.17354217171669006,-0.018638376146554947,1.0722248554229736,1
14.196,GOTO,0.17354217171669006,-0.018638376146554947,1.0722248554229736,1
14.204,GOTO,0.18942467868328094,-0.017954286187887192,1.0725723505020142,1
14.208,GOTO,0.18942467868328094,-0.017954286187887192,1.0725723505020142,1
14.212,GOTO,0.18942467868328094,-0.017954286187887192,1.0725723505020142,1
14.216,GOTO,0.18942467868328094,-0.017954286187887192,1.0725723505020142,1
14.224,GOTO,0.20017164945602417,-0.0175100639462471,1.0728001594543457,1
14.228,GOTO,0.20017164945602417,-0.0175100639462471,1.0728001594543457,1
14.232,GOTO,0.20017164945602417,-0.0175100639462471,1.0728001594543457,1
14.236,GOTO,0.20017164945602417,-0.0175100639462471,1.0728001594543457,1
14.244,GOTO,0.21651427447795868,-0.01685546152293682,1.0731444358825684,1
14.248,GOTO,0.21651427447795868,-0.01685546152293682,1.0731444358825684,1
14.252,GOTO,0.21651427447795868,-0.01685546152293682,1.0731444358825684,1
14.256,GOTO,0.21651427447795868,-0.01685546152293682,1.0731444358825684,1
14.264,GOTO,0.22754916548728943,-0.016427667811512947,1.073374629020691,1
14.268,GOTO,0.22754916548728943,-0.016427667811512947,1.073374629020691,1
14.272,GOTO,0.22754916548728943,-0.016427667811512947,1.073374629020691,1
14.276,GOTO,0.22754916548728943,-0.016427667811512947,1.073374629020691,1
14.284,GOTO,0.22754916548728943,-0.016427667811512947,1.073374629020691,1
14.288,GOTO,0.2442956119775772,-0.01579306833446026,1.0737216472625732,1
14.292,GOTO,0.2442956119775772,-0.01579306833446026,1.0737216472625732,1
14.296,GOTO,0.2442956119775772,-0.01579306833446026,1.0737216472625732,1
14.304,GOTO,0.2555776834487915,-0.015378247946500778,1.073961615562439,1
14.308,GOTO,0.2555776834487915,-0.015378247946500778,1.073961615562439,1
14.312,GOTO,0.2555776834487915,-0.015378247946500778,1.073961615562439,1
14.316,GOTO,0.2555776834487915,-0.015378247946500778,1.073961615562439,1
14.324,GOTO,0.27265357971191406,-0.01476992852985859,1.0743330717086792,1
14.328,GOTO,0.27265357971191406,-0.01476992852985859,1.0743330717086792,1
14.332,GOTO,0.27265357971191406,-0.01476992852985859,1.0743330717086792,1
14.336,GOTO,0.27265357971191406,-0.01476992852985859,1.0743330717086792,1
14.344,GOTO,0.28413495421409607,-0.014372301287949085,1.0745843648910522,1
14.348,GOTO,0.28413495421409607,-0.014372301287949085,1.0745843648910522,1
14.352,GOTO,0.28413495421409607,-0.014372301287949085,1.0745843648910522,1
14.356,GOTO,0.28413495421409607,-0.014372301287949085,1.0745843648910522,1
14.364,GOTO,0.28413495421409607,-0.014372301287949085,1.0745843648910522,1
14.368,GOTO,0.30148783326148987,-0.013795279897749424,1.0749731063842773,1
14.372,GOTO,0.30148783326148987,-0.013795279897749424,1.0749731063842773,1
14.376,GOTO,0.30148783326148987,-0.013795279897749424,1.0749731063842773,1
14.384,GOTO,0.3131380081176758,-0.013419016264379025,1.075239896774292,1
14.388,GOTO,0.3131380081176758,-0.013419016264379025,1.075239896774292,1
14.392,GOTO,0.3131380081176758,-0.013419016264379025,1.075239896774292,1
14.396,GOTO,0.3131380081176758,-0.013419016264379025,1.075239896774292,1
14.404,GOTO,0.33072465658187866,-0.012862139381468296,1.0756429433822632,1
14.408,GOTO,0.33072465658187866,-0.012862139381468296,1.0756429433822632,1
14.412,GOTO,0.33072465658187866,-0.012862139381468296,1.0756429433822632,1
14.416,GOTO,0.33072465658187866,-0.012862139381468296,1.0756429433822632,1
14.424,GOTO,0.3425135016441345,-0.012504327110946178,1.075912594795227,1
14.428,GOTO,0.3425135016441345,-0.012504327110946178,1.075912594795227,1
14.432,GOTO,0.3425135016441345,-0.012504327110946178,1.075912594795227,1
14.436,GOTO,0.3425135016441345,-0.012504327110946178,1.075912594795227,1
14.444,GOTO,0.36028853058815,-0.011988363228738308,1.0763189792633057,1
14.448,GOTO,0.36028853058815,-0.011988363228738308,1.0763189792633057,1
14.452,GOTO,0.36028853058815,-0.011988363228738308,1.0763189792633057,1
14.456,GOTO,0.36028853058815,-0.011988363228738308,1.0763189792633057,1
14.464,GOTO,0.36028853058815,-0.011988363228738308,1.0763189792633057,1
14.468,GOTO,0.3721907138824463,-0.011654496192932129,1.076594352722168,1
14.472,GOTO,0.3721907138824463,-0.011654496192932129,1.076594352722168,1
14.475999999999999,GOTO,0.3721907138824463,-0.011654496192932129,1.076594352722168,1
14.484,GOTO,0.3721907138824463,-0.011654496192932129,1.076594352722168,1
14.488,GOTO,0.3901131749153137,-0.011172580532729626,1.0770198106765747,1
14.492,GOTO,0.3901131749153137,-0.011172580532729626,1.0770198106765747,1
14.496,GOTO,0.3901131749153137,-0.011172580532729626,1.0770198106765747,1
14.504,GOTO,0.3901131749153137,-0.011172580532729626,1.0770198106765747,1
14.508,GOTO,0.4020940959453583,-0.0108602000400424,1.0773119926452637,1
14.512,GOTO,0.4020940959453583,-0.0108602000400424,1.0773119926452637,1
14.516,GOTO,0.4020940959453583,-0.0108602000400424,1.0773119926452637,1
14.524000000000001,GOTO,0.4201076626777649,-0.010403351858258247,1.0777614116668701,1
14.528,GOTO,0.4201076626777649,-0.010403351858258247,1.0777614116668701,1
14.532,GOTO,0.4201076626777649,-0.010403351858258247,1.0777614116668701,1
14.536,GOTO,0.4201076626777649,-0.010403351858258247,1.0777614116668701,1
14.544,GOTO,0.4201076626777649,-0.010403351858258247,1.0777614116668701,1
14.548,GOTO,0.43179333209991455,-0.009893049485981464,1.077974557876587,1
14.552,GOTO,0.43179333209991455,-0.009893049485981464,1.077974557876587,1
14.556000000000001,GOTO,0.43179333209991455,-0.009893049485981464,1.077974557876587,1
14.564,GOTO,0.43179333209991455,-0.009893049485981464,1.077974557876587,1
14.568,GOTO,0.4493638873100281,-0.009152619168162346,1.0783168077468872,1
14.572,GOTO,0.4493638873100281,-0.009152619168162346,1.0783168077468872,1
14.576,GOTO,0.4493638873100281,-0.009152619168162346,1.0783168077468872,1
14.584,GOTO,0.4493638873100281,-0.009152619168162346,1.0783168077468872,1
14.588,GOTO,0.4610969126224518,-0.00867380853742361,1.0785512924194336,1
14.592,GOTO,0.4610969126224518,-0.00867380853742361,1.0785512924194336,1
14.596,GOTO,0.4610969126224518,-0.00867380853742361,1.0785512924194336,1
14.604,GOTO,0.4610969126224518,-0.00867380853742361,1.0785512924194336,1
14.608,GOTO,0.47871068120002747,-0.007991846650838852,1.0789192914962769,1
14.612,GOTO,0.47871068120002747,-0.007991846650838852,1.0789192914962769,1
14.616,GOTO,0.47871068120002747,-0.007991846650838852,1.0789192914962769,1
14.624,GOTO,0.47871068120002747,-0.007991846650838852,1.0789192914962769,1
14.628,GOTO,0.49045830965042114,-0.007559345569461584,1.0791810750961304,1
14.632,GOTO,0.49045830965042114,-0.007559345569461584,1.0791810750961304,1
14.636,GOTO,0.49045830965042114,-0.007559345569461584,1.0791810750961304,1
14.644,GOTO,0.49045830965042114,-0.007559345569461584,1.0791810750961304,1
14.648,GOTO,0.5080747604370117,-0.006935149431228638,1.0795822143554688,1
14.652,GOTO,0.5080747604370117,-0.006935149431228638,1.0795822143554688,1
14.656,GOTO,0.5080747604370117,-0.006935149431228638,1.0795822143554688,1
14.664,GOTO,0.5198114514350891,-0.006531030870974064,1.0798598527908325,1
14.668,GOTO,0.5198114514350891,-0.006531030870974064,1.0798598527908325,1
14.672,GOTO,0.5198114514350891,-0.006531030870974064,1.0798598527908325,1
14.676,GOTO,0.5198114514350891,-0.006531030870974064,1.0798598527908325,1
14.684,GOTO,0.5198114514350891,-0.006531030870974064,1.0798598527908325,1
14.688,GOTO,0.5373860001564026,-0.0059532057493925095,1.0802922248840332,1
14.692,GOTO,0.5373860001564026,-0.0059532057493925095,1.0802922248840332,1
14.696,GOTO,0.5373860001564026,-0.0059532057493925095,1.0802922248840332,1
14.704,GOTO,0.549079954624176,-0.005584086757153273,1.0805903673171997,1
14.708,GOTO,0.549079954624176,-0.005584086757153273,1.0805903673171997,1
14.712,GOTO,0.549079954624176,-0.005584086757153273,1.0805903673171997,1
14.716,GOTO,0.549079954624176,-0.005584086757153273,1.0805903673171997,1
14.724,GOTO,0.549079954624176,-0.005584086757153273,1.0805903673171997,1
14.728,GOTO,0.5665709376335144,-0.005054526962339878,1.0810515880584717,1
14.732,GOTO,0.5665709376335144,-0.005054526962339878,1.0810515880584717,1
14.736,GOTO,0.5665709376335144,-0.005054526962339878,1.0810515880584717,1
14.744,GOTO,0.5781880021095276,-0.0047177644446492195,1.0813695192337036,1
14.748,GOTO,0.5781880021095276,-0.0047177644446492195,1.0813695192337036,1
14.752,GOTO,0.5781880021095276,-0.0047177644446492195,1.0813695192337036,1
14.756,GOTO,0.5781880021095276,-0.0047177644446492195,1.0813695192337036,1
14.764,GOTO,0.5955402851104736,-0.0042340802028775215,1.0818668603897095,1
14.768,GOTO,0.5955402851104736,-0.0042340802028775215,1.0818668603897095,1
14.772,GOTO,0.5955402851104736,-0.0042340802028775215,1.0818668603897095,1
14.776,GOTO,0.5955402851104736,-0.0042340802028775215,1.0818668603897095,1
14.784,GOTO,0.6070560812950134,-0.0039240093901753426,1.082214117050171,1
14.788,GOTO,0.6070560812950134,-0.0039240093901753426,1.082214117050171,1
14.792,GOTO,0.6070560812950134,-0.0039240093901753426,1.082214117050171,1
14.796,GOTO,0.6070560812950134,-0.0039240093901753426,1.082214117050171,1
14.804,GOTO,0.6070560812950134,-0.0039240093901753426,1.082214117050171,1
14.808,GOTO,0.6242424249649048,-0.003468099981546402,1.0827593803405762,1
14.812,GOTO,0.6242424249649048,-0.003468099981546402,1.0827593803405762,1
14.816,GOTO,0.6242424249649048,-0.003468099981546402,1.0827593803405762,1
14.824,GOTO,0.6356401443481445,-0.0031676527578383684,1.0831372737884521,1
14.828,GOTO,0.6356401443481445,-0.0031676527578383684,1.0831372737884521,1
14.832,GOTO,0.6356401443481445,-0.0031676527578383684,1.0831372737884521,1
14.836,GOTO,0.6356401443481445,-0.0031676527578383684,1.0831372737884521,1
14.844,GOTO,0.6526316404342651,-0.0027353621553629637,1.0837279558181763,1
14.848,GOTO,0.6526316404342651,-0.0027353621553629637,1.0837279558181763,1
14.856,GOTO,0.6526316404342651,-0.0027353621553629637,1.0837279558181763,1
14.86,GOTO,0.6526316404342651,-0.0027353621553629637,1.0837279558181763,1
14.864,GOTO,0.6638786196708679,-0.0024602680932730436,1.084132432937622,1
14.864,GOTO,0.6638786196708679,-0.0024602680932730436,1.084132432937622,1
14.868,GOTO,0.6638786196708679,-0.0024602680932730436,1.084132432937622,1
14.868,GOTO,0.6638786196708679,-0.0024602680932730436,1.084132432937622,1
14.884,GOTO,0.6638786196708679,-0.0024602680932730436,1.084132432937622,1
14.888,GOTO,0.6806139945983887,-0.0020750295370817184,1.0847437381744385,1
14.892,GOTO,0.6806139945983887,-0.0020750295370817184,1.0847437381744385,1
14.896,GOTO,0.6806139945983887,-0.0020750295370817184,1.0847437381744385,1
14.904,GOTO,0.6916792392730713,-0.0018329512095078826,1.0851516723632812,1
14.908,GOTO,0.6916792392730713,-0.0018329512095078826,1.0851516723632812,1
14.912,GOTO,0.6916792392730713,-0.0018329512095078826,1.0851516723632812,1
14.916,GOTO,0.6916792392730713,-0.0018329512095078826,1.0851516723632812,1
14.924,GOTO,0.7081358432769775,-0.00148576230276376,1.0857733488082886,1
14.928,GOTO,0.7081358432769775,-0.00148576230276376,1.0857733488082886,1
14.932,GOTO,0.7081358432769775,-0.00148576230276376,1.0857733488082886,1
14.936,GOTO,0.7081358432769775,-0.00148576230276376,1.0857733488082886,1
14.943999999999999,GOTO,0.7187288999557495,-0.0010899740736931562,1.0860894918441772,1
14.948,GOTO,0.7187288999557495,-0.0010899740736931562,1.0860894918441772,1
14.952,GOTO,0.7187288999557495,-0.0010899740736931562,1.0860894918441772,1
14.956,GOTO,0.7187288999557495,-0.0010899740736931562,1.0860894918441772,1
14.964,GOTO,0.7187288999557495,-0.0010899740736931562,1.0860894918441772,1
14.968,GOTO,0.7344909310340881,-0.0005243704654276371,1.086587905883789,1
14.972,GOTO,0.7344909310340881,-0.0005243704654276371,1.086587905883789,1
14.975999999999999,GOTO,0.7344909310340881,-0.0005243704654276371,1.086587905883789,1
14.984,GOTO,0.7449118494987488,-0.00016179612430278212,1.08693528175354,1
14.988,GOTO,0.7449118494987488,-0.00016179612430278212,1.08693528175354,1
14.992,GOTO,0.7449118494987488,-0.00016179612430278212,1.08693528175354,1
14.996,GOTO,0.7449118494987488,-0.00016179612430278212,1.08693528175354,1
15.004,GOTO,0.7604091167449951,0.00035992381162941456,1.0874840021133423,1
15.008,GOTO,0.7604091167449951,0.00035992381162941456,1.0874840021133423,1
15.012,GOTO,0.7604091167449951,0.00035992381162941456,1.0874840021133423,1
15.016,GOTO,0.7604091167449951,0.00035992381162941456,1.0874840021133423,1
15.024,GOTO,0.7706431746482849,0.0006907609640620649,1.087863802909851,1
15.028,GOTO,0.7706431746482849,0.0006907609640620649,1.087863802909851,1
15.032,GOTO,0.7706431746482849,0.0006907609640620649,1.087863802909851,1
15.036,GOTO,0.7706431746482849,0.0006907609640620649,1.087863802909851,1
15.044,GOTO,0.7858506441116333,0.0011550681665539742,1.0884536504745483,1
15.048,GOTO,0.7858506441116333,0.0011550681665539742,1.0884536504745483,1
15.052,GOTO,0.7858506441116333,0.0011550681665539742,1.0884536504745483,1
15.056,GOTO,0.7858506441116333,0.0011550681665539742,1.0884536504745483,1
15.064,GOTO,0.7858506441116333,0.0011550681665539742,1.0884536504745483,1
15.068,GOTO,0.7958851456642151,0.0014429740840569139,1.0888551473617554,1
15.072,GOTO,0.7958851456642151,0.0014429740840569139,1.0888551473617554,1
15.076,GOTO,0.7958851456642151,0.0014429740840569139,1.0888551473617554,1
15.084,GOTO,0.8107765913009644,0.0018556013237684965,1.0894695520401,1
15.088,GOTO,0.8107765913009644,0.0018556013237684965,1.0894695520401,1
15.092,GOTO,0.8107765913009644,0.0018556013237684965,1.0894695520401,1
15.096,GOTO,0.8107765913009644,0.0018556013237684965,1.0894695520401,1
15.104,GOTO,0.8205940127372742,0.002118896460160613,1.0898853540420532,1
15.108,GOTO,0.8205940127372742,0.002118896460160613,1.0898853540420532,1
15.112,GOTO,0.8205940127372742,0.002118896460160613,1.0898853540420532,1
15.116,GOTO,0.8205940127372742,0.002118896460160613,1.0898853540420532,1
15.124,GOTO,0.8351513147354126,0.0024854326620697975,1.0905178785324097,1
15.128,GOTO,0.8351513147354126,0.0024854326620697975,1.0905178785324097,1
15.132,GOTO,0.8351513147354126,0.0024854326620697975,1.0905178785324097,1
15.136,GOTO,0.8351513147354126,0.0024854326620697975,1.0905178785324097,1
15.144,GOTO,0.8447396755218506,0.002708788262680173,1.090944528579712,1
15.148,GOTO,0.8447396755218506,0.002708788262680173,1.090944528579712,1
15.152,GOTO,0.8447396755218506,0.002708788262680173,1.090944528579712,1
15.156,GOTO,0.8447396755218506,0.002708788262680173,1.090944528579712,1
15.164,GOTO,0.8589481115341187,0.0030175622086972,1.0915940999984741,1
15.168,GOTO,0.8589481115341187,0.0030175622086972,1.0915940999984741,1
15.172,GOTO,0.8589481115341187,0.0030175622086972,1.0915940999984741,1
15.176,GOTO,0.8589481115341187,0.0030175622086972,1.0915940999984741,1
15.184,GOTO,0.868296205997467,0.003214557422325015,1.092032551765442,1
15.188,GOTO,0.868296205997467,0.003214557422325015,1.092032551765442,1
15.192,GOTO,0.868296205997467,0.003214557422325015,1.092032551765442,1
15.196,GOTO,0.868296205997467,0.003214557422325015,1.092032551765442,1
15.204,GOTO,0.868296205997467,0.003214557422325015,1.092032551765442,1
15.208,GOTO,0.8821354508399963,0.0034957709722220898,1.0926976203918457,1
15.212,GOTO,0.8821354508399963,0.0034957709722220898,1.0926976203918457,1
15.216,GOTO,0.8821354508399963,0.0034957709722220898,1.0926976203918457,1
15.224,GOTO,0.8912404179573059,0.0036741422954946756,1.0931464433670044,1
15.228,GOTO,0.8912404179573059,0.0036741422954946756,1.0931464433670044,1
15.232,GOTO,0.8912404179573059,0.0036741422954946756,1.0931464433670044,1
15.236,GOTO,0.8912404179573059,0.0036741422954946756,1.0931464433670044,1
15.244,GOTO,0.9047171473503113,0.003927574958652258,1.0938186645507812,1
15.248,GOTO,0.9047171473503113,0.003927574958652258,1.0938186645507812,1
15.252,GOTO,0.9047171473503113,0.003927574958652258,1.0938186645507812,1
15.256,GOTO,0.9047171473503113,0.003927574958652258,1.0938186645507812,1
15.264,GOTO,0.9135735630989075,0.004088304005563259,1.0942702293395996,1
15.268,GOTO,0.9135735630989075,0.004088304005563259,1.0942702293395996,1
15.272,GOTO,0.9135735630989075,0.004088304005563259,1.0942702293395996,1
15.276,GOTO,0.9135735630989075,0.004088304005563259,1.0942702293395996,1
15.284,GOTO,0.9135735630989075,0.004088304005563259,1.0942702293395996,1
15.288,GOTO,0.9266665577888489,0.0043151103891432285,1.0949565172195435,1
15.292,GOTO,0.9266665577888489,0.0043151103891432285,1.0949565172195435,1
15.296,GOTO,0.9266665577888489,0.0043151103891432285,1.0949565172195435,1
15.304,GOTO,0.9266665577888489,0.0043151103891432285,1.0949565172195435,1
15.308,GOTO,0.9352665543556213,0.004460921511054039,1.095423698425293,1
15.312,GOTO,0.9352665543556213,0.004460921511054039,1.095423698425293,1
15.316,GOTO,0.9352665543556213,0.004460921511054039,1.095423698425293,1
15.324,GOTO,0.9479703903198242,0.004671668633818626,1.0961387157440186,1
15.328,GOTO,0.9479703903198242,0.004671668633818626,1.0961387157440186,1
15.332,GOTO,0.9479703903198242,0.004671668633818626,1.0961387157440186,1
15.336,GOTO,0.9479703903198242,0.004671668633818626,1.0961387157440186,1
15.344,GOTO,0.9560990333557129,0.004835383500903845,1.096536636352539,1
15.348,GOTO,0.9560990333557129,0.004835383500903845,1.096536636352539,1
15.352,GOTO,0.9560990333557129,0.004835383500903845,1.096536636352539,1
15.356,GOTO,0.9560990333557129,0.004835383500903845,1.096536636352539,1
15.364,GOTO,0.9560990333557129,0.004835383500903845,1.096536636352539,1
15.368,GOTO,0.9681091904640198,0.005067809019237757,1.0971457958221436,1
15.372,GOTO,0.9681091904640198,0.005067809019237757,1.0971457958221436,1
15.376,GOTO,0.9681091904640198,0.005067809019237757,1.0971457958221436,1
15.384,GOTO,0.9681091904640198,0.005067809019237757,1.0971457958221436,1
15.388,GOTO,0.9759951829910278,0.005211703944951296,1.0975650548934937,1
15.392,GOTO,0.9759951829910278,0.005211703944951296,1.0975650548934937,1
15.396,GOTO,0.9759951829910278,0.005211703944951296,1.0975650548934937,1
15.404,GOTO,0.9876427054405212,0.005423645488917828,1.0982146263122559,1
15.408,GOTO,0.9876427054405212,0.005423645488917828,1.0982146263122559,1
15.412,GOTO,0.9876427054405212,0.005423645488917828,1.0982146263122559,1
15.416,GOTO,0.9876427054405212,0.005423645488917828,1.0982146263122559,1
15.424,GOTO,0.9876427054405212,0.005423645488917828,1.0982146263122559,1
15.428,GOTO,0.995289146900177,0.005557395983487368,1.0986554622650146,1
15.432,GOTO,0.995289146900177,0.005557395983487368,1.0986554622650146,1
15.436,WAIT_WP,0.995289146900177,0.005557395983487368,1.0986554622650146,1
15.444,WAIT_WP,0.995289146900177,0.005557395983487368,1.0986554622650146,1
15.448,WAIT_WP,1.0065770149230957,0.00574836041778326,1.0993298292160034,1
15.452,WAIT_WP,1.0065770149230957,0.00574836041778326,1.0993298292160034,1
15.456,WAIT_WP,1.0065770149230957,0.00574836041778326,1.0993298292160034,1
15.464,WAIT_WP,1.0139777660369873,0.005865920335054398,1.0997867584228516,1
15.468,WAIT_WP,1.0139777660369873,0.005865920335054398,1.0997867584228516,1
15.472,WAIT_WP,1.0139777660369873,0.005865920335054398,1.0997867584228516,1
15.475999999999999,WAIT_WP,1.0139777660369873,0.005865920335054398,1.0997867584228516,1
15.484,WAIT_WP,1.0139777660369873,0.005865920335054398,1.0997867584228516,1
15.488,WAIT_WP,1.0248934030532837,0.006025892682373524,1.1004877090454102,1
15.492,WAIT_WP,1.0248934030532837,0.006025892682373524,1.1004877090454102,1
15.496,WAIT_WP,1.0248934030532837,0.006025892682373524,1.1004877090454102,1
15.504,WAIT_WP,1.0248934030532837,0.006025892682373524,1.1004877090454102,1
15.508,WAIT_WP,1.0320448875427246,0.006120168138295412,1.1009604930877686,1
15.512,WAIT_WP,1.0320448875427246,0.006120168138295412,1.1009604930877686,1
15.516,WAIT_WP,1.0320448875427246,0.006120168138295412,1.1009604930877686,1
15.524000000000001,WAIT_WP,1.0425782203674316,0.006247611716389656,1.1016831398010254,1
15.528,WAIT_WP,1.0425782203674316,0.006247611716389656,1.1016831398010254,1
15.532,WAIT_WP,1.0425782203674316,0.006247611716389656,1.1016831398010254,1
15.536,WAIT_WP,1.0425782203674316,0.006247611716389656,1.1016831398010254,1
15.544,WAIT_WP,1.0494722127914429,0.006325881462544203,1.1021721363067627,1
15.548,WAIT_WP,1.0494722127914429,0.006325881462544203,1.1021721363067627,1
15.552,WAIT_WP,1.0494722127914429,0.006325881462544203,1.1021721363067627,1
15.556000000000001,WAIT_WP,1.0494722127914429,0.006325881462544203,1.1021721363067627,1
15.564,WAIT_WP,1.059624433517456,0.006425916217267513,1.1029126644134521,1
15.568,WAIT_WP,1.059624433517456,0.006425916217267513,1.1029126644134521,1
15.572,WAIT_WP,1.059624433517456,0.006425916217267513,1.1029126644134521,1
15.576,WAIT_WP,1.059624433517456,0.006425916217267513,1.1029126644134521,1
15.584,WAIT_WP,1.059624433517456,0.006425916217267513,1.1029126644134521,1
15.588,WAIT_WP,1.0662680864334106,0.006485552992671728,1.1034098863601685,1
15.592,WAIT_WP,1.0662680864334106,0.006485552992671728,1.1034098863601685,1
15.596,WAIT_WP,1.0662680864334106,0.006485552992671728,1.1034098863601685,1
15.604,WAIT_WP,1.0662680864334106,0.006485552992671728,1.1034098863601685,1
15.608,WAIT_WP,1.0760385990142822,0.006560273468494415,1.1041640043258667,1
15.612,WAIT_WP,1.0760385990142822,0.006560273468494415,1.1041640043258667,1
15.616,WAIT_WP,1.0760385990142822,0.006560273468494415,1.1041640043258667,1
15.624,WAIT_WP,1.0760385990142822,0.006560273468494415,1.1041640043258667,1
15.628,WAIT_WP,1.0824261903762817,0.006601153407245874,1.1046719551086426,1
15.632,WAIT_WP,1.0824261903762817,0.006601153407245874,1.1046719551086426,1
15.636,WAIT_WP,1.0824261903762817,0.006601153407245874,1.1046719551086426,1
15.644,WAIT_WP,1.0918210744857788,0.006653152406215668,1.105435848236084,1
15.648,WAIT_WP,1.0918210744857788,0.006653152406215668,1.105435848236084,1
15.652,WAIT_WP,1.0918210744857788,0.006653152406215668,1.105435848236084,1
15.656,WAIT_WP,1.0918210744857788,0.006653152406215668,1.105435848236084,1
15.664,WAIT_WP,1.0979622602462769,0.006680847145617008,1.1059489250183105,1
15.668,WAIT_WP,1.0979622602462769,0.006680847145617008,1.1059489250183105,1
15.672,WAIT_WP,1.0979622602462769,0.006680847145617008,1.1059489250183105,1
15.676,WAIT_WP,1.0979622602462769,0.006680847145617008,1.1059489250183105,1
15.684,WAIT_WP,1.1069904565811157,0.006708105094730854,1.1067334413528442,1
15.688,WAIT_WP,1.1069904565811157,0.006708105094730854,1.1067334413528442,1
15.692,WAIT_WP,1.1069904565811157,0.006708105094730854,1.1067334413528442,1
15.696,WAIT_WP,1.1069904565811157,0.006708105094730854,1.1067334413528442,1
15.704,WAIT_WP,1.112879991531372,0.006724209059029818,1.1072614192962646,1
15.708,WAIT_WP,1.112879991531372,0.006724209059029818,1.1072614192962646,1
15.712,WAIT_WP,1.112879991531372,0.006724209059029818,1.1072614192962646,1
15.716,WAIT_WP,1.112879991531372,0.006724209059029818,1.1072614192962646,1
15.728,WAIT_WP,1.1215193271636963,0.006750593427568674,1.1080528497695923,1
15.732,WAIT_WP,1.1215193271636963,0.006750593427568674,1.1080528497695923,1
15.732,WAIT_WP,1.1215193271636963,0.006750593427568674,1.1080528497695923,1
15.736,WAIT_WP,1.1215193271636963,0.006750593427568674,1.1080528497695923,1
15.744,WAIT_WP,1.1215193271636963,0.006750593427568674,1.1080528497695923,1
15.748,WAIT_WP,1.1269645690917969,0.006792201194912195,1.108462929725647,1
15.752,WAIT_WP,1.1269645690917969,0.006792201194912195,1.108462929725647,1
15.756,WAIT_WP,1.1269645690917969,0.006792201194912195,1.108462929725647,1
15.764,WAIT_WP,1.1269645690917969,0.006792201194912195,1.108462929725647,1
15.768,WAIT_WP,1.134950876235962,0.006862024310976267,1.1090941429138184,1
15.768,WAIT_WP,1.134950876235962,0.006862024310976267,1.1090941429138184,1
15.78,WAIT_WP,1.134950876235962,0.006862024310976267,1.1090941429138184,1
15.78,WAIT_WP,1.134950876235962,0.006862024310976267,1.1090941429138184,1
15.78,WAIT_WP,1.142707109451294,0.0069247400388121605,1.1097369194030762,1
15.796,WAIT_WP,1.142707109451294,0.0069247400388121605,1.1097369194030762,1
15.804,WAIT_WP,1.142707109451294,0.0069247400388121605,1.1097369194030762,1
15.808,WAIT_WP,1.142707109451294,0.0069247400388121605,1.1097369194030762,1
15.816,WAIT_WP,1.147754192352295,0.0069634271785616875,1.110164999961853,1
15.816,WAIT_WP,1.147754192352295,0.0069634271785616875,1.110164999961853,1
15.816,WAIT_WP,1.147754192352295,0.0069634271785616875,1.110164999961853,1
15.82,WAIT_WP,1.1527003049850464,0.007000136189162731,1.1106007099151611,1
15.828,WAIT_WP,1.1527003049850464,0.007000136189162731,1.1106007099151611,1
15.832,WAIT_WP,1.1527003049850464,0.007000136189162731,1.1106007099151611,1
15.836,WAIT_WP,1.1527003049850464,0.007000136189162731,1.1106007099151611,1
15.844,WAIT_WP,1.1527003049850464,0.007000136189162731,1.1106007099151611,1
15.848,WAIT_WP,1.1599400043487549,0.007046180311590433,1.1112728118896484,1
15.852,WAIT_WP,1.1599400043487549,0.007046180311590433,1.1112728118896484,1
15.856,WAIT_WP,1.1599400043487549,0.007046180311590433,1.1112728118896484,1
15.864,WAIT_WP,1.164654016494751,0.007071868050843477,1.1117329597473145,1
15.872,WAIT_WP,1.164654016494751,0.007071868050843477,1.1117329597473145,1
15.872,WAIT_WP,1.164654016494751,0.007071868050843477,1.1117329597473145,1
15.872,WAIT_WP,1.164654016494751,0.007071868050843477,1.1117329597473145,1
15.884,WAIT_WP,1.1715571880340576,0.007103491574525833,1.1124330759048462,1
15.888,WAIT_WP,1.1715571880340576,0.007103491574525833,1.1124330759048462,1
15.892,WAIT_WP,1.1715571880340576,0.007103491574525833,1.1124330759048462,1
15.896,WAIT_WP,1.1715571880340576,0.007103491574525833,1.1124330759048462,1
15.904,WAIT_WP,1.1715571880340576,0.007103491574525833,1.1124330759048462,1
15.904,WAIT_WP,1.1782506704330444,0.007127080578356981,1.1131458282470703,1
15.912,WAIT_WP,1.1782506704330444,0.007127080578356981,1.1131458282470703,1
15.916,WAIT_WP,1.1782506704330444,0.007127080578356981,1.1131458282470703,1
15.924,WAIT_WP,1.1782506704330444,0.007127080578356981,1.1131458282470703,1
15.928,WAIT_WP,1.18259596824646,0.007139511406421661,1.1136324405670166,1
15.932,WAIT_WP,1.18259596824646,0.007139511406421661,1.1136324405670166,1
15.936,WAIT_WP,1.18259596824646,0.007139511406421661,1.1136324405670166,1
15.943999999999999,WAIT_WP,1.18259596824646,0.007139511406421661,1.1136324405670166,1
15.948,WAIT_WP,1.186849594116211,0.007147680502384901,1.114124059677124,1
15.952,WAIT_WP,1.186849594116211,0.007147680502384901,1.114124059677124,1
15.956,WAIT_WP,1.186849594116211,0.007147680502384901,1.114124059677124,1
15.964,WAIT_WP,1.193075180053711,0.007165203336626291,1.114875316619873,1
15.968,WAIT_WP,1.193075180053711,0.007165203336626291,1.114875316619873,1
15.972,WAIT_WP,1.193075180053711,0.007165203336626291,1.114875316619873,1
15.975999999999999,WAIT_WP,1.193075180053711,0.007165203336626291,1.114875316619873,1
15.984,WAIT_WP,1.197120189666748,0.007175019942224026,1.1153870820999146,1
15.988,WAIT_WP,1.197120189666748,0.007175019942224026,1.1153870820999146,1
15.992,WAIT_WP,1.197120189666748,0.007175019942224026,1.1153870820999146,1
15.996,WAIT_WP,1.197120189666748,0.007175019942224026,1.1153870820999146,1
16.004,WAIT_WP,1.197120189666748,0.007175019942224026,1.1153870820999146,1
16.004,WAIT_WP,1.2030391693115234,0.007184688467532396,1.116172432899475,1
16.012,WAIT_WP,1.2030391693115234,0.007184688467532396,1.116172432899475,1
16.016,WAIT_WP,1.2030391693115234,0.007184688467532396,1.116172432899475,1
16.024,WAIT_WP,1.2068804502487183,0.0071926424279809,1.1167020797729492,1
16.028,WAIT_WP,1.2068804502487183,0.0071926424279809,1.1167020797729492,1
16.036,WAIT_WP,1.2068804502487183,0.0071926424279809,1.1167020797729492,1
16.036,WAIT_WP,1.2068804502487183,0.0071926424279809,1.1167020797729492,1
16.044,WAIT_WP,1.2068804502487183,0.0071926424279809,1.1167020797729492,1
16.048,WAIT_WP,1.2124871015548706,0.007210224866867065,1.1174942255020142,1
16.048,WAIT_WP,1.2124871015548706,0.007210224866867065,1.1174942255020142,1
16.06,WAIT_WP,1.2124871015548706,0.007210224866867065,1.1174942255020142,1
16.064,WAIT_WP,1.2124871015548706,0.007210224866867065,1.1174942255020142,1
16.064,WAIT_WP,1.2179069519042969,0.007222884334623814,1.1182819604873657,1
16.064,WAIT_WP,1.2179069519042969,0.007222884334623814,1.1182819604873657,1
16.08,WAIT_WP,1.2179069519042969,0.007222884334623814,1.1182819604873657,1
16.084,WAIT_WP,1.2179069519042969,0.007222884334623814,1.1182819604873657,1
16.092,WAIT_WP,1.221415400505066,0.007230253424495459,1.11880362033844,1
16.092,WAIT_WP,1.221415400505066,0.007230253424495459,1.11880362033844,1
16.096,WAIT_WP,1.221415400505066,0.007230253424495459,1.11880362033844,1
16.104,WAIT_WP,1.221415400505066,0.007230253424495459,1.11880362033844,1
16.108,WAIT_WP,1.2248398065567017,0.007235586177557707,1.1193263530731201,1
16.112,WAIT_WP,1.2248398065567017,0.007235586177557707,1.1193263530731201,1
16.116,WAIT_WP,1.2248398065567017,0.007235586177557707,1.1193263530731201,1
16.124,WAIT_WP,1.2297121286392212,0.007250323425978422,1.1200482845306396,1
16.128,WAIT_WP,1.2297121286392212,0.007250323425978422,1.1200482845306396,1
16.136,WAIT_WP,1.2297121286392212,0.007250323425978422,1.1200482845306396,1
16.136,WAIT_WP,1.2297121286392212,0.007250323425978422,1.1200482845306396,1
16.148,WAIT_WP,1.232726812362671,0.007272868882864714,1.120453119277954,1
16.148,WAIT_WP,1.232726812362671,0.007272868882864714,1.120453119277954,1
16.148,WAIT_WP,1.232726812362671,0.007272868882864714,1.120453119277954,1
16.148,WAIT_WP,1.232726812362671,0.007272868882864714,1.120453119277954,1
16.164,WAIT_WP,1.2371156215667725,0.007302535232156515,1.1210581064224243,1
16.168,WAIT_WP,1.2371156215667725,0.007302535232156515,1.1210581064224243,1
16.172,WAIT_WP,1.2371156215667725,0.007302535232156515,1.1210581064224243,1
16.172,WAIT_WP,1.2371156215667725,0.007302535232156515,1.1210581064224243,1
16.184,WAIT_WP,1.2399563789367676,0.007318080868571997,1.1214652061462402,1
16.188,WAIT_WP,1.2399563789367676,0.007318080868571997,1.1214652061462402,1
16.196,WAIT_WP,1.2399563789367676,0.007318080868571997,1.1214652061462402,1
16.196,WAIT_WP,1.2399563789367676,0.007318080868571997,1.1214652061462402,1
16.204,WAIT_WP,1.244086503982544,0.007329796440899372,1.1220874786376953,1
16.208,WAIT_WP,1.244086503982544,0.007329796440899372,1.1220874786376953,1
16.212,WAIT_WP,1.244086503982544,0.007329796440899372,1.1220874786376953,1
16.216,WAIT_WP,1.244086503982544,0.007329796440899372,1.1220874786376953,1
16.228,WAIT_WP,1.2467504739761353,0.007334970869123936,1.122509241104126,1
16.228,WAIT_WP,1.2467504739761353,0.007334970869123936,1.122509241104126,1
16.236,WAIT_WP,1.2467504739761353,0.007334970869123936,1.122509241104126,1
16.24,WAIT_WP,1.2467504739761353,0.007334970869123936,1.122509241104126,1
16.244,WAIT_WP,1.2467504739761353,0.007334970869123936,1.122509241104126,1
16.248,WAIT_WP,1.2506165504455566,0.0073365699499845505,1.1231474876403809,1
16.252,WAIT_WP,1.2506165504455566,0.0073365699499845505,1.1231474876403809,1
16.252,WAIT_WP,1.2506165504455566,0.0073365699499845505,1.1231474876403809,1
16.264,WAIT_WP,1.253113031387329,0.007330513559281826,1.1235779523849487,1
16.268,WAIT_WP,1.253113031387329,0.007330513559281826,1.1235779523849487,1
16.268,WAIT_WP,1.253113031387329,0.007330513559281826,1.1235779523849487,1
16.276,WAIT_WP,1.253113031387329,0.007330513559281826,1.1235779523849487,1
16.284,WAIT_WP,1.256736159324646,0.007318875752389431,1.124239444732666,1
16.288,WAIT_WP,1.256736159324646,0.007318875752389431,1.124239444732666,1
16.292,WAIT_WP,1.256736159324646,0.007318875752389431,1.124239444732666,1
16.296,WAIT_WP,1.256736159324646,0.007318875752389431,1.124239444732666,1
16.304,WAIT_WP,1.256736159324646,0.007318875752389431,1.124239444732666,1
16.308,WAIT_WP,1.2602086067199707,0.00730182696133852,1.1249215602874756,1
16.312,WAIT_WP,1.2602086067199707,0.00730182696133852,1.1249215602874756,1
16.316,WAIT_WP,1.2602086067199707,0.00730182696133852,1.1249215602874756,1
16.32,WAIT_WP,1.2602086067199707,0.00730182696133852,1.1249215602874756,1
16.328,WAIT_WP,1.2624366283416748,0.007287211716175079,1.1253753900527954,1
16.332,WAIT_WP,1.2624366283416748,0.007287211716175079,1.1253753900527954,1
16.336,WAIT_WP,1.2624366283416748,0.007287211716175079,1.1253753900527954,1
16.348,WAIT_WP,1.2624366283416748,0.007287211716175079,1.1253753900527954,1
16.352,WAIT_WP,1.2656619548797607,0.007258224301040173,1.1260632276535034,1
16.352,WAIT_WP,1.2656619548797607,0.007258224301040173,1.1260632276535034,1
16.356,WAIT_WP,1.2656619548797607,0.007258224301040173,1.1260632276535034,1
16.368,WAIT_WP,1.2677292823791504,0.007236701902002096,1.1265275478363037,1
16.368,WAIT_WP,1.2677292823791504,0.007236701902002096,1.1265275478363037,1
16.368,WAIT_WP,1.2677292823791504,0.007236701902002096,1.1265275478363037,1
16.372,WAIT_WP,1.2677292823791504,0.007236701902002096,1.1265275478363037,1
16.372,WAIT_WP,1.2677292823791504,0.007236701902002096,1.1265275478363037,1
16.388,WAIT_WP,1.2707135677337646,0.007206742651760578,1.1272265911102295,1
16.392,WAIT_WP,1.2707135677337646,0.007206742651760578,1.1272265911102295,1
16.396,WAIT_WP,1.2707135677337646,0.007206742651760578,1.1272265911102295,1
16.404,WAIT_WP,1.2707135677337646,0.007206742651760578,1.1272265911102295,1
16.408,WAIT_WP,1.2726188898086548,0.007184990216046572,1.127695918083191,1
16.412,WAIT_WP,1.2726188898086548,0.007184990216046572,1.127695918083191,1
16.42,WAIT_WP,1.2726188898086548,0.007184990216046572,1.127695918083191,1
16.424,WAIT_WP,1.2726188898086548,0.007184990216046572,1.127695918083191,1
16.424,WAIT_WP,1.2744618654251099,0.007159684784710407,1.1281646490097046,1
16.432,WAIT_WP,1.2744618654251099,0.007159684784710407,1.1281646490097046,1
16.432,GOTO,1.2744618654251099,0.007159684784710407,1.1281646490097046,1
16.448,GOTO,1.2771177291870117,0.007124350871890783,1.1288750171661377,1
16.452,GOTO,1.2771177291870117,0.007124350871890783,1.1288750171661377,1
16.456,GOTO,1.2771177291870117,0.007124350871890783,1.1288750171661377,1
16.456,GOTO,1.2771177291870117,0.007124350871890783,1.1288750171661377,1
16.468,GOTO,1.2796475887298584,0.007094135507941246,1.1295875310897827,1
16.472,GOTO,1.2796475887298584,0.007094135507941246,1.1295875310897827,1
16.476,GOTO,1.2796475887298584,0.007094135507941246,1.1295875310897827,1
16.484,GOTO,1.2796475887298584,0.007094135507941246,1.1295875310897827,1
16.484,GOTO,1.2796475887298584,0.007094135507941246,1.1295875310897827,1
16.488,GOTO,1.2812633514404297,0.007071917410939932,1.1300638914108276,1
16.492,GOTO,1.2812633514404297,0.007071917410939932,1.1300638914108276,1
16.496,GOTO,1.2812633514404297,0.007071917410939932,1.1300638914108276,1
16.504,GOTO,1.2812633514404297,0.007071917410939932,1.1300638914108276,1
16.508,GOTO,1.2828212976455688,0.007053473964333534,1.1305406093597412,1
16.512,GOTO,1.2828212976455688,0.007053473964333534,1.1305406093597412,1
16.516,GOTO,1.2828212976455688,0.007053473964333534,1.1305406093597412,1
16.524,GOTO,1.2849059104919434,0.006995101924985647,1.131198763847351,1
16.524,GOTO,1.2849059104919434,0.006995101924985647,1.131198763847351,1
16.532,GOTO,1.2849059104919434,0.006995101924985647,1.131198763847351,1
16.536,GOTO,1.2849059104919434,0.006995101924985647,1.131198763847351,1
16.544,GOTO,1.2849059104919434,0.006995101924985647,1.131198763847351,1
16.544,GOTO,1.286041021347046,0.0069100516848266125,1.1315581798553467,1
16.552,GOTO,1.286041021347046,0.0069100516848266125,1.1315581798553467,1
16.556,GOTO,1.286041021347046,0.0069100516848266125,1.1315581798553467,1
16.564,GOTO,1.2876642942428589,0.006833004765212536,1.1321817636489868,1
16.568,GOTO,1.2876642942428589,0.006833004765212536,1.1321817636489868,1
16.572,GOTO,1.2876642942428589,0.006833004765212536,1.1321817636489868,1
16.572,GOTO,1.2876642942428589,0.006833004765212536,1.1321817636489868,1
16.584,GOTO,1.2876642942428589,0.006833004765212536,1.1321817636489868,1
16.588,GOTO,1.2886883020401,0.00689620990306139,1.1327850818634033,1
16.592,GOTO,1.2886883020401,0.00689620990306139,1.1327850818634033,1
16.596,GOTO,1.2886883020401,0.00689620990306139,1.1327850818634033,1
16.604,GOTO,1.2901476621627808,0.007247256580740213,1.133971929550171,1
16.608,GOTO,1.2901476621627808,0.007247256580740213,1.133971929550171,1
16.612,GOTO,1.2901476621627808,0.007247256580740213,1.133971929550171,1
16.616,GOTO,1.2901476621627808,0.007247256580740213,1.133971929550171,1
16.624,GOTO,1.291064977645874,0.007660078350454569,1.1349190473556519,1
16.628,GOTO,1.291064977645874,0.007660078350454569,1.1349190473556519,1
16.632,GOTO,1.291064977645874,0.007660078350454569,1.1349190473556519,1
16.636,GOTO,1.291064977645874,0.007660078350454569,1.1349190473556519,1
16.644,GOTO,1.291064977645874,0.007660078350454569,1.1349190473556519,1
16.648,GOTO,1.2923661470413208,0.008567250333726406,1.13651704788208,1
16.652,GOTO,1.2923661470413208,0.008567250333726406,1.13651704788208,1
16.656,GOTO,1.2923661470413208,0.008567250333726406,1.13651704788208,1
16.664,GOTO,1.2931783199310303,0.009401721879839897,1.1376646757125854,1
16.668,GOTO,1.2931783199310303,0.009401721879839897,1.1376646757125854,1
16.672,GOTO,1.2931783199310303,0.009401721879839897,1.1376646757125854,1
16.676,GOTO,1.2931783199310303,0.009401721879839897,1.1376646757125854,1
16.684,GOTO,1.2931783199310303,0.009401721879839897,1.1376646757125854,1
16.688,GOTO,1.294326901435852,0.011067836545407772,1.1394394636154175,1
16.692,GOTO,1.294326901435852,0.011067836545407772,1.1394394636154175,1
16.696,GOTO,1.294326901435852,0.011067836545407772,1.1394394636154175,1
16.704,GOTO,1.2950388193130493,0.012506594881415367,1.1406230926513672,1
16.708,GOTO,1.2950388193130493,0.012506594881415367,1.1406230926513672,1
16.712,GOTO,1.2950388193130493,0.012506594881415367,1.1406230926513672,1
16.716,GOTO,1.2950388193130493,0.012506594881415367,1.1406230926513672,1
16.724,GOTO,1.2950388193130493,0.012506594881415367,1.1406230926513672,1
16.728,GOTO,1.2960368394851685,0.015241594053804874,1.1423500776290894,1
16.732,GOTO,1.2960368394851685,0.015241594053804874,1.1423500776290894,1
16.736,GOTO,1.2960368394851685,0.015241594053804874,1.1423500776290894,1
16.744,GOTO,1.2960368394851685,0.015241594053804874,1.1423500776290894,1
16.748,GOTO,1.2963979244232178,0.017406269907951355,1.1433154344558716,1
16.752,GOTO,1.2963979244232178,0.017406269907951355,1.1433154344558716,1
16.756,GOTO,1.2963979244232178,0.017406269907951355,1.1433154344558716,1
16.764,GOTO,1.2968883514404297,0.021342873573303223,1.1446936130523682,1
16.768,GOTO,1.2968883514404297,0.021342873573303223,1.1446936130523682,1
16.772,GOTO,1.2968883514404297,0.021342873573303223,1.1446936130523682,1
16.776,GOTO,1.2968883514404297,0.021342873573303223,1.1446936130523682,1
16.784,GOTO,1.297184944152832,0.024455206468701363,1.1455568075180054,1
16.788,GOTO,1.297184944152832,0.024455206468701363,1.1455568075180054,1
16.792,GOTO,1.297184944152832,0.024455206468701363,1.1455568075180054,1
16.796,GOTO,1.297184944152832,0.024455206468701363,1.1455568075180054,1
16.804,GOTO,1.2975720167160034,0.029880456626415253,1.1467607021331787,1
16.808,GOTO,1.2975720167160034,0.029880456626415253,1.1467607021331787,1
16.812,GOTO,1.2975720167160034,0.029880456626415253,1.1467607021331787,1
16.816,GOTO,1.2975720167160034,0.029880456626415253,1.1467607021331787,1
16.824,GOTO,1.297796607017517,0.03401639685034752,1.1475003957748413,1
16.828,GOTO,1.297796607017517,0.03401639685034752,1.1475003957748413,1
16.832,GOTO,1.297796607017517,0.03401639685034752,1.1475003957748413,1
16.836,GOTO,1.297796607017517,0.03401639685034752,1.1475003957748413,1
16.844,GOTO,1.297796607017517,0.03401639685034752,1.1475003957748413,1
16.844,GOTO,1.298080325126648,0.04099712893366814,1.1485062837600708,1
16.844,GOTO,1.298080325126648,0.04099712893366814,1.1485062837600708,1
16.848,GOTO,1.298080325126648,0.04099712893366814,1.1485062837600708,1
16.864,GOTO,1.2982343435287476,0.04616500437259674,1.1491069793701172,1
16.868,GOTO,1.2982343435287476,0.04616500437259674,1.1491069793701172,1
16.872,GOTO,1.2982343435287476,0.04616500437259674,1.1491069793701172,1
16.876,GOTO,1.2982343435287476,0.04616500437259674,1.1491069793701172,1
16.884,GOTO,1.2982343435287476,0.04616500437259674,1.1491069793701172,1
16.888,GOTO,1.2984106540679932,0.05466520041227341,1.1499165296554565,1
16.892,GOTO,1.2984106540679932,0.05466520041227341,1.1499165296554565,1
16.896,GOTO,1.2984106540679932,0.05466520041227341,1.1499165296554565,1
16.904,GOTO,1.2984925508499146,0.06081771478056908,1.1504007577896118,1
16.908,GOTO,1.2984925508499146,0.06081771478056908,1.1504007577896118,1
16.912,GOTO,1.2984925508499146,0.06081771478056908,1.1504007577896118,1
16.916,GOTO,1.2984925508499146,0.06081771478056908,1.1504007577896118,1
16.924,GOTO,1.2984925508499146,0.06081771478056908,1.1504007577896118,1
16.928,GOTO,1.2985707521438599,0.07073796540498734,1.1510460376739502,1
16.932,GOTO,1.2985707521438599,0.07073796540498734,1.1510460376739502,1
16.936,GOTO,1.2985707521438599,0.07073796540498734,1.1510460376739502,1
16.944,GOTO,1.2985707521438599,0.07073796540498734,1.1510460376739502,1
16.948,GOTO,1.2985916137695312,0.07779581099748611,1.15142822265625,1
16.951999999999998,GOTO,1.2985916137695312,0.07779581099748611,1.15142822265625,1
16.956,GOTO,1.2985916137695312,0.07779581099748611,1.15142822265625,1
16.964,GOTO,1.298572063446045,0.08901770412921906,1.1519287824630737,1
16.968,GOTO,1.298572063446045,0.08901770412921906,1.1519287824630737,1
16.972,GOTO,1.298572063446045,0.08901770412921906,1.1519287824630737,1
16.976,GOTO,1.298572063446045,0.08901770412921906,1.1519287824630737,1
16.984,GOTO,1.2985228300094604,0.09689397364854813,1.152220606803894,1
16.988,GOTO,1.2985228300094604,0.09689397364854813,1.152220606803894,1
16.992,GOTO,1.2985228300094604,0.09689397364854813,1.152220606803894,1
16.992,GOTO,1.2985228300094604,0.09689397364854813,1.152220606803894,1
17.004,GOTO,1.2985228300094604,0.09689397364854813,1.152220606803894,1
17.008,GOTO,1.2984071969985962,0.10925248265266418,1.1526058912277222,1
17.012,GOTO,1.2984071969985962,0.10925248265266418,1.1526058912277222,1
17.016,GOTO,1.2984071969985962,0.10925248265266418,1.1526058912277222,1
17.024,GOTO,1.2984071969985962,0.10925248265266418,1.1526058912277222,1
17.028,GOTO,1.2983039617538452,0.11783101409673691,1.1528351306915283,1
17.032,GOTO,1.2983039617538452,0.11783101409673691,1.1528351306915283,1
17.036,GOTO,1.2983039617538452,0.11783101409673691,1.1528351306915283,1
17.044,GOTO,1.2983039617538452,0.11783101409673691,1.1528351306915283,1
17.048,GOTO,1.2981117963790894,0.13117125630378723,1.1531544923782349,1
17.052,GOTO,1.2981117963790894,0.13117125630378723,1.1531544923782349,1
17.056,GOTO,1.2981117963790894,0.13117125630378723,1.1531544923782349,1
17.064,GOTO,1.2981117963790894,0.13117125630378723,1.1531544923782349,1
17.068,GOTO,1.297959566116333,0.14035971462726593,1.1533522605895996,1
17.072,GOTO,1.297959566116333,0.14035971462726593,1.1533522605895996,1
17.076,GOTO,1.297959566116333,0.14035971462726593,1.1533522605895996,1
17.084,GOTO,1.297959566116333,0.14035971462726593,1.1533522605895996,1
17.088,GOTO,1.2976996898651123,0.15453815460205078,1.1536375284194946,1
17.092,GOTO,1.2976996898651123,0.15453815460205078,1.1536375284194946,1
17.096,GOTO,1.2976996898651123,0.15453815460205078,1.1536375284194946,1
17.104,GOTO,1.2976996898651123,0.15453815460205078,1.1536375284194946,1
17.108,GOTO,1.2974987030029297,0.16423621773719788,1.1538255214691162,1
17.112,GOTO,1.2974987030029297,0.16423621773719788,1.1538255214691162,1
17.116,GOTO,1.2974987030029297,0.16423621773719788,1.1538255214691162,1
17.124,GOTO,1.2974987030029297,0.16423621773719788,1.1538255214691162,1
17.128,GOTO,1.2971572875976562,0.17913326621055603,1.1541036367416382,1
17.132,GOTO,1.2971572875976562,0.17913326621055603,1.1541036367416382,1
17.136,GOTO,1.2971572875976562,0.17913326621055603,1.1541036367416382,1
17.144,GOTO,1.2971572875976562,0.17913326621055603,1.1541036367416382,1
17.148,GOTO,1.2965527772903442,0.1887402981519699,1.1541932821273804,1
17.152,GOTO,1.2965527772903442,0.1887402981519699,1.1541932821273804,1
17.156,GOTO,1.2965527772903442,0.1887402981519699,1.1541932821273804,1
17.164,GOTO,1.2956416606903076,0.2034841775894165,1.1543428897857666,1
17.168,GOTO,1.2956416606903076,0.2034841775894165,1.1543428897857666,1
17.172,GOTO,1.2956416606903076,0.2034841775894165,1.1543428897857666,1
17.176,GOTO,1.2956416606903076,0.2034841775894165,1.1543428897857666,1
17.184,GOTO,1.2950270175933838,0.21352222561836243,1.1544455289840698,1
17.188,GOTO,1.2950270175933838,0.21352222561836243,1.1544455289840698,1
17.192,GOTO,1.2950270175933838,0.21352222561836243,1.1544455289840698,1
17.196,GOTO,1.2950270175933838,0.21352222561836243,1.1544455289840698,1
17.204,GOTO,1.2950270175933838,0.21352222561836243,1.1544455289840698,1
17.208,GOTO,1.294105052947998,0.22886450588703156,1.1546131372451782,1
17.212,GOTO,1.294105052947998,0.22886450588703156,1.1546131372451782,1
17.216,GOTO,1.294105052947998,0.22886450588703156,1.1546131372451782,1
17.224,GOTO,1.2934924364089966,0.23926495015621185,1.1547297239303589,1
17.228,GOTO,1.2934924364089966,0.23926495015621185,1.1547297239303589,1
17.232,GOTO,1.2934924364089966,0.23926495015621185,1.1547297239303589,1
17.236,GOTO,1.2934924364089966,0.23926495015621185,1.1547297239303589,1
17.244,GOTO,1.292575478553772,0.25510528683662415,1.1549137830734253,1
17.248,GOTO,1.292575478553772,0.25510528683662415,1.1549137830734253,1
17.252,GOTO,1.292575478553772,0.25510528683662415,1.1549137830734253,1
17.256,GOTO,1.292575478553772,0.25510528683662415,1.1549137830734253,1
17.264,GOTO,1.2919583320617676,0.2658046782016754,1.15505051612854,1
17.268,GOTO,1.2919583320617676,0.2658046782016754,1.15505051612854,1
17.272,GOTO,1.2919583320617676,0.2658046782016754,1.15505051612854,1
17.276,GOTO,1.2919583320617676,0.2658046782016754,1.15505051612854,1
17.284,GOTO,1.2910149097442627,0.2820495069026947,1.1552691459655762,1
17.288,GOTO,1.2910149097442627,0.2820495069026947,1.1552691459655762,1
17.292,GOTO,1.2910149097442627,0.2820495069026947,1.1552691459655762,1
17.296,GOTO,1.2910149097442627,0.2820495069026947,1.1552691459655762,1
17.304,GOTO,1.2903779745101929,0.2930033206939697,1.1554232835769653,1
17.308,GOTO,1.2903779745101929,0.2930033206939697,1.1554232835769653,1
17.312,GOTO,1.2903779745101929,0.2930033206939697,1.1554232835769653,1
17.316,GOTO,1.2903779745101929,0.2930033206939697,1.1554232835769653,1
17.324,GOTO,1.2894182205200195,0.30960574746131897,1.155663251876831,1
17.328,GOTO,1.2894182205200195,0.30960574746131897,1.155663251876831,1
17.332,GOTO,1.2894182205200195,0.30960574746131897,1.155663251876831,1
17.336,GOTO,1.2894182205200195,0.30960574746131897,1.155663251876831,1
17.344,GOTO,1.2894182205200195,0.30960574746131897,1.155663251876831,1
17.348,GOTO,1.2887789011001587,0.32078349590301514,1.1558257341384888,1
17.352,GOTO,1.2887789011001587,0.32078349590301514,1.1558257341384888,1
17.356,GOTO,1.2887789011001587,0.32078349590301514,1.1558257341384888,1
17.364,GOTO,1.2878062725067139,0.33769452571868896,1.1560819149017334,1
17.368,GOTO,1.2878062725067139,0.33769452571868896,1.1560819149017334,1
17.372,GOTO,1.2878062725067139,0.33769452571868896,1.1560819149017334,1
17.376,GOTO,1.2878062725067139,0.33769452571868896,1.1560819149017334,1
17.384,GOTO,1.2878062725067139,0.33769452571868896,1.1560819149017334,1
17.388,GOTO,1.2871546745300293,0.3490539789199829,1.1562546491622925,1
17.392,GOTO,1.2871546745300293,0.3490539789199829,1.1562546491622925,1
17.396,GOTO,1.2871546745300293,0.3490539789199829,1.1562546491622925,1
17.404,GOTO,1.2871546745300293,0.3490539789199829,1.1562546491622925,1
17.408,GOTO,1.286172866821289,0.3662055432796478,1.15651273727417,1
17.412,GOTO,1.286172866821289,0.3662055432796478,1.15651273727417,1
17.416,GOTO,1.286172866821289,0.3662055432796478,1.15651273727417,1
17.424,GOTO,1.285508632659912,0.3777101933956146,1.1566847562789917,1
17.428,GOTO,1.285508632659912,0.3777101933956146,1.1566847562789917,1
17.432,GOTO,1.285508632659912,0.3777101933956146,1.1566847562789917,1
17.436,GOTO,1.285508632659912,0.3777101933956146,1.1566847562789917,1
17.444,GOTO,1.285508632659912,0.3777101933956146,1.1566847562789917,1
17.448,GOTO,1.284498929977417,0.395048052072525,1.1569489240646362,1
17.452,GOTO,1.284498929977417,0.395048052072525,1.1569489240646362,1
17.456,GOTO,1.284498929977417,0.395048052072525,1.1569489240646362,1
17.464,GOTO,1.2838222980499268,0.4066524803638458,1.1571303606033325,1
17.468,GOTO,1.2838222980499268,0.4066524803638458,1.1571303606033325,1
17.472,GOTO,1.2838222980499268,0.4066524803638458,1.1571303606033325,1
17.476,GOTO,1.2838222980499268,0.4066524803638458,1.1571303606033325,1
17.484,GOTO,1.2828019857406616,0.4241192936897278,1.1574078798294067,1
17.488,GOTO,1.2828019857406616,0.4241192936897278,1.1574078798294067,1
17.492,GOTO,1.2828019857406616,0.4241192936897278,1.1574078798294067,1
17.496,GOTO,1.2828019857406616,0.4241192936897278,1.1574078798294067,1
17.504,GOTO,1.2828019857406616,0.4241192936897278,1.1574078798294067,1
17.508,GOTO,1.2821128368377686,0.4357891082763672,1.1575934886932373,1
17.512,GOTO,1.2821128368377686,0.4357891082763672,1.1575934886932373,1
17.516,GOTO,1.2821128368377686,0.4357891082763672,1.1575934886932373,1
17.524,GOTO,1.2810670137405396,0.453326940536499,1.1578729152679443,1
17.528,GOTO,1.2810670137405396,0.453326940536499,1.1578729152679443,1
17.532,GOTO,1.2810670137405396,0.453326940536499,1.1578729152679443,1
17.536,GOTO,1.2810670137405396,0.453326940536499,1.1578729152679443,1
17.544,GOTO,1.2810670137405396,0.453326940536499,1.1578729152679443,1
17.548000000000002,GOTO,1.2799198627471924,0.46471351385116577,1.157950758934021,1
17.552,GOTO,1.2799198627471924,0.46471351385116577,1.157950758934021,1
17.556,GOTO,1.2799198627471924,0.46471351385116577,1.157950758934021,1
17.564,GOTO,1.2799198627471924,0.46471351385116577,1.157950758934021,1
17.568,GOTO,1.2782402038574219,0.4818183481693268,1.1580924987792969,1
17.572,GOTO,1.2782402038574219,0.4818183481693268,1.1580924987792969,1
17.576,GOTO,1.2782402038574219,0.4818183481693268,1.1580924987792969,1
17.584,GOTO,1.2782402038574219,0.4818183481693268,1.1580924987792969,1
17.588,GOTO,1.277143955230713,0.49323341250419617,1.1581951379776,1
17.592,GOTO,1.277143955230713,0.49323341250419617,1.1581951379776,1
17.596,GOTO,1.277143955230713,0.49323341250419617,1.1581951379776,1
17.604,GOTO,1.2755309343338013,0.5103607177734375,1.1583569049835205,1
17.608,GOTO,1.2755309343338013,0.5103607177734375,1.1583569049835205,1
17.612,GOTO,1.2755309343338013,0.5103607177734375,1.1583569049835205,1
17.616,GOTO,1.2755309343338013,0.5103607177734375,1.1583569049835205,1
17.624,GOTO,1.274476170539856,0.5217728614807129,1.1584731340408325,1
17.628,GOTO,1.274476170539856,0.5217728614807129,1.1584731340408325,1
17.632,GOTO,1.274476170539856,0.5217728614807129,1.1584731340408325,1
17.636,GOTO,1.274476170539856,0.5217728614807129,1.1584731340408325,1
17.644,GOTO,1.274476170539856,0.5217728614807129,1.1584731340408325,1
17.648,GOTO,1.272918462753296,0.5388725399971008,1.1586544513702393,1
17.652,GOTO,1.272918462753296,0.5388725399971008,1.1586544513702393,1
17.656,GOTO,1.272918462753296,0.5388725399971008,1.1586544513702393,1
17.664,GOTO,1.272918462753296,0.5388725399971008,1.1586544513702393,1
17.668,GOTO,1.2718979120254517,0.550250232219696,1.1587841510772705,1
17.672,GOTO,1.2718979120254517,0.550250232219696,1.1587841510772705,1
17.676,GOTO,1.2718979120254517,0.550250232219696,1.1587841510772705,1
17.684,GOTO,1.2718979120254517,0.550250232219696,1.1587841510772705,1
17.688,GOTO,1.2703883647918701,0.567281186580658,1.1590025424957275,1
17.692,GOTO,1.2703883647918701,0.567281186580658,1.1590025424957275,1
17.696,GOTO,1.2703883647918701,0.567281186580658,1.1590025424957275,1
17.704,GOTO,1.2703883647918701,0.567281186580658,1.1590025424957275,1
17.708,GOTO,1.2693909406661987,0.5786062479019165,1.159160852432251,1
17.712,GOTO,1.2693909406661987,0.5786062479019165,1.159160852432251,1
17.716,GOTO,1.2693909406661987,0.5786062479019165,1.159160852432251,1
17.724,GOTO,1.2693909406661987,0.5786062479019165,1.159160852432251,1
17.728,GOTO,1.2679117918014526,0.5955347418785095,1.1594144105911255,1
17.732,GOTO,1.2679117918014526,0.5955347418785095,1.1594144105911255,1
17.736,GOTO,1.2679117918014526,0.5955347418785095,1.1594144105911255,1
17.744,GOTO,1.2679117918014526,0.5955347418785095,1.1594144105911255,1
17.748,GOTO,1.2669371366500854,0.6067699790000916,1.15959632396698,1
17.752,GOTO,1.2669371366500854,0.6067699790000916,1.15959632396698,1
17.756,GOTO,1.2669371366500854,0.6067699790000916,1.15959632396698,1
17.764,GOTO,1.2669371366500854,0.6067699790000916,1.15959632396698,1
17.768,GOTO,1.2655071020126343,0.6235446929931641,1.15987229347229,1
17.772,GOTO,1.2655071020126343,0.6235446929931641,1.15987229347229,1
17.776,GOTO,1.2655071020126343,0.6235446929931641,1.15987229347229,1
17.784,GOTO,1.2655071020126343,0.6235446929931641,1.15987229347229,1
17.788,GOTO,1.264566421508789,0.6346724629402161,1.160060167312622,1
17.792,GOTO,1.264566421508789,0.6346724629402161,1.160060167312622,1
17.796,GOTO,1.264566421508789,0.6346724629402161,1.160060167312622,1
17.804,GOTO,1.264566421508789,0.6346724629402161,1.160060167312622,1
17.808,GOTO,1.263174295425415,0.651274561882019,1.160348892211914,1
17.812,GOTO,1.263174295425415,0.651274561882019,1.160348892211914,1
17.812,GOTO,1.263174295425415,0.651274561882019,1.160348892211914,1
17.824,GOTO,1.2622594833374023,0.6622740626335144,1.1605397462844849,1
17.828,GOTO,1.2622594833374023,0.6622740626335144,1.1605397462844849,1
17.832,GOTO,1.2622594833374023,0.6622740626335144,1.1605397462844849,1
17.836,GOTO,1.2622594833374023,0.6622740626335144,1.1605397462844849,1
17.844,GOTO,1.2622594833374023,0.6622740626335144,1.1605397462844849,1
17.848,GOTO,1.2609144449234009,0.6786535978317261,1.1608271598815918,1
17.852,GOTO,1.2609144449234009,0.6786535978317261,1.1608271598815918,1
17.856,GOTO,1.2609144449234009,0.6786535978317261,1.1608271598815918,1
17.864,GOTO,1.2609144449234009,0.6786535978317261,1.1608271598815918,1
17.868,GOTO,1.2600288391113281,0.6894916296005249,1.1610184907913208,1
17.872,GOTO,1.2600288391113281,0.6894916296005249,1.1610184907913208,1
17.876,GOTO,1.2600288391113281,0.6894916296005249,1.1610184907913208,1
17.884,GOTO,1.2600288391113281,0.6894916296005249,1.1610184907913208,1
17.888,GOTO,1.258713722229004,0.7056280970573425,1.1613038778305054,1
17.892,GOTO,1.258713722229004,0.7056280970573425,1.1613038778305054,1
17.896,GOTO,1.258713722229004,0.7056280970573425,1.1613038778305054,1
17.904,GOTO,1.258713722229004,0.7056280970573425,1.1613038778305054,1
17.908,GOTO,1.2578508853912354,0.7162941098213196,1.1614961624145508,1
17.912,GOTO,1.2578508853912354,0.7162941098213196,1.1614961624145508,1
17.916,GOTO,1.2578508853912354,0.7162941098213196,1.1614961624145508,1
17.924,GOTO,1.256578803062439,0.7321606278419495,1.1617834568023682,1
17.928,GOTO,1.256578803062439,0.7321606278419495,1.1617834568023682,1
17.932,GOTO,1.256578803062439,0.7321606278419495,1.1617834568023682,1
17.936,GOTO,1.256578803062439,0.7321606278419495,1.1617834568023682,1
17.944,GOTO,1.256578803062439,0.7321606278419495,1.1617834568023682,1
17.948,GOTO,1.2552385330200195,0.7425177097320557,1.1618868112564087,1
17.951999999999998,GOTO,1.2552385330200195,0.7425177097320557,1.1618868112564087,1
17.956,GOTO,1.2552385330200195,0.7425177097320557,1.1618868112564087,1
17.964,GOTO,1.2532932758331299,0.7579220533370972,1.1620595455169678,1
17.968,GOTO,1.2532932758331299,0.7579220533370972,1.1620595455169678,1
17.972,GOTO,1.2532932758331299,0.7579220533370972,1.1620595455169678,1
17.976,GOTO,1.2532932758331299,0.7579220533370972,1.1620595455169678,1
17.984,GOTO,1.2532932758331299,0.7579220533370972,1.1620595455169678,1
17.988,GOTO,1.252038836479187,0.768097996711731,1.1621874570846558,1
17.992,GOTO,1.252038836479187,0.768097996711731,1.1621874570846558,1
17.996,GOTO,1.252038836479187,0.768097996711731,1.1621874570846558,1
18.004,GOTO,1.252038836479187,0.768097996711731,1.1621874570846558,1
18.008,GOTO,1.2502192258834839,0.7832144498825073,1.162386178970337,1
18.012,GOTO,1.2502192258834839,0.7832144498825073,1.162386178970337,1
18.016,GOTO,1.2502192258834839,0.7832144498825073,1.162386178970337,1
18.024,GOTO,1.249050498008728,0.7931859493255615,1.162523627281189,1
18.028,GOTO,1.249050498008728,0.7931859493255615,1.162523627281189,1
18.032,GOTO,1.249050498008728,0.7931859493255615,1.162523627281189,1
18.036,GOTO,1.249050498008728,0.7931859493255615,1.162523627281189,1
18.044,GOTO,1.249050498008728,0.7931859493255615,1.162523627281189,1
18.048,GOTO,1.2473498582839966,0.807988703250885,1.162727952003479,1
18.052,GOTO,1.2473498582839966,0.807988703250885,1.162727952003479,1
18.056,GOTO,1.2473498582839966,0.807988703250885,1.162727952003479,1
18.064,GOTO,1.2473498582839966,0.807988703250885,1.162727952003479,1
18.068,GOTO,1.2462509870529175,0.8177512884140015,1.1628621816635132,1
18.072,GOTO,1.2462509870529175,0.8177512884140015,1.1628621816635132,1
18.076,GOTO,1.2462509870529175,0.8177512884140015,1.1628621816635132,1
18.084,GOTO,1.2462509870529175,0.8177512884140015,1.1628621816635132,1
18.088,GOTO,1.2446540594100952,0.832232654094696,1.1630723476409912,1
18.092,GOTO,1.2446540594100952,0.832232654094696,1.1630723476409912,1
18.096,GOTO,1.2446540594100952,0.832232654094696,1.1630723476409912,1
18.104,GOTO,1.2446540594100952,0.832232654094696,1.1630723476409912,1
18.108,GOTO,1.2436201572418213,0.8417730927467346,1.1632187366485596,1
18.112,GOTO,1.2436201572418213,0.8417730927467346,1.1632187366485596,1
18.116,GOTO,1.2436201572418213,0.8417730927467346,1.1632187366485596,1
18.124,GOTO,1.2436201572418213,0.8417730927467346,1.1632187366485596,1
18.128,GOTO,1.2421140670776367,0.8559171557426453,1.1634446382522583,1
18.132,GOTO,1.2421140670776367,0.8559171557426453,1.1634446382522583,1
18.136,GOTO,1.2421140670776367,0.8559171557426453,1.1634446382522583,1
18.144,GOTO,1.2411412000656128,0.8652306795120239,1.1635977029800415,1
18.148,GOTO,1.2411412000656128,0.8652306795120239,1.1635977029800415,1
18.152,GOTO,1.2411412000656128,0.8652306795120239,1.1635977029800415,1
18.156,GOTO,1.2411412000656128,0.8652306795120239,1.1635977029800415,1
18.164,GOTO,1.2411412000656128,0.8652306795120239,1.1635977029800415,1
18.168,GOTO,1.2397263050079346,0.8790270686149597,1.1638294458389282,1
18.172,GOTO,1.2397263050079346,0.8790270686149597,1.1638294458389282,1
18.176,GOTO,1.2397263050079346,0.8790270686149597,1.1638294458389282,1
18.184,GOTO,1.2388142347335815,0.8881022334098816,1.1639922857284546,1
18.188,GOTO,1.2388142347335815,0.8881022334098816,1.1639922857284546,1
18.192,GOTO,1.2388142347335815,0.8881022334098816,1.1639922857284546,1
18.196,GOTO,1.2388142347335815,0.8881022334098816,1.1639922857284546,1
18.204,GOTO,1.2388142347335815,0.8881022334098816,1.1639922857284546,1
18.208,GOTO,1.2374862432479858,0.9015293121337891,1.1642451286315918,1
18.212,GOTO,1.2374862432479858,0.9015293121337891,1.1642451286315918,1
18.216,GOTO,1.2374862432479858,0.9015293121337891,1.1642451286315918,1
18.224,GOTO,1.2366315126419067,0.9103578329086304,1.1644126176834106,1
18.228,GOTO,1.2366315126419067,0.9103578329086304,1.1644126176834106,1
18.232,GOTO,1.2366315126419067,0.9103578329086304,1.1644126176834106,1
18.236,GOTO,1.2366315126419067,0.9103578329086304,1.1644126176834106,1
18.244,GOTO,1.2366315126419067,0.9103578329086304,1.1644126176834106,1
18.248,GOTO,1.235397219657898,0.9234076738357544,1.1646568775177002,1
18.252,GOTO,1.235397219657898,0.9234076738357544,1.1646568775177002,1
18.256,GOTO,1.235397219657898,0.9234076738357544,1.1646568775177002,1
18.264,GOTO,1.2346073389053345,0.9319831728935242,1.1648197174072266,1
18.268,GOTO,1.2346073389053345,0.9319831728935242,1.1648197174072266,1
18.272,GOTO,1.2346073389053345,0.9319831728935242,1.1648197174072266,1
18.276,GOTO,1.2346073389053345,0.9319831728935242,1.1648197174072266,1
18.284,GOTO,1.2334718704223633,0.944652795791626,1.165066123008728,1
18.288,GOTO,1.2334718704223633,0.944652795791626,1.165066123008728,1
18.292,GOTO,1.2334718704223633,0.944652795791626,1.165066123008728,1
18.296,GOTO,1.2334718704223633,0.944652795791626,1.165066123008728,1
18.304,GOTO,1.2327395677566528,0.9529671669006348,1.1652296781539917,1
18.308,GOTO,1.2327395677566528,0.9529671669006348,1.1652296781539917,1
18.312,GOTO,1.2327395677566528,0.9529671669006348,1.1652296781539917,1
18.316,GOTO,1.2327395677566528,0.9529671669006348,1.1652296781539917,1
18.324,GOTO,1.2327395677566528,0.9529671669006348,1.1652296781539917,1
18.328,GOTO,1.2316786050796509,0.9652424454689026,1.165489673614502,1
18.332,GOTO,1.2316786050796509,0.9652424454689026,1.165489673614502,1
18.336,WAIT_WP,1.2316786050796509,0.9652424454689026,1.165489673614502,1
18.344,WAIT_WP,1.2316786050796509,0.9652424454689026,1.165489673614502,1
18.348,WAIT_WP,1.230464220046997,0.9732788801193237,1.165571928024292,1
18.352,WAIT_WP,1.230464220046997,0.9732788801193237,1.165571928024292,1
18.356,WAIT_WP,1.230464220046997,0.9732788801193237,1.165571928024292,1
18.364,WAIT_WP,1.230464220046997,0.9732788801193237,1.165571928024292,1
18.368,WAIT_WP,1.2287219762802124,0.985142707824707,1.1657136678695679,1
18.372,WAIT_WP,1.2287219762802124,0.985142707824707,1.1657136678695679,1
18.376,WAIT_WP,1.2287219762802124,0.985142707824707,1.1657136678695679,1
18.384,WAIT_WP,1.2287219762802124,0.985142707824707,1.1657136678695679,1
18.388,WAIT_WP,1.227615237236023,0.9929242134094238,1.1658159494400024,1
18.392,WAIT_WP,1.227615237236023,0.9929242134094238,1.1658159494400024,1
18.396,WAIT_WP,1.227615237236023,0.9929242134094238,1.1658159494400024,1
18.404,WAIT_WP,1.226025104522705,1.0044053792953491,1.1659798622131348,1
18.408,WAIT_WP,1.226025104522705,1.0044053792953491,1.1659798622131348,1
18.412,WAIT_WP,1.226025104522705,1.0044053792953491,1.1659798622131348,1
18.416,WAIT_WP,1.226025104522705,1.0044053792953491,1.1659798622131348,1
18.424,WAIT_WP,1.226025104522705,1.0044053792953491,1.1659798622131348,1
18.428,WAIT_WP,1.2250137329101562,1.0119327306747437,1.1661003828048706,1
18.432,WAIT_WP,1.2250137329101562,1.0119327306747437,1.1661003828048706,1
18.436,WAIT_WP,1.2250137329101562,1.0119327306747437,1.1661003828048706,1
18.444,WAIT_WP,1.2250137329101562,1.0119327306747437,1.1661003828048706,1
18.448,WAIT_WP,1.2235652208328247,1.023025631904602,1.1662925481796265,1
18.452,WAIT_WP,1.2235652208328247,1.023025631904602,1.1662925481796265,1
18.456,WAIT_WP,1.2235652208328247,1.023025631904602,1.1662925481796265,1
18.464,WAIT_WP,1.2235652208328247,1.023025631904602,1.1662925481796265,1
18.468,WAIT_WP,1.222642421722412,1.0302894115447998,1.1664369106292725,1
18.472,WAIT_WP,1.222642421722412,1.0302894115447998,1.1664369106292725,1
18.476,WAIT_WP,1.222642421722412,1.0302894115447998,1.1664369106292725,1
18.484,WAIT_WP,1.22132408618927,1.0409791469573975,1.166671633720398,1
18.488,WAIT_WP,1.22132408618927,1.0409791469573975,1.166671633720398,1
18.492,WAIT_WP,1.22132408618927,1.0409791469573975,1.166671633720398,1
18.496,WAIT_WP,1.22132408618927,1.0409791469573975,1.166671633720398,1
18.504,WAIT_WP,1.22132408618927,1.0409791469573975,1.166671633720398,1
18.508,WAIT_WP,1.2204835414886475,1.0479656457901,1.166837453842163,1
18.512,WAIT_WP,1.2204835414886475,1.0479656457901,1.166837453842163,1
18.516,WAIT_WP,1.2204835414886475,1.0479656457901,1.166837453842163,1
18.524,WAIT_WP,1.2204835414886475,1.0479656457901,1.166837453842163,1
18.528,WAIT_WP,1.2192753553390503,1.0582438707351685,1.1670867204666138,1
18.532,WAIT_WP,1.2192753553390503,1.0582438707351685,1.1670867204666138,1
18.536,WAIT_WP,1.2192753553390503,1.0582438707351685,1.1670867204666138,1
18.544,WAIT_WP,1.2192753553390503,1.0582438707351685,1.1670867204666138,1
18.548000000000002,WAIT_WP,1.2185009717941284,1.064956784248352,1.1672509908676147,1
18.552,WAIT_WP,1.2185009717941284,1.064956784248352,1.1672509908676147,1
18.556,WAIT_WP,1.2185009717941284,1.064956784248352,1.1672509908676147,1
18.564,WAIT_WP,1.2185009717941284,1.064956784248352,1.1672509908676147,1
18.568,WAIT_WP,1.2173821926116943,1.074820876121521,1.1675002574920654,1
18.572,WAIT_WP,1.2173821926116943,1.074820876121521,1.1675002574920654,1
18.576,WAIT_WP,1.2173821926116943,1.074820876121521,1.1675002574920654,1
18.584,WAIT_WP,1.2173821926116943,1.074820876121521,1.1675002574920654,1
18.588,WAIT_WP,1.2166621685028076,1.081262469291687,1.1676722764968872,1
18.592,WAIT_WP,1.2166621685028076,1.081262469291687,1.1676722764968872,1
18.596,WAIT_WP,1.2166621685028076,1.081262469291687,1.1676722764968872,1
18.604,WAIT_WP,1.2156296968460083,1.0907249450683594,1.1679340600967407,1
18.608,WAIT_WP,1.2156296968460083,1.0907249450683594,1.1679340600967407,1
18.612,WAIT_WP,1.2156296968460083,1.0907249450683594,1.1679340600967407,1
18.616,WAIT_WP,1.2156296968460083,1.0907249450683594,1.1679340600967407,1
18.624,WAIT_WP,1.214968204498291,1.096901535987854,1.1681119203567505,1
18.628,WAIT_WP,1.214968204498291,1.096901535987854,1.1681119203567505,1
18.632,WAIT_WP,1.214968204498291,1.096901535987854,1.1681119203567505,1
18.636,WAIT_WP,1.214968204498291,1.096901535987854,1.1681119203567505,1
18.644,WAIT_WP,1.2140182256698608,1.105963945388794,1.1683857440948486,1
18.648,WAIT_WP,1.2140182256698608,1.105963945388794,1.1683857440948486,1
18.652,WAIT_WP,1.2140182256698608,1.105963945388794,1.1683857440948486,1
18.656,WAIT_WP,1.2140182256698608,1.105963945388794,1.1683857440948486,1
18.664,WAIT_WP,1.2140182256698608,1.105963945388794,1.1683857440948486,1
18.668,WAIT_WP,1.213410496711731,1.1118742227554321,1.1685711145401,1
18.672,WAIT_WP,1.213410496711731,1.1118742227554321,1.1685711145401,1
18.676,WAIT_WP,1.213410496711731,1.1118742227554321,1.1685711145401,1
18.684,WAIT_WP,1.2125450372695923,1.1205395460128784,1.1688563823699951,1
18.688,WAIT_WP,1.2125450372695923,1.1205395460128784,1.1688563823699951,1
18.692,WAIT_WP,1.2125450372695923,1.1205395460128784,1.1688563823699951,1
18.696,WAIT_WP,1.2125450372695923,1.1205395460128784,1.1688563823699951,1
18.704,WAIT_WP,1.2119929790496826,1.1261849403381348,1.169045329093933,1
18.708,WAIT_WP,1.2119929790496826,1.1261849403381348,1.169045329093933,1
18.712,WAIT_WP,1.2119929790496826,1.1261849403381348,1.169045329093933,1
18.716,WAIT_WP,1.2119929790496826,1.1261849403381348,1.169045329093933,1
18.724,WAIT_WP,1.2112058401107788,1.134467363357544,1.1693251132965088,1
18.728,WAIT_WP,1.2112058401107788,1.134467363357544,1.1693251132965088,1
18.732,WAIT_WP,1.2112058401107788,1.134467363357544,1.1693251132965088,1
18.736,WAIT_WP,1.2112058401107788,1.134467363357544,1.1693251132965088,1
18.744,WAIT_WP,1.210091233253479,1.139728307723999,1.169395089149475,1
18.748,WAIT_WP,1.210091233253479,1.139728307723999,1.169395089149475,1
18.752,WAIT_WP,1.210091233253479,1.139728307723999,1.169395089149475,1
18.756,WAIT_WP,1.210091233253479,1.139728307723999,1.169395089149475,1
18.764,WAIT_WP,1.210091233253479,1.139728307723999,1.169395089149475,1
18.768,WAIT_WP,1.2085108757019043,1.1474387645721436,1.1695106029510498,1
18.772,WAIT_WP,1.2085108757019043,1.1474387645721436,1.1695106029510498,1
18.776,WAIT_WP,1.2085108757019043,1.1474387645721436,1.1695106029510498,1
18.784,WAIT_WP,1.2085108757019043,1.1474387645721436,1.1695106029510498,1
18.788,WAIT_WP,1.2075135707855225,1.1524603366851807,1.1695996522903442,1
18.792,WAIT_WP,1.2075135707855225,1.1524603366851807,1.1695996522903442,1
18.796,WAIT_WP,1.2075135707855225,1.1524603366851807,1.1695996522903442,1
18.804,WAIT_WP,1.2061004638671875,1.1598122119903564,1.169754981994629,1
18.808,WAIT_WP,1.2061004638671875,1.1598122119903564,1.169754981994629,1
18.812,WAIT_WP,1.2061004638671875,1.1598122119903564,1.169754981994629,1
18.816,WAIT_WP,1.2061004638671875,1.1598122119903564,1.169754981994629,1
18.824,WAIT_WP,1.2061004638671875,1.1598122119903564,1.169754981994629,1
18.828,WAIT_WP,1.2052092552185059,1.1645938158035278,1.169869303703308,1
18.832,WAIT_WP,1.2052092552185059,1.1645938158035278,1.169869303703308,1
18.836,WAIT_WP,1.2052092552185059,1.1645938158035278,1.169869303703308,1
18.844,WAIT_WP,1.2039543390274048,1.1715834140777588,1.1700485944747925,1
18.848,WAIT_WP,1.2039543390274048,1.1715834140777588,1.1700485944747925,1
18.852,WAIT_WP,1.2039543390274048,1.1715834140777588,1.1700485944747925,1
18.856,WAIT_WP,1.2039543390274048,1.1715834140777588,1.1700485944747925,1
18.864,WAIT_WP,1.2039543390274048,1.1715834140777588,1.1700485944747925,1
18.868,WAIT_WP,1.2031621932983398,1.1761257648468018,1.170174241065979,1
18.872,WAIT_WP,1.2031621932983398,1.1761257648468018,1.170174241065979,1
18.876,WAIT_WP,1.2031621932983398,1.1761257648468018,1.170174241065979,1
18.884,WAIT_WP,1.2020375728607178,1.1827714443206787,1.170369267463684,1
18.888,WAIT_WP,1.2020375728607178,1.1827714443206787,1.170369267463684,1
18.892,WAIT_WP,1.2020375728607178,1.1827714443206787,1.170369267463684,1
18.896,WAIT_WP,1.2020375728607178,1.1827714443206787,1.170369267463684,1
18.904,WAIT_WP,1.2020375728607178,1.1827714443206787,1.170369267463684,1
18.908,WAIT_WP,1.201324701309204,1.1870893239974976,1.1705045700073242,1
18.912,WAIT_WP,1.201324701309204,1.1870893239974976,1.1705045700073242,1
18.916,WAIT_WP,1.201324701309204,1.1870893239974976,1.1705045700073242,1
18.924,WAIT_WP,1.2003151178359985,1.1933866739273071,1.1707226037979126,1
18.928,WAIT_WP,1.2003151178359985,1.1933866739273071,1.1707226037979126,1
18.932,WAIT_WP,1.2003151178359985,1.1933866739273071,1.1707226037979126,1
18.936,WAIT_WP,1.2003151178359985,1.1933866739273071,1.1707226037979126,1
18.944,WAIT_WP,1.1996819972991943,1.1974680423736572,1.1708769798278809,1
18.948,WAIT_WP,1.1996819972991943,1.1974680423736572,1.1708769798278809,1
18.951999999999998,WAIT_WP,1.1996819972991943,1.1974680423736572,1.1708769798278809,1
18.956,WAIT_WP,1.1996819972991943,1.1974680423736572,1.1708769798278809,1
18.964,WAIT_WP,1.1996819972991943,1.1974680423736572,1.1708769798278809,1
18.968,WAIT_WP,1.1987950801849365,1.2034178972244263,1.1711171865463257,1
18.972,WAIT_WP,1.1987950801849365,1.2034178972244263,1.1711171865463257,1
18.976,WAIT_WP,1.1987950801849365,1.2034178972244263,1.1711171865463257,1
18.984,WAIT_WP,1.1987950801849365,1.2034178972244263,1.1711171865463257,1
18.988,WAIT_WP,1.198239803314209,1.2072737216949463,1.1712801456451416,1
18.992,WAIT_WP,1.198239803314209,1.2072737216949463,1.1712801456451416,1
18.996,WAIT_WP,1.198239803314209,1.2072737216949463,1.1712801456451416,1
19.004,WAIT_WP,1.198239803314209,1.2072737216949463,1.1712801456451416,1
19.008,WAIT_WP,1.1974574327468872,1.2128976583480835,1.171528935432434,1
19.012,WAIT_WP,1.1974574327468872,1.2128976583480835,1.171528935432434,1
19.016,WAIT_WP,1.1974574327468872,1.2128976583480835,1.171528935432434,1
19.024,WAIT_WP,1.1974574327468872,1.2128976583480835,1.171528935432434,1
19.028,WAIT_WP,1.1969614028930664,1.216538667678833,1.171697735786438,1
19.032,WAIT_WP,1.1969614028930664,1.216538667678833,1.171697735786438,1
19.036,WAIT_WP,1.1969614028930664,1.216538667678833,1.171697735786438,1
19.044,WAIT_WP,1.1969614028930664,1.216538667678833,1.171697735786438,1
19.048,WAIT_WP,1.1962556838989258,1.2218337059020996,1.1719560623168945,1
19.052,WAIT_WP,1.1962556838989258,1.2218337059020996,1.1719560623168945,1
19.056,WAIT_WP,1.1962556838989258,1.2218337059020996,1.1719560623168945,1
19.064,WAIT_WP,1.1962556838989258,1.2218337059020996,1.1719560623168945,1
19.068,WAIT_WP,1.1958063840866089,1.2252564430236816,1.172126293182373,1
19.072,WAIT_WP,1.1958063840866089,1.2252564430236816,1.172126293182373,1
19.076,WAIT_WP,1.1958063840866089,1.2252564430236816,1.172126293182373,1
19.084,WAIT_WP,1.1958063840866089,1.2252564430236816,1.172126293182373,1
19.088,WAIT_WP,1.195165991783142,1.230236530303955,1.1723837852478027,1
19.092,WAIT_WP,1.195165991783142,1.230236530303955,1.1723837852478027,1
19.096,WAIT_WP,1.195165991783142,1.230236530303955,1.1723837852478027,1
19.104,WAIT_WP,1.195165991783142,1.230236530303955,1.1723837852478027,1
19.108,WAIT_WP,1.1947606801986694,1.2334529161453247,1.1725558042526245,1
19.112,WAIT_WP,1.1947606801986694,1.2334529161453247,1.1725558042526245,1
19.116,WAIT_WP,1.1947606801986694,1.2334529161453247,1.1725558042526245,1
19.124,WAIT_WP,1.1947606801986694,1.2334529161453247,1.1725558042526245,1
19.128,WAIT_WP,1.194191813468933,1.2381147146224976,1.1728134155273438,1
19.132,WAIT_WP,1.194191813468933,1.2381147146224976,1.1728134155273438,1
19.136,WAIT_WP,1.194191813468933,1.2381147146224976,1.1728134155273438,1
19.144,WAIT_WP,1.1933183670043945,1.2408915758132935,1.1728696823120117,1
19.148,WAIT_WP,1.1933183670043945,1.2408915758132935,1.1728696823120117,1
19.152,WAIT_WP,1.1933183670043945,1.2408915758132935,1.1728696823120117,1
19.156,WAIT_WP,1.1933183670043945,1.2408915758132935,1.1728696823120117,1
19.164,WAIT_WP,1.1933183670043945,1.2408915758132935,1.1728696823120117,1
19.168,WAIT_WP,1.1920849084854126,1.244921088218689,1.1729724407196045,1
19.172,WAIT_WP,1.1920849084854126,1.244921088218689,1.1729724407196045,1
19.176,WAIT_WP,1.1920849084854126,1.244921088218689,1.1729724407196045,1
19.184,WAIT_WP,1.1913175582885742,1.2475184202194214,1.1730514764785767,1
19.188,WAIT_WP,1.1913175582885742,1.2475184202194214,1.1730514764785767,1
19.192,WAIT_WP,1.1913175582885742,1.2475184202194214,1.1730514764785767,1
19.196,WAIT_WP,1.1913175582885742,1.2475184202194214,1.1730514764785767,1
19.204,WAIT_WP,1.1913175582885742,1.2475184202194214,1.1730514764785767,1
19.208,WAIT_WP,1.1902427673339844,1.2512813806533813,1.1731762886047363,1
19.212,WAIT_WP,1.1902427673339844,1.2512813806533813,1.1731762886047363,1
19.216,WAIT_WP,1.1902427673339844,1.2512813806533813,1.1731762886047363,1
19.224,WAIT_WP,1.1895803213119507,1.2536989450454712,1.1732650995254517,1
19.228,WAIT_WP,1.1895803213119507,1.2536989450454712,1.1732650995254517,1
19.232,WAIT_WP,1.1895803213119507,1.2536989450454712,1.1732650995254517,1
19.236,WAIT_WP,1.1895803213119507,1.2536989450454712,1.1732650995254517,1
19.244,WAIT_WP,1.188655972480774,1.257191777229309,1.1734240055084229,1
19.248,WAIT_WP,1.188655972480774,1.257191777229309,1.1734240055084229,1
19.252,WAIT_WP,1.188655972480774,1.257191777229309,1.1734240055084229,1
19.256,WAIT_WP,1.188655972480774,1.257191777229309,1.1734240055084229,1
19.264,WAIT_WP,1.188655972480774,1.257191777229309,1.1734240055084229,1
19.268,WAIT_WP,1.1880844831466675,1.2594255208969116,1.1735397577285767,1
19.272,WAIT_WP,1.1880844831466675,1.2594255208969116,1.1735397577285767,1
19.276,WAIT_WP,1.1880844831466675,1.2594255208969116,1.1735397577285767,1
19.284,WAIT_WP,1.187294602394104,1.262648344039917,1.1737200021743774,1
19.288,WAIT_WP,1.187294602394104,1.262648344039917,1.1737200021743774,1
19.292,WAIT_WP,1.187294602394104,1.262648344039917,1.1737200021743774,1
19.296,WAIT_WP,1.187294602394104,1.262648344039917,1.1737200021743774,1
19.304,WAIT_WP,1.187294602394104,1.262648344039917,1.1737200021743774,1
19.308,WAIT_WP,1.1868089437484741,1.2647141218185425,1.1738429069519043,1
19.312,WAIT_WP,1.1868089437484741,1.2647141218185425,1.1738429069519043,1
19.316,WAIT_WP,1.1868089437484741,1.2647141218185425,1.1738429069519043,1
19.324,WAIT_WP,1.1861423254013062,1.267693042755127,1.1740357875823975,1
19.328,WAIT_WP,1.1861423254013062,1.267693042755127,1.1740357875823975,1
19.332,WAIT_WP,1.1861423254013062,1.267693042755127,1.1740357875823975,1
19.336,GOTO,1.1861423254013062,1.267693042755127,1.1740357875823975,1
19.344,GOTO,1.1861423254013062,1.267693042755127,1.1740357875823975,1
19.348,GOTO,1.1857380867004395,1.2695988416671753,1.1741704940795898,1
19.352,GOTO,1.1857380867004395,1.2695988416671753,1.1741704940795898,1
19.356,GOTO,1.1857380867004395,1.2695988416671753,1.1741704940795898,1
19.364,GOTO,1.1851825714111328,1.2723299264907837,1.1743788719177246,1
19.368,GOTO,1.1851825714111328,1.2723299264907837,1.1743788719177246,1
19.372,GOTO,1.1851825714111328,1.2723299264907837,1.1743788719177246,1
19.376,GOTO,1.1851825714111328,1.2723299264907837,1.1743788719177246,1
19.384,GOTO,1.1851825714111328,1.2723299264907837,1.1743788719177246,1
19.388,GOTO,1.1848427057266235,1.2740662097930908,1.1745235919952393,1
19.392,GOTO,1.1848427057266235,1.2740662097930908,1.1745235919952393,1
19.396,GOTO,1.1848427057266235,1.2740662097930908,1.1745235919952393,1
19.404,GOTO,1.1843780279159546,1.2765531539916992,1.1747422218322754,1
19.412,GOTO,1.1843780279159546,1.2765531539916992,1.1747422218322754,1
19.416,GOTO,1.1843780279159546,1.2765531539916992,1.1747422218322754,1
19.416,GOTO,1.1843780279159546,1.2765531539916992,1.1747422218322754,1
19.428,GOTO,1.184097170829773,1.2781325578689575,1.1748874187469482,1
19.428,GOTO,1.184097170829773,1.2781325578689575,1.1748874187469482,1
19.428,GOTO,1.184097170829773,1.2781325578689575,1.1748874187469482,1
19.428,GOTO,1.184097170829773,1.2781325578689575,1.1748874187469482,1
19.444,GOTO,1.1837191581726074,1.2803890705108643,1.175126552581787,1
19.46,GOTO,1.1837191581726074,1.2803890705108643,1.175126552581787,1
19.46,GOTO,1.1837191581726074,1.2803890705108643,1.175126552581787,1
19.46,GOTO,1.1837191581726074,1.2803890705108643,1.175126552581787,1
19.468,GOTO,1.1837191581726074,1.2803890705108643,1.175126552581787,1
19.472,GOTO,1.183456301689148,1.2818162441253662,1.175428867340088,1
19.472,GOTO,1.183456301689148,1.2818162441253662,1.175428867340088,1
19.476,GOTO,1.183456301689148,1.2818162441253662,1.175428867340088,1
19.476,GOTO,1.183456301689148,1.2818162441253662,1.175428867340088,1
19.48,GOTO,1.183456301689148,1.2818162441253662,1.175428867340088,1
19.492,GOTO,1.1829379796981812,1.2838510274887085,1.1762551069259644,1
19.496,GOTO,1.1829379796981812,1.2838510274887085,1.1762551069259644,1
19.504,GOTO,1.1824733018875122,1.285136342048645,1.1770201921463013,1
19.508,GOTO,1.1824733018875122,1.285136342048645,1.1770201921463013,1
19.512,GOTO,1.1824733018875122,1.285136342048645,1.1770201921463013,1
19.516,GOTO,1.1824733018875122,1.285136342048645,1.1770201921463013,1
19.524,GOTO,1.1824733018875122,1.285136342048645,1.1770201921463013,1
19.532,GOTO,1.1815602779388428,1.2869606018066406,1.1783987283706665,1
19.532,GOTO,1.1815602779388428,1.2869606018066406,1.1783987283706665,1
19.532,GOTO,1.1815602779388428,1.2869606018066406,1.1783987283706665,1
19.544,GOTO,1.1803346872329712,1.2880115509033203,1.1793205738067627,1
19.544,GOTO,1.1803346872329712,1.2880115509033203,1.1793205738067627,1
19.548000000000002,GOTO,1.1803346872329712,1.2880115509033203,1.1793205738067627,1
19.548000000000002,GOTO,1.1803346872329712,1.2880115509033203,1.1793205738067627,1
19.564,GOTO,1.1803346872329712,1.2880115509033203,1.1793205738067627,1
19.564,GOTO,1.1781949996948242,1.28950834274292,1.180783748626709,1
19.564,GOTO,1.1781949996948242,1.28950834274292,1.180783748626709,1
19.564,GOTO,1.1781949996948242,1.28950834274292,1.180783748626709,1
19.584,GOTO,1.1781949996948242,1.28950834274292,1.180783748626709,1
19.588,GOTO,1.1765062808990479,1.2904493808746338,1.1817684173583984,1
19.592,GOTO,1.1765062808990479,1.2904493808746338,1.1817684173583984,1
19.596,GOTO,1.1765062808990479,1.2904493808746338,1.1817684173583984,1
19.604,GOTO,1.173486590385437,1.2917650938034058,1.1832033395767212,1
19.608,GOTO,1.173486590385437,1.2917650938034058,1.1832033395767212,1
19.612,GOTO,1.173486590385437,1.2917650938034058,1.1832033395767212,1
19.616,GOTO,1.173486590385437,1.2917650938034058,1.1832033395767212,1
19.624,GOTO,1.173486590385437,1.2917650938034058,1.1832033395767212,1
19.628,GOTO,1.1711045503616333,1.2925810813903809,1.1841084957122803,1
19.636,GOTO,1.1711045503616333,1.2925810813903809,1.1841084957122803,1
19.636,GOTO,1.1711045503616333,1.2925810813903809,1.1841084957122803,1
19.644,GOTO,1.1669095754623413,1.2937054634094238,1.1853572130203247,1
19.644,GOTO,1.1669095754623413,1.2937054634094238,1.1853572130203247,1
19.652,GOTO,1.1669095754623413,1.2937054634094238,1.1853572130203247,1
19.66,GOTO,1.1669095754623413,1.2937054634094238,1.1853572130203247,1
19.664,GOTO,1.1669095754623413,1.2937054634094238,1.1853572130203247,1
19.668,GOTO,1.163662314414978,1.294402837753296,1.1860982179641724,1
19.672,GOTO,1.163662314414978,1.294402837753296,1.1860982179641724,1
19.676,GOTO,1.163662314414978,1.294402837753296,1.1860982179641724,1
19.676,GOTO,1.1580711603164673,1.2953734397888184,1.1870622634887695,1
19.676,GOTO,1.1580711603164673,1.2953734397888184,1.1870622634887695,1
19.692,GOTO,1.1580711603164673,1.2953734397888184,1.1870622634887695,1
19.696,GOTO,1.1580711603164673,1.2953734397888184,1.1870622634887695,1
19.704,GOTO,1.1538547277450562,1.2959716320037842,1.18760347366333,1
19.708,GOTO,1.1538547277450562,1.2959716320037842,1.18760347366333,1
19.712,GOTO,1.1538547277450562,1.2959716320037842,1.18760347366333,1
19.716,GOTO,1.1538547277450562,1.2959716320037842,1.18760347366333,1
19.724,GOTO,1.146771788597107,1.2968014478683472,1.188262939453125,1
19.732,GOTO,1.146771788597107,1.2968014478683472,1.188262939453125,1
19.74,GOTO,1.146771788597107,1.2968014478683472,1.188262939453125,1
19.74,GOTO,1.146771788597107,1.2968014478683472,1.188262939453125,1
19.74,GOTO,1.141552209854126,1.297303318977356,1.1886087656021118,1
19.74,GOTO,1.141552209854126,1.297303318977356,1.1886087656021118,1
19.74,GOTO,1.141552209854126,1.297303318977356,1.1886087656021118,1
19.74,GOTO,1.141552209854126,1.297303318977356,1.1886087656021118,1
19.768,GOTO,1.1329774856567383,1.297977328300476,1.1890007257461548,1
19.768,GOTO,1.1329774856567383,1.297977328300476,1.1890007257461548,1
19.768,GOTO,1.1329774856567383,1.297977328300476,1.1890007257461548,1
19.776,GOTO,1.1329774856567383,1.297977328300476,1.1890007257461548,1
19.784,GOTO,1.1329774856567383,1.297977328300476,1.1890007257461548,1
19.784,GOTO,1.1267719268798828,1.298378348350525,1.1891850233078003,1
19.792,GOTO,1.1267719268798828,1.298378348350525,1.1891850233078003,1
19.796,GOTO,1.1267719268798828,1.298378348350525,1.1891850233078003,1
19.804,GOTO,1.1267719268798828,1.298378348350525,1.1891850233078003,1
19.808,GOTO,1.1167570352554321,1.2989059686660767,1.1893466711044312,1
19.812,GOTO,1.1167570352554321,1.2989059686660767,1.1893466711044312,1
19.816,GOTO,1.1167570352554321,1.2989059686660767,1.1893466711044312,1
19.824,GOTO,1.1167570352554321,1.2989059686660767,1.1893466711044312,1
19.828,GOTO,1.1096292734146118,1.2992126941680908,1.1893913745880127,1
19.832,GOTO,1.1096292734146118,1.2992126941680908,1.1893913745880127,1
19.836,GOTO,1.1096292734146118,1.2992126941680908,1.1893913745880127,1
19.844,GOTO,1.0983071327209473,1.299602746963501,1.1893728971481323,1
19.848,GOTO,1.0983071327209473,1.299602746963501,1.1893728971481323,1
19.852,GOTO,1.0983071327209473,1.299602746963501,1.1893728971481323,1
19.86,GOTO,1.0983071327209473,1.299602746963501,1.1893728971481323,1
19.864,GOTO,1.0983071327209473,1.299602746963501,1.1893728971481323,1
19.868,GOTO,1.090369462966919,1.299817681312561,1.189320683479309,1
19.872,GOTO,1.090369462966919,1.299817681312561,1.189320683479309,1
19.876,GOTO,1.090369462966919,1.299817681312561,1.189320683479309,1
19.884,GOTO,1.0779204368591309,1.3000749349594116,1.189197063446045,1
19.888,GOTO,1.0779204368591309,1.3000749349594116,1.189197063446045,1
19.892,GOTO,1.0779204368591309,1.3000749349594116,1.189197063446045,1
19.896,GOTO,1.0779204368591309,1.3000749349594116,1.189197063446045,1
19.904,GOTO,1.0692875385284424,1.300206184387207,1.1890941858291626,1
19.908,GOTO,1.0692875385284424,1.300206184387207,1.1890941858291626,1
19.912,GOTO,1.0692875385284424,1.300206184387207,1.1890941858291626,1
19.916,GOTO,1.0692875385284424,1.300206184387207,1.1890941858291626,1
19.924,GOTO,1.0692875385284424,1.300206184387207,1.1890941858291626,1
19.932,GOTO,1.0558812618255615,1.3003425598144531,1.1889115571975708,1
19.944,GOTO,1.0558812618255615,1.3003425598144531,1.1889115571975708,1
19.944,GOTO,1.0558812618255615,1.3003425598144531,1.1889115571975708,1
19.951999999999998,GOTO,1.0558812618255615,1.3003425598144531,1.1889115571975708,1
19.951999999999998,GOTO,1.0468809604644775,1.3001459836959839,1.1887515783309937,1
19.951999999999998,GOTO,1.0468809604644775,1.3001459836959839,1.1887515783309937,1
19.96,GOTO,1.0468809604644775,1.3001459836959839,1.1887515783309937,1
19.964,GOTO,1.0468809604644775,1.3001459836959839,1.1887515783309937,1
19.968,GOTO,1.0330069065093994,1.299812912940979,1.1885075569152832,1
19.972,GOTO,1.0330069065093994,1.299812912940979,1.1885075569152832,1
19.972,GOTO,1.0330069065093994,1.299812912940979,1.1885075569152832,1
19.984,GOTO,1.0235340595245361,1.2995682954788208,1.188350796699524,1
19.988,GOTO,1.0235340595245361,1.2995682954788208,1.188350796699524,1
19.992,GOTO,1.0235340595245361,1.2995682954788208,1.188350796699524,1
19.996,GOTO,1.0235340595245361,1.2995682954788208,1.188350796699524,1
20.004,GOTO,1.0090197324752808,1.2991588115692139,1.1881227493286133,1
20.012,GOTO,1.0090197324752808,1.2991588115692139,1.1881227493286133,1
20.012,GOTO,1.0090197324752808,1.2991588115692139,1.1881227493286133,1
20.012,GOTO,1.0090197324752808,1.2991588115692139,1.1881227493286133,1
20.02,GOTO,1.0090197324752808,1.2991588115692139,1.1881227493286133,1
20.028,GOTO,0.994172990322113,1.298705816268921,1.1879026889801025,1
20.036,GOTO,0.994172990322113,1.298705816268921,1.1879026889801025,1
20.04,GOTO,0.994172990322113,1.298705816268921,1.1879026889801025,1
20.044,GOTO,0.9841106534004211,1.2983773946762085,1.1877650022506714,1
20.048,GOTO,0.9841106534004211,1.2983773946762085,1.1877650022506714,1
20.052,GOTO,0.9841106534004211,1.2983773946762085,1.1877650022506714,1
20.052,GOTO,0.9739285111427307,1.2980289459228516,1.187631607055664,1
20.064,GOTO,0.9739285111427307,1.2980289459228516,1.187631607055664,1
20.068,GOTO,0.9739285111427307,1.2980289459228516,1.187631607055664,1
20.072,GOTO,0.9739285111427307,1.2980289459228516,1.187631607055664,1
20.076,GOTO,0.9739285111427307,1.2980289459228516,1.187631607055664,1
20.084,GOTO,0.958454430103302,1.2974727153778076,1.1874405145645142,1
20.088,GOTO,0.958454430103302,1.2974727153778076,1.1874405145645142,1
20.092,GOTO,0.958454430103302,1.2974727153778076,1.1874405145645142,1
20.096,GOTO,0.958454430103302,1.2974727153778076,1.1874405145645142,1
20.104,GOTO,0.958454430103302,1.2974727153778076,1.1874405145645142,1
20.104,GOTO,0.9480206966400146,1.297079086303711,1.1873213052749634,1
20.104,GOTO,0.9480206966400146,1.297079086303711,1.1873213052749634,1
20.104,GOTO,0.9480206966400146,1.297079086303711,1.1873213052749634,1
20.124,GOTO,0.9322149753570557,1.296461582183838,1.1871708631515503,1
20.124,GOTO,0.9322149753570557,1.296461582183838,1.1871708631515503,1
20.124,GOTO,0.9322149753570557,1.296461582183838,1.1871708631515503,1
20.124,GOTO,0.9322149753570557,1.296461582183838,1.1871708631515503,1
20.144,GOTO,0.9162402153015137,1.2958062887191772,1.1870349645614624,1
20.148,GOTO,0.9162402153015137,1.2958062887191772,1.1870349645614624,1
20.152,GOTO,0.9162402153015137,1.2958062887191772,1.1870349645614624,1
20.152,GOTO,0.9162402153015137,1.2958062887191772,1.1870349645614624,1
20.164,GOTO,0.9055056571960449,1.2953498363494873,1.1869531869888306,1
20.164,GOTO,0.9055056571960449,1.2953498363494873,1.1869531869888306,1
20.172,GOTO,0.9055056571960449,1.2953498363494873,1.1869531869888306,1
20.176,GOTO,0.9055056571960449,1.2953498363494873,1.1869531869888306,1
20.184,GOTO,0.8947045803070068,1.2948758602142334,1.1868715286254883,1
20.188,GOTO,0.8947045803070068,1.2948758602142334,1.1868715286254883,1
20.192,GOTO,0.8947045803070068,1.2948758602142334,1.1868715286254883,1
20.196,GOTO,0.8947045803070068,1.2948758602142334,1.1868715286254883,1
20.204,GOTO,0.8947045803070068,1.2948758602142334,1.1868715286254883,1
20.208,GOTO,0.8783729076385498,1.2941350936889648,1.1867445707321167,1
20.212,GOTO,0.8783729076385498,1.2941350936889648,1.1867445707321167,1
20.212,GOTO,0.8783729076385498,1.2941350936889648,1.1867445707321167,1
20.212,GOTO,0.8783729076385498,1.2941350936889648,1.1867445707321167,1
20.232,GOTO,0.8674076199531555,1.2936291694641113,1.1866610050201416,1
20.232,GOTO,0.8674076199531555,1.2936291694641113,1.1866610050201416,1
20.232,GOTO,0.8674076199531555,1.2936291694641113,1.1866610050201416,1
20.244,GOTO,0.8674076199531555,1.2936291694641113,1.1866610050201416,1
20.244,GOTO,0.8508560657501221,1.292841911315918,1.1865456104278564,1
20.252,GOTO,0.8508560657501221,1.292841911315918,1.1865456104278564,1
20.252,GOTO,0.8508560657501221,1.292841911315918,1.1865456104278564,1
20.264,GOTO,0.834208071231842,1.2920236587524414,1.1864404678344727,1
20.264,GOTO,0.834208071231842,1.2920236587524414,1.1864404678344727,1
20.268,GOTO,0.834208071231842,1.2920236587524414,1.1864404678344727,1
20.268,GOTO,0.834208071231842,1.2920236587524414,1.1864404678344727,1
20.284,GOTO,0.8230512738227844,1.291464924812317,1.18637216091156,1
20.288,GOTO,0.8230512738227844,1.291464924812317,1.18637216091156,1
20.292,GOTO,0.8230512738227844,1.291464924812317,1.18637216091156,1
20.296,GOTO,0.8230512738227844,1.291464924812317,1.18637216091156,1
20.308,GOTO,0.8118508458137512,1.290893316268921,1.18630850315094,1
20.308,GOTO,0.8118508458137512,1.290893316268921,1.18630850315094,1
20.312,GOTO,0.8118508458137512,1.290893316268921,1.18630850315094,1
20.32,GOTO,0.8118508458137512,1.290893316268921,1.18630850315094,1
20.328,GOTO,0.794982373714447,1.2900105714797974,1.1862149238586426,1
20.328,GOTO,0.794982373714447,1.2900105714797974,1.1862149238586426,1
20.336,GOTO,0.794982373714447,1.2900105714797974,1.1862149238586426,1
20.336,GOTO,0.794982373714447,1.2900105714797974,1.1862149238586426,1
20.336,GOTO,0.7834285497665405,1.2890037298202515,1.1860721111297607,1
20.344,GOTO,0.7834285497665405,1.2890037298202515,1.1860721111297607,1
20.344,GOTO,0.7834285497665405,1.2890037298202515,1.1860721111297607,1
20.356,GOTO,0.7834285497665405,1.2890037298202515,1.1860721111297607,1
20.36,GOTO,0.7834285497665405,1.2890037298202515,1.1860721111297607,1
20.368,GOTO,0.7660761475563049,1.2875012159347534,1.1858640909194946,1
20.368,GOTO,0.7660761475563049,1.2875012159347534,1.1858640909194946,1
20.376,GOTO,0.7660761475563049,1.2875012159347534,1.1858640909194946,1
20.384,GOTO,0.7545042037963867,1.2865062952041626,1.1857362985610962,1
20.388,GOTO,0.7545042037963867,1.2865062952041626,1.1857362985610962,1
20.392,GOTO,0.7545042037963867,1.2865062952041626,1.1857362985610962,1
20.396,GOTO,0.7545042037963867,1.2865062952041626,1.1857362985610962,1
20.4,GOTO,0.7545042037963867,1.2865062952041626,1.1857362985610962,1
20.4,GOTO,0.7371495366096497,1.2850253582000732,1.1855645179748535,1
20.4,GOTO,0.7371495366096497,1.2850253582000732,1.1855645179748535,1
20.4,GOTO,0.7371495366096497,1.2850253582000732,1.1855645179748535,1
20.424,GOTO,0.7255863547325134,1.2840486764907837,1.1854639053344727,1
20.428,GOTO,0.7255863547325134,1.2840486764907837,1.1854639053344727,1
20.428,GOTO,0.7255863547325134,1.2840486764907837,1.1854639053344727,1
20.44,GOTO,0.7255863547325134,1.2840486764907837,1.1854639053344727,1
20.444,GOTO,0.708232045173645,1.2826042175292969,1.1853188276290894,1
20.448,GOTO,0.708232045173645,1.2826042175292969,1.1853188276290894,1
20.448,GOTO,0.708232045173645,1.2826042175292969,1.1853188276290894,1
20.448,GOTO,0.708232045173645,1.2826042175292969,1.1853188276290894,1
20.464,GOTO,0.6966764330863953,1.2816479206085205,1.1852262020111084,1
20.468,GOTO,0.6966764330863953,1.2816479206085205,1.1852262020111084,1
20.472,GOTO,0.6966764330863953,1.2816479206085205,1.1852262020111084,1
20.476,GOTO,0.6966764330863953,1.2816479206085205,1.1852262020111084,1
20.484,GOTO,0.6793894171714783,1.280219316482544,1.1850954294204712,1
20.488,GOTO,0.6793894171714783,1.280219316482544,1.1850954294204712,1
20.492,GOTO,0.6793894171714783,1.280219316482544,1.1850954294204712,1
20.496,GOTO,0.6793894171714783,1.280219316482544,1.1850954294204712,1
20.504,GOTO,0.6793894171714783,1.280219316482544,1.1850954294204712,1
20.504,GOTO,0.6793894171714783,1.280219316482544,1.1850954294204712,1
20.504,GOTO,0.6793894171714783,1.280219316482544,1.1850954294204712,1
20.516,GOTO,0.66790372133255,1.2792781591415405,1.1850160360336304,1
20.524,GOTO,0.66790372133255,1.2792781591415405,1.1850160360336304,1
20.524,GOTO,0.66790372133255,1.2792781591415405,1.1850160360336304,1
20.528,GOTO,0.650729775428772,1.2778778076171875,1.1849042177200317,1
20.54,GOTO,0.650729775428772,1.2778778076171875,1.1849042177200317,1
20.544,GOTO,0.6393151879310608,1.276947021484375,1.1848429441452026,1
20.548000000000002,GOTO,0.6393151879310608,1.276947021484375,1.1848429441452026,1
20.552,GOTO,0.6393151879310608,1.276947021484375,1.1848429441452026,1
20.556,GOTO,0.6393151879310608,1.276947021484375,1.1848429441452026,1
20.564,GOTO,0.6222672462463379,1.2755531072616577,1.184767246246338,1
20.568,GOTO,0.6222672462463379,1.2755531072616577,1.184767246246338,1
20.572,GOTO,0.6222672462463379,1.2755531072616577,1.184767246246338,1
20.576,GOTO,0.6222672462463379,1.2755531072616577,1.184767246246338,1
20.584,GOTO,0.6222672462463379,1.2755531072616577,1.184767246246338,1
20.588,GOTO,0.6109580993652344,1.2746282815933228,1.184731125831604,1
20.592,GOTO,0.6109580993652344,1.2746282815933228,1.184731125831604,1
20.596,GOTO,0.6109580993652344,1.2746282815933228,1.184731125831604,1
20.604,GOTO,0.5940791368484497,1.2732477188110352,1.1846884489059448,1
20.608,GOTO,0.5940791368484497,1.2732477188110352,1.1846884489059448,1
20.612,GOTO,0.5940791368484497,1.2732477188110352,1.1846884489059448,1
20.616,GOTO,0.5940791368484497,1.2732477188110352,1.1846884489059448,1
20.624,GOTO,0.5940791368484497,1.2732477188110352,1.1846884489059448,1
20.628,GOTO,0.5828824639320374,1.2723313570022583,1.1846672296524048,1
20.632,GOTO,0.5828824639320374,1.2723313570022583,1.1846672296524048,1
20.636,GOTO,0.5828824639320374,1.2723313570022583,1.1846672296524048,1
20.644,GOTO,0.5661958456039429,1.270973563194275,1.1846551895141602,1
20.648,GOTO,0.5661958456039429,1.270973563194275,1.1846551895141602,1
20.652,GOTO,0.5661958456039429,1.270973563194275,1.1846551895141602,1
20.656,GOTO,0.5661958456039429,1.270973563194275,1.1846551895141602,1
20.664,GOTO,0.5661958456039429,1.270973563194275,1.1846551895141602,1
20.668,GOTO,0.5551480054855347,1.270076870918274,1.1846522092819214,1
20.672,GOTO,0.5551480054855347,1.270076870918274,1.1846522092819214,1
20.676,GOTO,0.5551480054855347,1.270076870918274,1.1846522092819214,1
20.684,GOTO,0.5551480054855347,1.270076870918274,1.1846522092819214,1
20.688,GOTO,0.5386865139007568,1.268744707107544,1.1846513748168945,1
20.692,GOTO,0.5386865139007568,1.268744707107544,1.1846513748168945,1
20.696,GOTO,0.5386865139007568,1.268744707107544,1.1846513748168945,1
20.704,GOTO,0.5386865139007568,1.268744707107544,1.1846513748168945,1
20.708,GOTO,0.5278279781341553,1.2678669691085815,1.1846572160720825,1
20.712,GOTO,0.5278279781341553,1.2678669691085815,1.1846572160720825,1
20.716,GOTO,0.5278279781341553,1.2678669691085815,1.1846572160720825,1
20.724,GOTO,0.5278279781341553,1.2678669691085815,1.1846572160720825,1
20.728,GOTO,0.5116755962371826,1.266555905342102,1.1846755743026733,1
20.732,GOTO,0.5116755962371826,1.266555905342102,1.1846755743026733,1
20.736,GOTO,0.5116755962371826,1.266555905342102,1.1846755743026733,1
20.744,GOTO,0.5116755962371826,1.266555905342102,1.1846755743026733,1
20.748,GOTO,0.5005675554275513,1.2652827501296997,1.1846421957015991,1
20.752,GOTO,0.5005675554275513,1.2652827501296997,1.1846421957015991,1
20.756,GOTO,0.5005675554275513,1.2652827501296997,1.1846421957015991,1
20.764,GOTO,0.48407962918281555,1.2634239196777344,1.1846057176589966,1
20.768,GOTO,0.48407962918281555,1.2634239196777344,1.1846057176589966,1
20.772,GOTO,0.48407962918281555,1.2634239196777344,1.1846057176589966,1
20.776,GOTO,0.48407962918281555,1.2634239196777344,1.1846057176589966,1
20.784,GOTO,0.48407962918281555,1.2634239196777344,1.1846057176589966,1
20.788,GOTO,0.4732006788253784,1.2622097730636597,1.1845829486846924,1
20.792,GOTO,0.4732006788253784,1.2622097730636597,1.1845829486846924,1
20.796,GOTO,0.4732006788253784,1.2622097730636597,1.1845829486846924,1
20.804,GOTO,0.4732006788253784,1.2622097730636597,1.1845829486846924,1
20.808,GOTO,0.45705646276474,1.260428547859192,1.1845507621765137,1
20.812,GOTO,0.45705646276474,1.260428547859192,1.1845507621765137,1
20.816,GOTO,0.45705646276474,1.260428547859192,1.1845507621765137,1
20.824,GOTO,0.4464164078235626,1.2592731714248657,1.1845388412475586,1
20.828,GOTO,0.4464164078235626,1.2592731714248657,1.1845388412475586,1
20.832,GOTO,0.4464164078235626,1.2592731714248657,1.1845388412475586,1
20.836,GOTO,0.4464164078235626,1.2592731714248657,1.1845388412475586,1
20.844,GOTO,0.4464164078235626,1.2592731714248657,1.1845388412475586,1
20.848,GOTO,0.43064090609550476,1.2575769424438477,1.1845340728759766,1
20.852,GOTO,0.43064090609550476,1.2575769424438477,1.1845340728759766,1
20.856,GOTO,0.43064090609550476,1.2575769424438477,1.1845340728759766,1
20.864,GOTO,0.42025038599967957,1.256470799446106,1.1845390796661377,1
20.868,GOTO,0.42025038599967957,1.256470799446106,1.1845390796661377,1
20.872,GOTO,0.42025038599967957,1.256470799446106,1.1845390796661377,1
20.876,GOTO,0.42025038599967957,1.256470799446106,1.1845390796661377,1
20.884,GOTO,0.40485408902168274,1.2548372745513916,1.1845612525939941,1
20.888,GOTO,0.40485408902168274,1.2548372745513916,1.1845612525939941,1
20.892,GOTO,0.40485408902168274,1.2548372745513916,1.1845612525939941,1
20.896,GOTO,0.40485408902168274,1.2548372745513916,1.1845612525939941,1
20.904,GOTO,0.39471742510795593,1.2537676095962524,1.1845862865447998,1
20.908,GOTO,0.39471742510795593,1.2537676095962524,1.1845862865447998,1
20.912,GOTO,0.39471742510795593,1.2537676095962524,1.1845862865447998,1
20.916,GOTO,0.39471742510795593,1.2537676095962524,1.1845862865447998,1
20.924,GOTO,0.39471742510795593,1.2537676095962524,1.1845862865447998,1
20.928,GOTO,0.3797045052051544,1.252193808555603,1.1846355199813843,1
20.932,GOTO,0.3797045052051544,1.252193808555603,1.1846355199813843,1
20.936,GOTO,0.3797045052051544,1.252193808555603,1.1846355199813843,1
20.944,GOTO,0.3797045052051544,1.252193808555603,1.1846355199813843,1
20.948,GOTO,0.3698294460773468,1.2511627674102783,1.1846795082092285,1
20.951999999999998,GOTO,0.3698294460773468,1.2511627674102783,1.1846795082092285,1
20.956,GOTO,0.3698294460773468,1.2511627674102783,1.1846795082092285,1
20.964,GOTO,0.3698294460773468,1.2511627674102783,1.1846795082092285,1
20.968,GOTO,0.3552200496196747,1.2496427297592163,1.184754729270935,1
20.972,GOTO,0.3552200496196747,1.2496427297592163,1.184754729270935,1
20.976,GOTO,0.3552200496196747,1.2496427297592163,1.184754729270935,1
20.984,GOTO,0.3552200496196747,1.2496427297592163,1.184754729270935,1
20.988,GOTO,0.3456113338470459,1.2486447095870972,1.1848078966140747,1
20.992,GOTO,0.3456113338470459,1.2486447095870972,1.1848078966140747,1
20.996,GOTO,0.3456113338470459,1.2486447095870972,1.1848078966140747,1
21.004,GOTO,0.33139917254447937,1.247170090675354,1.1848835945129395,1
21.008,GOTO,0.33139917254447937,1.247170090675354,1.1848835945129395,1
21.012,GOTO,0.33139917254447937,1.247170090675354,1.1848835945129395,1
21.016,GOTO,0.33139917254447937,1.247170090675354,1.1848835945129395,1
21.024,GOTO,0.33139917254447937,1.247170090675354,1.1848835945129395,1
21.024,GOTO,0.32206717133522034,1.2461990118026733,1.1849342584609985,1
21.024,GOTO,0.32206717133522034,1.2461990118026733,1.1849342584609985,1
21.024,GOTO,0.32206717133522034,1.2461990118026733,1.1849342584609985,1
21.044,GOTO,0.32206717133522034,1.2461990118026733,1.1849342584609985,1
21.044,GOTO,0.3082837462425232,1.2447665929794312,1.1850048303604126,1
21.044,GOTO,0.3082837462425232,1.2447665929794312,1.1850048303604126,1
21.052,GOTO,0.3082837462425232,1.2447665929794312,1.1850048303604126,1
21.064,GOTO,0.29922962188720703,1.2438294887542725,1.1850510835647583,1
21.068,GOTO,0.29922962188720703,1.2438294887542725,1.1850510835647583,1
21.072,GOTO,0.29922962188720703,1.2438294887542725,1.1850510835647583,1
21.076,GOTO,0.29922962188720703,1.2438294887542725,1.1850510835647583,1
21.084,GOTO,0.29922962188720703,1.2438294887542725,1.1850510835647583,1
21.088,GOTO,0.285859614610672,1.242451786994934,1.1851319074630737,1
21.092,GOTO,0.285859614610672,1.242451786994934,1.1851319074630737,1
21.096,GOTO,0.285859614610672,1.242451786994934,1.1851319074630737,1
21.104,GOTO,0.285859614610672,1.242451786994934,1.1851319074630737,1
21.108,GOTO,0.27708372473716736,1.2415508031845093,1.1851916313171387,1
21.112,GOTO,0.27708372473716736,1.2415508031845093,1.1851916313171387,1
21.116,GOTO,0.27708372473716736,1.2415508031845093,1.1851916313171387,1
21.124,GOTO,0.26413047313690186,1.240220546722412,1.185288906097412,1
21.128,GOTO,0.26413047313690186,1.240220546722412,1.185288906097412,1
21.132,GOTO,0.26413047313690186,1.240220546722412,1.185288906097412,1
21.136,GOTO,0.26413047313690186,1.240220546722412,1.185288906097412,1
21.144,GOTO,0.26413047313690186,1.240220546722412,1.185288906097412,1
21.148,GOTO,0.2551923394203186,1.2389671802520752,1.1852816343307495,1
21.152,GOTO,0.2551923394203186,1.2389671802520752,1.1852816343307495,1
21.156,GOTO,0.2551923394203186,1.2389671802520752,1.1852816343307495,1
21.164,GOTO,0.2551923394203186,1.2389671802520752,1.1852816343307495,1
21.168,GOTO,0.24204102158546448,1.2371463775634766,1.1852853298187256,1
21.172,GOTO,0.24204102158546448,1.2371463775634766,1.1852853298187256,1
21.176,GOTO,0.24204102158546448,1.2371463775634766,1.1852853298187256,1
21.184,GOTO,0.24204102158546448,1.2371463775634766,1.1852853298187256,1
21.188,WAIT_WP,0.23344038426876068,1.2359697818756104,1.1853034496307373,1
21.188,WAIT_WP,0.23344038426876068,1.2359697818756104,1.1853034496307373,1
21.196,WAIT_WP,0.23344038426876068,1.2359697818756104,1.1853034496307373,1
21.204,WAIT_WP,0.22078262269496918,1.234256625175476,1.185347080230713,1
21.208,WAIT_WP,0.22078262269496918,1.234256625175476,1.185347080230713,1
21.212,WAIT_WP,0.22078262269496918,1.234256625175476,1.185347080230713,1
21.216,WAIT_WP,0.22078262269496918,1.234256625175476,1.185347080230713,1
21.224,WAIT_WP,0.21250391006469727,1.2331479787826538,1.18538236618042,1
21.228,WAIT_WP,0.21250391006469727,1.2331479787826538,1.18538236618042,1
21.232,WAIT_WP,0.21250391006469727,1.2331479787826538,1.18538236618042,1
21.236,WAIT_WP,0.21250391006469727,1.2331479787826538,1.18538236618042,1
21.244,WAIT_WP,0.2003256380558014,1.2315430641174316,1.185440182685852,1
21.248,WAIT_WP,0.2003256380558014,1.2315430641174316,1.185440182685852,1
21.252,WAIT_WP,0.2003256380558014,1.2315430641174316,1.185440182685852,1
21.256,WAIT_WP,0.2003256380558014,1.2315430641174316,1.185440182685852,1
21.264,WAIT_WP,0.2003256380558014,1.2315430641174316,1.185440182685852,1
21.268,WAIT_WP,0.19236443936824799,1.2305067777633667,1.18548583984375,1
21.272,WAIT_WP,0.19236443936824799,1.2305067777633667,1.18548583984375,1
21.276,WAIT_WP,0.19236443936824799,1.2305067777633667,1.18548583984375,1
21.284,WAIT_WP,0.19236443936824799,1.2305067777633667,1.18548583984375,1
21.288,WAIT_WP,0.1806643158197403,1.2290027141571045,1.18555748462677,1
21.292,WAIT_WP,0.1806643158197403,1.2290027141571045,1.18555748462677,1
21.296,WAIT_WP,0.1806643158197403,1.2290027141571045,1.18555748462677,1
21.304,WAIT_WP,0.1806643158197403,1.2290027141571045,1.18555748462677,1
21.308,WAIT_WP,0.1730242520570755,1.228033185005188,1.1856040954589844,1
21.312,WAIT_WP,0.1730242520570755,1.228033185005188,1.1856040954589844,1
21.316,WAIT_WP,0.1730242520570755,1.228033185005188,1.1856040954589844,1
21.324,WAIT_WP,0.1730242520570755,1.228033185005188,1.1856040954589844,1
21.328,WAIT_WP,0.1618068665266037,1.2266199588775635,1.1856765747070312,1
21.332,WAIT_WP,0.1618068665266037,1.2266199588775635,1.1856765747070312,1
21.336,WAIT_WP,0.1618068665266037,1.2266199588775635,1.1856765747070312,1
21.344,WAIT_WP,0.15448324382305145,1.2257038354873657,1.1857305765151978,1
21.348,WAIT_WP,0.15448324382305145,1.2257038354873657,1.1857305765151978,1
21.352,WAIT_WP,0.15448324382305145,1.2257038354873657,1.1857305765151978,1
21.356,WAIT_WP,0.15448324382305145,1.2257038354873657,1.1857305765151978,1
21.364,WAIT_WP,0.15448324382305145,1.2257038354873657,1.1857305765151978,1
21.368,WAIT_WP,0.14373277127742767,1.2243660688400269,1.1858258247375488,1
21.372,WAIT_WP,0.14373277127742767,1.2243660688400269,1.1858258247375488,1
21.376,WAIT_WP,0.14373277127742767,1.2243660688400269,1.1858258247375488,1
21.384,WAIT_WP,0.14373277127742767,1.2243660688400269,1.1858258247375488,1
21.388,WAIT_WP,0.13672243058681488,1.2234985828399658,1.1858989000320435,1
21.392,WAIT_WP,0.13672243058681488,1.2234985828399658,1.1858989000320435,1
21.396,WAIT_WP,0.13672243058681488,1.2234985828399658,1.1858989000320435,1
21.404,WAIT_WP,0.12643963098526,1.2222330570220947,1.186013102531433,1
21.408,WAIT_WP,0.12643963098526,1.2222330570220947,1.186013102531433,1
21.412,WAIT_WP,0.12643963098526,1.2222330570220947,1.186013102531433,1
21.416,WAIT_WP,0.12643963098526,1.2222330570220947,1.186013102531433,1
21.424,WAIT_WP,0.12643963098526,1.2222330570220947,1.186013102531433,1
21.428,WAIT_WP,0.11973901838064194,1.2214137315750122,1.1860932111740112,1
21.432,WAIT_WP,0.11973901838064194,1.2214137315750122,1.1860932111740112,1
21.436,WAIT_WP,0.11973901838064194,1.2214137315750122,1.1860932111740112,1
21.444,WAIT_WP,0.10991726070642471,1.2202212810516357,1.1862249374389648,1
21.448,WAIT_WP,0.10991726070642471,1.2202212810516357,1.1862249374389648,1
21.452,WAIT_WP,0.10991726070642471,1.2202212810516357,1.1862249374389648,1
21.456,WAIT_WP,0.10991726070642471,1.2202212810516357,1.1862249374389648,1
21.464,WAIT_WP,0.10991726070642471,1.2202212810516357,1.1862249374389648,1
21.468,WAIT_WP,0.10352227836847305,1.2194486856460571,1.186315655708313,1
21.472,WAIT_WP,0.10352227836847305,1.2194486856460571,1.186315655708313,1
21.476,WAIT_WP,0.10352227836847305,1.2194486856460571,1.186315655708313,1
21.484,WAIT_WP,0.09414912015199661,1.2183265686035156,1.1864423751831055,1
21.488,WAIT_WP,0.09414912015199661,1.2183265686035156,1.1864423751831055,1
21.492,WAIT_WP,0.09414912015199661,1.2183265686035156,1.1864423751831055,1
21.496,WAIT_WP,0.09414912015199661,1.2183265686035156,1.1864423751831055,1
21.504,WAIT_WP,0.09414912015199661,1.2183265686035156,1.1864423751831055,1
21.508,WAIT_WP,0.08805225044488907,1.2175984382629395,1.1865267753601074,1
21.512,WAIT_WP,0.08805225044488907,1.2175984382629395,1.1865267753601074,1
21.516,WAIT_WP,0.08805225044488907,1.2175984382629395,1.1865267753601074,1
21.524,WAIT_WP,0.08805225044488907,1.2175984382629395,1.1865267753601074,1
21.528,WAIT_WP,0.07912856340408325,1.216538667678833,1.1866533756256104,1
21.532,WAIT_WP,0.07912856340408325,1.216538667678833,1.1866533756256104,1
21.536,WAIT_WP,0.07912856340408325,1.216538667678833,1.1866533756256104,1
21.544,WAIT_WP,0.07912856340408325,1.216538667678833,1.1866533756256104,1
21.548000000000002,WAIT_WP,0.07288070023059845,1.2154567241668701,1.18667733669281,1
21.552,WAIT_WP,0.07288070023059845,1.2154567241668701,1.18667733669281,1
21.556,WAIT_WP,0.07288070023059845,1.2154567241668701,1.18667733669281,1
21.564,WAIT_WP,0.06377439945936203,1.2138949632644653,1.1867204904556274,1
21.568,WAIT_WP,0.06377439945936203,1.2138949632644653,1.1867204904556274,1
21.572,WAIT_WP,0.06377439945936203,1.2138949632644653,1.1867204904556274,1
21.576,WAIT_WP,0.06377439945936203,1.2138949632644653,1.1867204904556274,1
21.584,WAIT_WP,0.05787572264671326,1.2129007577896118,1.186754822731018,1
21.588,WAIT_WP,0.05787572264671326,1.2129007577896118,1.186754822731018,1
21.592,WAIT_WP,0.05787572264671326,1.2129007577896118,1.186754822731018,1
21.596,WAIT_WP,0.05787572264671326,1.2129007577896118,1.186754822731018,1
21.604,WAIT_WP,0.05787572264671326,1.2129007577896118,1.186754822731018,1
21.608,WAIT_WP,0.04927792027592659,1.2114777565002441,1.186801791191101,1
21.612,WAIT_WP,0.04927792027592659,1.2114777565002441,1.186801791191101,1
21.616,WAIT_WP,0.04927792027592659,1.2114777565002441,1.186801791191101,1
21.624,WAIT_WP,0.043707795441150665,1.2105692625045776,1.1868351697921753,1
21.628,WAIT_WP,0.043707795441150665,1.2105692625045776,1.1868351697921753,1
21.632,WAIT_WP,0.043707795441150665,1.2105692625045776,1.1868351697921753,1
21.636,WAIT_WP,0.043707795441150665,1.2105692625045776,1.1868351697921753,1
21.644,WAIT_WP,0.043707795441150665,1.2105692625045776,1.1868351697921753,1
21.648,WAIT_WP,0.03559935837984085,1.209266185760498,1.1868969202041626,1
21.652,WAIT_WP,0.03559935837984085,1.209266185760498,1.1868969202041626,1
21.656,WAIT_WP,0.03559935837984085,1.209266185760498,1.1868969202041626,1
21.664,WAIT_WP,0.03035164251923561,1.2084373235702515,1.1869487762451172,1
21.668,WAIT_WP,0.03035164251923561,1.2084373235702515,1.1869487762451172,1
21.672,WAIT_WP,0.03035164251923561,1.2084373235702515,1.1869487762451172,1
21.676,WAIT_WP,0.03035164251923561,1.2084373235702515,1.1869487762451172,1
21.684,WAIT_WP,0.03035164251923561,1.2084373235702515,1.1869487762451172,1
21.688,WAIT_WP,0.022708464413881302,1.207241177558899,1.187042474746704,1
21.692,WAIT_WP,0.022708464413881302,1.207241177558899,1.187042474746704,1
21.696,WAIT_WP,0.022708464413881302,1.207241177558899,1.187042474746704,1
21.704,WAIT_WP,0.022708464413881302,1.207241177558899,1.187042474746704,1
21.708,WAIT_WP,0.01776730641722679,1.2064820528030396,1.1871124505996704,1
21.712,WAIT_WP,0.01776730641722679,1.2064820528030396,1.1871124505996704,1
21.716,WAIT_WP,0.01776730641722679,1.2064820528030396,1.1871124505996704,1
21.724,WAIT_WP,0.010578601621091366,1.2053947448730469,1.1872224807739258,1
21.728,WAIT_WP,0.010578601621091366,1.2053947448730469,1.1872224807739258,1
21.732,WAIT_WP,0.010578601621091366,1.2053947448730469,1.1872224807739258,1
21.736,WAIT_WP,0.010578601621091366,1.2053947448730469,1.1872224807739258,1
21.744,WAIT_WP,0.010578601621091366,1.2053947448730469,1.1872224807739258,1
21.748,WAIT_WP,0.005934885703027248,1.2047052383422852,1.1872985363006592,1
21.752,WAIT_WP,0.005934885703027248,1.2047052383422852,1.1872985363006592,1
21.756,WAIT_WP,0.005934885703027248,1.2047052383422852,1.1872985363006592,1
21.764,WAIT_WP,0.005934885703027248,1.2047052383422852,1.1872985363006592,1
21.768,WAIT_WP,-0.0008067799499258399,1.203718662261963,1.1874171495437622,1
21.772,WAIT_WP,-0.0008067799499258399,1.203718662261963,1.1874171495437622,1
21.776,WAIT_WP,-0.0008067799499258399,1.203718662261963,1.1874171495437622,1
21.784,WAIT_WP,-0.005157530773431063,1.2030909061431885,1.1875011920928955,1
21.788,WAIT_WP,-0.005157530773431063,1.2030909061431885,1.1875011920928955,1
21.792,WAIT_WP,-0.005157530773431063,1.2030909061431885,1.1875011920928955,1
21.796,WAIT_WP,-0.005157530773431063,1.2030909061431885,1.1875011920928955,1
21.804,WAIT_WP,-0.011477386578917503,1.202197551727295,1.1876323223114014,1
21.808,WAIT_WP,-0.011477386578917503,1.202197551727295,1.1876323223114014,1
21.812,WAIT_WP,-0.011477386578917503,1.202197551727295,1.1876323223114014,1
21.816,WAIT_WP,-0.011477386578917503,1.202197551727295,1.1876323223114014,1
21.824,WAIT_WP,-0.011477386578917503,1.202197551727295,1.1876323223114014,1
21.828,WAIT_WP,-0.015558701939880848,1.2016303539276123,1.1877177953720093,1
21.832,WAIT_WP,-0.015558701939880848,1.2016303539276123,1.1877177953720093,1
21.836,WAIT_WP,-0.015558701939880848,1.2016303539276123,1.1877177953720093,1
21.844,WAIT_WP,-0.02147352136671543,1.2008157968521118,1.1878477334976196,1
21.848,WAIT_WP,-0.02147352136671543,1.2008157968521118,1.1878477334976196,1
21.852,WAIT_WP,-0.02147352136671543,1.2008157968521118,1.1878477334976196,1
21.856,WAIT_WP,-0.02147352136671543,1.2008157968521118,1.1878477334976196,1
21.864,WAIT_WP,-0.02147352136671543,1.2008157968521118,1.1878477334976196,1
21.868,WAIT_WP,-0.02528051659464836,1.2002978324890137,1.1879297494888306,1
21.872,WAIT_WP,-0.02528051659464836,1.2002978324890137,1.1879297494888306,1
21.876,WAIT_WP,-0.02528051659464836,1.2002978324890137,1.1879297494888306,1
21.884,WAIT_WP,-0.02528051659464836,1.2002978324890137,1.1879297494888306,1
21.888,WAIT_WP,-0.030793506652116776,1.1995553970336914,1.1880595684051514,1
21.892,WAIT_WP,-0.030793506652116776,1.1995553970336914,1.1880595684051514,1
21.896,WAIT_WP,-0.030793506652116776,1.1995553970336914,1.1880595684051514,1
21.904,WAIT_WP,-0.03433879092335701,1.199079155921936,1.1881451606750488,1
21.908,WAIT_WP,-0.03433879092335701,1.199079155921936,1.1881451606750488,1
21.912,WAIT_WP,-0.03433879092335701,1.199079155921936,1.1881451606750488,1
21.916,WAIT_WP,-0.03433879092335701,1.199079155921936,1.1881451606750488,1
21.924,WAIT_WP,-0.03433879092335701,1.199079155921936,1.1881451606750488,1
21.928,WAIT_WP,-0.03947019204497337,1.1983994245529175,1.18827223777771,1
21.932,WAIT_WP,-0.03947019204497337,1.1983994245529175,1.18827223777771,1
21.936,WAIT_WP,-0.03947019204497337,1.1983994245529175,1.18827223777771,1
21.944,WAIT_WP,-0.04316271096467972,1.197595477104187,1.188295841217041,1
21.948,WAIT_WP,-0.04316271096467972,1.197595477104187,1.188295841217041,1
21.951999999999998,WAIT_WP,-0.04316271096467972,1.197595477104187,1.188295841217041,1
21.956,WAIT_WP,-0.04316271096467972,1.197595477104187,1.188295841217041,1
21.964,WAIT_WP,-0.04848630353808403,1.1964542865753174,1.1883363723754883,1
21.968,WAIT_WP,-0.04848630353808403,1.1964542865753174,1.1883363723754883,1
21.972,WAIT_WP,-0.04848630353808403,1.1964542865753174,1.1883363723754883,1
21.976,WAIT_WP,-0.04848630353808403,1.1964542865753174,1.1883363723754883,1
21.984,WAIT_WP,-0.05190001428127289,1.195737361907959,1.1883623600006104,1
21.988,WAIT_WP,-0.05190001428127289,1.195737361907959,1.1883623600006104,1
21.992,WAIT_WP,-0.05190001428127289,1.195737361907959,1.1883623600006104,1
21.996,WAIT_WP,-0.05190001428127289,1.195737361907959,1.1883623600006104,1
22.004,WAIT_WP,-0.05190001428127289,1.195737361907959,1.1883623600006104,1
22.008,WAIT_WP,-0.056823667138814926,1.1947249174118042,1.1884125471115112,1
22.012,WAIT_WP,-0.056823667138814926,1.1947249174118042,1.1884125471115112,1
22.016,WAIT_WP,-0.056823667138814926,1.1947249174118042,1.1884125471115112,1
22.024,WAIT_WP,-0.056823667138814926,1.1947249174118042,1.1884125471115112,1
22.028,WAIT_WP,-0.059975504875183105,1.1940858364105225,1.1884546279907227,1
22.032,WAIT_WP,-0.059975504875183105,1.1940858364105225,1.1884546279907227,1
22.036,WAIT_WP,-0.059975504875183105,1.1940858364105225,1.1884546279907227,1
22.044,WAIT_WP,-0.059975504875183105,1.1940858364105225,1.1884546279907227,1
22.048,WAIT_WP,-0.06450359523296356,1.193178415298462,1.1885210275650024,1
22.052,WAIT_WP,-0.06450359523296356,1.193178415298462,1.1885210275650024,1
22.056,WAIT_WP,-0.06450359523296356,1.193178415298462,1.1885210275650024,1
22.064,WAIT_WP,-0.06450359523296356,1.193178415298462,1.1885210275650024,1
22.068,WAIT_WP,-0.0673980563879013,1.1926078796386719,1.1885663270950317,1
22.072,WAIT_WP,-0.0673980563879013,1.1926078796386719,1.1885663270950317,1
22.076,WAIT_WP,-0.0673980563879013,1.1926078796386719,1.1885663270950317,1
22.084,WAIT_WP,-0.07155072689056396,1.1917983293533325,1.1886423826217651,1
22.088,WAIT_WP,-0.07155072689056396,1.1917983293533325,1.1886423826217651,1
22.092,WAIT_WP,-0.07155072689056396,1.1917983293533325,1.1886423826217651,1
22.096,WAIT_WP,-0.07155072689056396,1.1917983293533325,1.1886423826217651,1
22.104,WAIT_WP,-0.07419569045305252,1.1912885904312134,1.1886926889419556,1
22.108,WAIT_WP,-0.07419569045305252,1.1912885904312134,1.1886926889419556,1
22.112,WAIT_WP,-0.07419569045305252,1.1912885904312134,1.1886926889419556,1
22.116,WAIT_WP,-0.07419569045305252,1.1912885904312134,1.1886926889419556,1
22.124,WAIT_WP,-0.07419569045305252,1.1912885904312134,1.1886926889419556,1
22.128,WAIT_WP,-0.07798910140991211,1.1905652284622192,1.1887669563293457,1
22.132,WAIT_WP,-0.07798910140991211,1.1905652284622192,1.1887669563293457,1
22.136,WAIT_WP,-0.07798910140991211,1.1905652284622192,1.1887669563293457,1
22.144,WAIT_WP,-0.07798910140991211,1.1905652284622192,1.1887669563293457,1
22.148,WAIT_WP,-0.0804092064499855,1.1901119947433472,1.188820242881775,1
22.152,WAIT_WP,-0.0804092064499855,1.1901119947433472,1.188820242881775,1
22.156,WAIT_WP,-0.0804092064499855,1.1901119947433472,1.188820242881775,1
22.164,WAIT_WP,-0.0804092064499855,1.1901119947433472,1.188820242881775,1
22.168,WAIT_WP,-0.08387313038110733,1.1894773244857788,1.1889002323150635,1
22.172,WAIT_WP,-0.08387313038110733,1.1894773244857788,1.1889002323150635,1
22.176,WAIT_WP,-0.08387313038110733,1.1894773244857788,1.1889002323150635,1
22.184,WAIT_WP,-0.08607333153486252,1.1890829801559448,1.188952922821045,1
22.188,GOTO,-0.08607333153486252,1.1890829801559448,1.188952922821045,1
22.192,GOTO,-0.08607333153486252,1.1890829801559448,1.188952922821045,1
22.196,GOTO,-0.08607333153486252,1.1890829801559448,1.188952922821045,1
22.204,GOTO,-0.08921550214290619,1.1885385513305664,1.1890324354171753,1
22.208,GOTO,-0.08921550214290619,1.1885385513305664,1.1890324354171753,1
22.212,GOTO,-0.08921550214290619,1.1885385513305664,1.1890324354171753,1
22.216,GOTO,-0.08921550214290619,1.1885385513305664,1.1890324354171753,1
22.224,GOTO,-0.08921550214290619,1.1885385513305664,1.1890324354171753,1
22.228,GOTO,-0.09120453149080276,1.1882063150405884,1.1890897750854492,1
22.232,GOTO,-0.09120453149080276,1.1882063150405884,1.1890897750854492,1
22.236,GOTO,-0.09120453149080276,1.1882063150405884,1.1890897750854492,1
22.244,GOTO,-0.09120453149080276,1.1882063150405884,1.1890897750854492,1
22.248,GOTO,-0.09403649717569351,1.1877433061599731,1.1891779899597168,1
22.252,GOTO,-0.09403649717569351,1.1877433061599731,1.1891779899597168,1
22.256,GOTO,-0.09403649717569351,1.1877433061599731,1.1891779899597168,1
22.264,GOTO,-0.09403649717569351,1.1877433061599731,1.1891779899597168,1
22.268,GOTO,-0.09582609683275223,1.1874583959579468,1.1892327070236206,1
22.272,GOTO,-0.09582609683275223,1.1874583959579468,1.1892327070236206,1
22.276,GOTO,-0.09582609683275223,1.1874583959579468,1.1892327070236206,1
22.284,GOTO,-0.09582609683275223,1.1874583959579468,1.1892327070236206,1
22.288,GOTO,-0.09835371375083923,1.1870743036270142,1.1893185377120972,1
22.292,GOTO,-0.09835371375083923,1.1870743036270142,1.1893185377120972,1
22.296,GOTO,-0.09835371375083923,1.1870743036270142,1.1893185377120972,1
22.304,GOTO,-0.09993617236614227,1.1868398189544678,1.189378261566162,1
22.308,GOTO,-0.09993617236614227,1.1868398189544678,1.189378261566162,1
22.312,GOTO,-0.09993617236614227,1.1868398189544678,1.189378261566162,1
22.316,GOTO,-0.09993617236614227,1.1868398189544678,1.189378261566162,1
22.324,GOTO,-0.09993617236614227,1.1868398189544678,1.189378261566162,1
22.328,GOTO,-0.1021599993109703,1.1864306926727295,1.1896302700042725,1
22.332,GOTO,-0.1021599993109703,1.1864306926727295,1.1896302700042725,1
22.336,GOTO,-0.1021599993109703,1.1864306926727295,1.1896302700042725,1
22.344,GOTO,-0.1021599993109703,1.1864306926727295,1.1896302700042725,1
22.348,GOTO,-0.10380096733570099,1.185675859451294,1.1899508237838745,1
22.352,GOTO,-0.10380096733570099,1.185675859451294,1.1899508237838745,1
22.356,GOTO,-0.10380096733570099,1.185675859451294,1.1899508237838745,1
22.364,GOTO,-0.10610131174325943,1.184364676475525,1.1906635761260986,1
22.368,GOTO,-0.10610131174325943,1.184364676475525,1.1906635761260986,1
22.372,GOTO,-0.10610131174325943,1.184364676475525,1.1906635761260986,1
22.376,GOTO,-0.10610131174325943,1.184364676475525,1.1906635761260986,1
22.384,GOTO,-0.10752978175878525,1.1833579540252686,1.191260814666748,1
22.388,GOTO,-0.10752978175878525,1.1833579540252686,1.191260814666748,1
22.392,GOTO,-0.10752978175878525,1.1833579540252686,1.191260814666748,1
22.396,GOTO,-0.10752978175878525,1.1833579540252686,1.191260814666748,1
22.404,GOTO,-0.10952234268188477,1.1815983057022095,1.1922780275344849,1
22.408,GOTO,-0.10952234268188477,1.1815983057022095,1.1922780275344849,1
22.412,GOTO,-0.10952234268188477,1.1815983057022095,1.1922780275344849,1
22.416,GOTO,-0.10952234268188477,1.1815983057022095,1.1922780275344849,1
22.424,GOTO,-0.11075222492218018,1.180216670036316,1.1930029392242432,1
22.428,GOTO,-0.11075222492218018,1.180216670036316,1.1930029392242432,1
22.432,GOTO,-0.11075222492218018,1.180216670036316,1.1930029392242432,1
22.436,GOTO,-0.11075222492218018,1.180216670036316,1.1930029392242432,1
22.444,GOTO,-0.11247338354587555,1.1777456998825073,1.194083571434021,1
22.448,GOTO,-0.11247338354587555,1.1777456998825073,1.194083571434021,1
22.452,GOTO,-0.11247338354587555,1.1777456998825073,1.194083571434021,1
22.456,GOTO,-0.11247338354587555,1.1777456998825073,1.194083571434021,1
22.464,GOTO,-0.1135338693857193,1.1757831573486328,1.1947790384292603,1
22.468,GOTO,-0.1135338693857193,1.1757831573486328,1.1947790384292603,1
22.472,GOTO,-0.1135338693857193,1.1757831573486328,1.1947790384292603,1
22.476,GOTO,-0.1135338693857193,1.1757831573486328,1.1947790384292603,1
22.484,GOTO,-0.11499714851379395,1.1722790002822876,1.1957553625106812,1
22.488,GOTO,-0.11499714851379395,1.1722790002822876,1.1957553625106812,1
22.492,GOTO,-0.11499714851379395,1.1722790002822876,1.1957553625106812,1
22.496,GOTO,-0.11499714851379395,1.1722790002822876,1.1957553625106812,1
22.504,GOTO,-0.11499714851379395,1.1722790002822876,1.1957553625106812,1
22.508,GOTO,-0.11588964611291885,1.1695388555526733,1.1963450908660889,1
22.512,GOTO,-0.11588964611291885,1.1695388555526733,1.1963450908660889,1
22.516,GOTO,-0.11588964611291885,1.1695388555526733,1.1963450908660889,1
22.524,GOTO,-0.11711503565311432,1.1647616624832153,1.1971217393875122,1
22.528,GOTO,-0.11711503565311432,1.1647616624832153,1.1971217393875122,1
22.532,GOTO,-0.11711503565311432,1.1647616624832153,1.1971217393875122,1
22.536,GOTO,-0.11711503565311432,1.1647616624832153,1.1971217393875122,1
22.544,GOTO,-0.11785531044006348,1.1611093282699585,1.1975634098052979,1
22.548000000000002,GOTO,-0.11785531044006348,1.1611093282699585,1.1975634098052979,1
22.552,GOTO,-0.11785531044006348,1.1611093282699585,1.1975634098052979,1
22.556,GOTO,-0.11785531044006348,1.1611093282699585,1.1975634098052979,1
22.564,GOTO,-0.11785531044006348,1.1611093282699585,1.1975634098052979,1
22.568,GOTO,-0.1188497394323349,1.1548981666564941,1.1980990171432495,1
22.572,GOTO,-0.1188497394323349,1.1548981666564941,1.1980990171432495,1
22.576,GOTO,-0.1188497394323349,1.1548981666564941,1.1980990171432495,1
22.584,GOTO,-0.11943987011909485,1.1502666473388672,1.1983791589736938,1
22.588,GOTO,-0.11943987011909485,1.1502666473388672,1.1983791589736938,1
22.592,GOTO,-0.11943987011909485,1.1502666473388672,1.1983791589736938,1
22.596,GOTO,-0.11943987011909485,1.1502666473388672,1.1983791589736938,1
22.604,GOTO,-0.12021750211715698,1.1425837278366089,1.1986922025680542,1
22.608,GOTO,-0.12021750211715698,1.1425837278366089,1.1986922025680542,1
22.612,GOTO,-0.12021750211715698,1.1425837278366089,1.1986922025680542,1
22.616,GOTO,-0.12021750211715698,1.1425837278366089,1.1986922025680542,1
22.624,GOTO,-0.12021750211715698,1.1425837278366089,1.1986922025680542,1
22.628,GOTO,-0.12066945433616638,1.1369807720184326,1.1988333463668823,1
22.632,GOTO,-0.12066945433616638,1.1369807720184326,1.1988333463668823,1
22.636,GOTO,-0.12066945433616638,1.1369807720184326,1.1988333463668823,1
22.644,GOTO,-0.12066945433616638,1.1369807720184326,1.1988333463668823,1
22.648,GOTO,-0.12123838812112808,1.1278676986694336,1.1989574432373047,1
22.652,GOTO,-0.12123838812112808,1.1278676986694336,1.1989574432373047,1
22.656,GOTO,-0.12123838812112808,1.1278676986694336,1.1989574432373047,1
22.664,GOTO,-0.12123838812112808,1.1278676986694336,1.1989574432373047,1
22.668,GOTO,-0.12155041098594666,1.1213287115097046,1.1989835500717163,1
22.672,GOTO,-0.12155041098594666,1.1213287115097046,1.1989835500717163,1
22.676,GOTO,-0.12155041098594666,1.1213287115097046,1.1989835500717163,1
22.684,GOTO,-0.12155041098594666,1.1213287115097046,1.1989835500717163,1
22.688,GOTO,-0.12192106246948242,1.1108649969100952,1.198944091796875,1
22.692,GOTO,-0.12192106246948242,1.1108649969100952,1.198944091796875,1
22.696,GOTO,-0.12192106246948242,1.1108649969100952,1.198944091796875,1
22.704,GOTO,-0.12192106246948242,1.1108649969100952,1.198944091796875,1
22.708,GOTO,-0.12210547924041748,1.1034736633300781,1.1988749504089355,1
22.712,GOTO,-0.12210547924041748,1.1034736633300781,1.1988749504089355,1
22.716,GOTO,-0.12210547924041748,1.1034736633300781,1.1988749504089355,1
22.724,GOTO,-0.12228041887283325,1.0918066501617432,1.198711633682251,1
22.728,GOTO,-0.12228041887283325,1.0918066501617432,1.198711633682251,1
22.732,GOTO,-0.12228041887283325,1.0918066501617432,1.198711633682251,1
22.736,GOTO,-0.12228041887283325,1.0918066501617432,1.198711633682251,1
22.744,GOTO,-0.12228041887283325,1.0918066501617432,1.198711633682251,1
22.748,GOTO,-0.12250583618879318,1.0838191509246826,1.1985725164413452,1
22.752,GOTO,-0.12250583618879318,1.0838191509246826,1.1985725164413452,1
22.756,GOTO,-0.12250583618879318,1.0838191509246826,1.1985725164413452,1
22.764,GOTO,-0.12273938953876495,1.0713179111480713,1.1983269453048706,1
22.768,GOTO,-0.12273938953876495,1.0713179111480713,1.1983269453048706,1
22.772,GOTO,-0.12273938953876495,1.0713179111480713,1.1983269453048706,1
22.776,GOTO,-0.12273938953876495,1.0713179111480713,1.1983269453048706,1
22.784,GOTO,-0.12273938953876495,1.0713179111480713,1.1983269453048706,1
22.788,GOTO,-0.12282783538103104,1.0626665353775024,1.1981501579284668,1
22.792,GOTO,-0.12282783538103104,1.0626665353775024,1.1981501579284668,1
22.796,GOTO,-0.12282783538103104,1.0626665353775024,1.1981501579284668,1
22.804,GOTO,-0.12282783538103104,1.0626665353775024,1.1981501579284668,1
22.808,GOTO,-0.12286723405122757,1.0492419004440308,1.197872519493103,1
22.812,GOTO,-0.12286723405122757,1.0492419004440308,1.197872519493103,1
22.816,GOTO,-0.12286723405122757,1.0492419004440308,1.197872519493103,1
22.824,GOTO,-0.12283311039209366,1.0400195121765137,1.197678565979004,1
22.828,GOTO,-0.12283311039209366,1.0400195121765137,1.197678565979004,1
22.832,GOTO,-0.12283311039209366,1.0400195121765137,1.197678565979004,1
22.836,GOTO,-0.12283311039209366,1.0400195121765137,1.197678565979004,1
22.844,GOTO,-0.12269368022680283,1.025818109512329,1.197379231452942,1
22.848,GOTO,-0.12269368022680283,1.025818109512329,1.197379231452942,1
22.852,GOTO,-0.12269368022680283,1.025818109512329,1.197379231452942,1
22.856,GOTO,-0.12269368022680283,1.025818109512329,1.197379231452942,1
22.864,GOTO,-0.12269368022680283,1.025818109512329,1.197379231452942,1
22.868,GOTO,-0.1225404441356659,1.016122579574585,1.1971827745437622,1
22.872,GOTO,-0.1225404441356659,1.016122579574585,1.1971827745437622,1
22.876,GOTO,-0.1225404441356659,1.016122579574585,1.1971827745437622,1
22.884,GOTO,-0.12223107367753983,1.0012547969818115,1.1968929767608643,1
22.888,GOTO,-0.12223107367753983,1.0012547969818115,1.1968929767608643,1
22.892,GOTO,-0.12223107367753983,1.0012547969818115,1.1968929767608643,1
22.896,GOTO,-0.12223107367753983,1.0012547969818115,1.1968929767608643,1
22.904,GOTO,-0.1219717338681221,0.9911455512046814,1.196707010269165,1
22.908,GOTO,-0.1219717338681221,0.9911455512046814,1.196707010269165,1
22.912,GOTO,-0.1219717338681221,0.9911455512046814,1.196707010269165,1
22.916,GOTO,-0.1219717338681221,0.9911455512046814,1.196707010269165,1
22.924,GOTO,-0.1219717338681221,0.9911455512046814,1.196707010269165,1
22.928,GOTO,-0.12150079756975174,0.9757152795791626,1.196443796157837,1
22.932,GOTO,-0.12150079756975174,0.9757152795791626,1.196443796157837,1
22.936,GOTO,-0.12150079756975174,0.9757152795791626,1.196443796157837,1
22.944,GOTO,-0.12150079756975174,0.9757152795791626,1.196443796157837,1
22.948,GOTO,-0.12113222479820251,0.9652671813964844,1.1962730884552002,1
22.951999999999998,GOTO,-0.12113222479820251,0.9652671813964844,1.1962730884552002,1
22.956,GOTO,-0.12113222479820251,0.9652671813964844,1.1962730884552002,1
22.964,GOTO,-0.12113222479820251,0.9652671813964844,1.1962730884552002,1
22.968,GOTO,-0.12051455676555634,0.9493704438209534,1.196022868156433,1
22.972,GOTO,-0.12051455676555634,0.9493704438209534,1.196022868156433,1
22.976,GOTO,-0.12051455676555634,0.9493704438209534,1.196022868156433,1
22.984,GOTO,-0.12051455676555634,0.9493704438209534,1.196022868156433,1
22.988,GOTO,-0.12005893141031265,0.9386361241340637,1.1958638429641724,1
22.992,GOTO,-0.12005893141031265,0.9386361241340637,1.1958638429641724,1
22.996,GOTO,-0.12005893141031265,0.9386361241340637,1.1958638429641724,1
23.004,GOTO,-0.12005893141031265,0.9386361241340637,1.1958638429641724,1
23.008,GOTO,-0.11930916458368301,0.9223473072052002,1.1956301927566528,1
23.012,GOTO,-0.11930916458368301,0.9223473072052002,1.1956301927566528,1
23.016,GOTO,-0.11930916458368301,0.9223473072052002,1.1956301927566528,1
23.024,GOTO,-0.11930916458368301,0.9223473072052002,1.1956301927566528,1
23.028,GOTO,-0.11877071857452393,0.9113770723342896,1.1954792737960815,1
23.032,GOTO,-0.11877071857452393,0.9113770723342896,1.1954792737960815,1
23.036,GOTO,-0.11877071857452393,0.9113770723342896,1.1954792737960815,1
23.044,GOTO,-0.11877071857452393,0.9113770723342896,1.1954792737960815,1
23.048,GOTO,-0.11790727823972702,0.894766628742218,1.195265293121338,1
23.052,GOTO,-0.11790727823972702,0.894766628742218,1.195265293121338,1
23.056,GOTO,-0.11790727823972702,0.894766628742218,1.195265293121338,1
23.064,GOTO,-0.11790727823972702,0.894766628742218,1.195265293121338,1
23.068,GOTO,-0.11729907989501953,0.8836030960083008,1.1951277256011963,1
23.072,GOTO,-0.11729907989501953,0.8836030960083008,1.1951277256011963,1
23.076,GOTO,-0.11729907989501953,0.8836030960083008,1.1951277256011963,1
23.084,GOTO,-0.11634223908185959,0.8667293190956116,1.1949272155761719,1
23.088,GOTO,-0.11634223908185959,0.8667293190956116,1.1949272155761719,1
23.092,GOTO,-0.11634223908185959,0.8667293190956116,1.1949272155761719,1
23.096,GOTO,-0.11634223908185959,0.8667293190956116,1.1949272155761719,1
23.104,GOTO,-0.11634223908185959,0.8667293190956116,1.1949272155761719,1
23.108,GOTO,-0.11567656695842743,0.8554055094718933,1.1948000192642212,1
23.112,GOTO,-0.11567656695842743,0.8554055094718933,1.1948000192642212,1
23.116,GOTO,-0.11567656695842743,0.8554055094718933,1.1948000192642212,1
23.124,GOTO,-0.11567656695842743,0.8554055094718933,1.1948000192642212,1
23.128,GOTO,-0.11463381350040436,0.8383142352104187,1.1946159601211548,1
23.132,GOTO,-0.11463381350040436,0.8383142352104187,1.1946159601211548,1
23.136,GOTO,-0.11463381350040436,0.8383142352104187,1.1946159601211548,1
23.144,GOTO,-0.11463381350040436,0.8383142352104187,1.1946159601211548,1
23.148,GOTO,-0.11400889605283737,0.8267640471458435,1.1944915056228638,1
23.152,GOTO,-0.11400889605283737,0.8267640471458435,1.1944915056228638,1
23.156,GOTO,-0.11400889605283737,0.8267640471458435,1.1944915056228638,1
23.164,GOTO,-0.11400889605283737,0.8267640471458435,1.1944915056228638,1
23.168,GOTO,-0.11301102489233017,0.8093729019165039,1.1943237781524658,1
23.172,GOTO,-0.11301102489233017,0.8093729019165039,1.1943237781524658,1
23.176,GOTO,-0.11301102489233017,0.8093729019165039,1.1943237781524658,1
23.184,GOTO,-0.11301102489233017,0.8093729019165039,1.1943237781524658,1
23.188,GOTO,-0.11230318993330002,0.7977436780929565,1.1942253112792969,1
23.188,GOTO,-0.11230318993330002,0.7977436780929565,1.1942253112792969,1
23.188,GOTO,-0.11230318993330002,0.7977436780929565,1.1942253112792969,1
23.204,GOTO,-0.11118435114622116,0.7802597880363464,1.1940951347351074,1
23.208,GOTO,-0.11118435114622116,0.7802597880363464,1.1940951347351074,1
23.212,GOTO,-0.11118435114622116,0.7802597880363464,1.1940951347351074,1
23.216,GOTO,-0.11118435114622116,0.7802597880363464,1.1940951347351074,1
23.224,GOTO,-0.11118435114622116,0.7802597880363464,1.1940951347351074,1
23.228,GOTO,-0.11040430516004562,0.7685784101486206,1.1940199136734009,1
23.232,GOTO,-0.11040430516004562,0.7685784101486206,1.1940199136734009,1
23.236,GOTO,-0.11040430516004562,0.7685784101486206,1.1940199136734009,1
23.244,GOTO,-0.10918775200843811,0.751032829284668,1.1939133405685425,1
23.248,GOTO,-0.10918775200843811,0.751032829284668,1.1939133405685425,1
23.252,GOTO,-0.10918775200843811,0.751032829284668,1.1939133405685425,1
23.256,GOTO,-0.10918775200843811,0.751032829284668,1.1939133405685425,1
23.264,GOTO,-0.10918775200843811,0.751032829284668,1.1939133405685425,1
23.268,GOTO,-0.1083449199795723,0.7393268346786499,1.1938408613204956,1
23.272,GOTO,-0.1083449199795723,0.7393268346786499,1.1938408613204956,1
23.276,GOTO,-0.1083449199795723,0.7393268346786499,1.1938408613204956,1
23.284,GOTO,-0.1083449199795723,0.7393268346786499,1.1938408613204956,1
23.288,GOTO,-0.10704077035188675,0.7217791080474854,1.1937355995178223,1
23.292,GOTO,-0.10704077035188675,0.7217791080474854,1.1937355995178223,1
23.296,GOTO,-0.10704077035188675,0.7217791080474854,1.1937355995178223,1
23.304,GOTO,-0.10704077035188675,0.7217791080474854,1.1937355995178223,1
23.308,GOTO,-0.10614730417728424,0.7100853323936462,1.1936668157577515,1
23.312,GOTO,-0.10614730417728424,0.7100853323936462,1.1936668157577515,1
23.316,GOTO,-0.10614730417728424,0.7100853323936462,1.1936668157577515,1
23.324,GOTO,-0.10614730417728424,0.7100853323936462,1.1936668157577515,1
23.328,GOTO,-0.10477393865585327,0.6925642490386963,1.1935653686523438,1
23.332,GOTO,-0.10477393865585327,0.6925642490386963,1.1935653686523438,1
23.336,GOTO,-0.10477393865585327,0.6925642490386963,1.1935653686523438,1
23.344,GOTO,-0.10477393865585327,0.6925642490386963,1.1935653686523438,1
23.348,GOTO,-0.10384082049131393,0.6808993816375732,1.1935038566589355,1
23.348,GOTO,-0.10384082049131393,0.6808993816375732,1.1935038566589355,1
23.352,GOTO,-0.10384082049131393,0.6808993816375732,1.1935038566589355,1
23.352,GOTO,-0.10241657495498657,0.6634436249732971,1.1934159994125366,1
23.352,GOTO,-0.10241657495498657,0.6634436249732971,1.1934159994125366,1
23.376,GOTO,-0.10241657495498657,0.6634436249732971,1.1934159994125366,1
23.376,GOTO,-0.10241657495498657,0.6634436249732971,1.1934159994125366,1
23.384,GOTO,-0.10144773870706558,0.651840090751648,1.1933560371398926,1
23.384,GOTO,-0.10144773870706558,0.651840090751648,1.1933560371398926,1
23.384,GOTO,-0.10144773870706558,0.651840090751648,1.1933560371398926,1
23.384,GOTO,-0.10144773870706558,0.651840090751648,1.1933560371398926,1
23.404,GOTO,-0.10144773870706558,0.651840090751648,1.1933560371398926,1
23.404,GOTO,-0.10144773870706558,0.651840090751648,1.1933560371398926,1
23.412,GOTO,-0.09997735917568207,0.6344901323318481,1.193272590637207,1
23.416,GOTO,-0.09997735917568207,0.6344901323318481,1.193272590637207,1
23.42,GOTO,-0.09997735917568207,0.6344901323318481,1.193272590637207,1
23.42,GOTO,-0.0989840030670166,0.622965931892395,1.1932220458984375,1
23.428,GOTO,-0.0989840030670166,0.622965931892395,1.1932220458984375,1
23.428,GOTO,-0.0989840030670166,0.622965931892395,1.1932220458984375,1
23.448,GOTO,-0.09747404605150223,0.605760395526886,1.193150281906128,1
23.452,GOTO,-0.09747404605150223,0.605760395526886,1.193150281906128,1
23.456,GOTO,-0.09747404605150223,0.605760395526886,1.193150281906128,1
23.456,GOTO,-0.09747404605150223,0.605760395526886,1.193150281906128,1
23.456,GOTO,-0.09645747393369675,0.5943498015403748,1.1931028366088867,1
23.456,GOTO,-0.09645747393369675,0.5943498015403748,1.1931028366088867,1
23.456,GOTO,-0.09645747393369675,0.5943498015403748,1.1931028366088867,1
23.456,GOTO,-0.09645747393369675,0.5943498015403748,1.1931028366088867,1
23.484,GOTO,-0.09491845220327377,0.5773234963417053,1.193041205406189,1
23.484,GOTO,-0.09491845220327377,0.5773234963417053,1.193041205406189,1
23.484,GOTO,-0.09491845220327377,0.5773234963417053,1.193041205406189,1
23.484,GOTO,-0.09491845220327377,0.5773234963417053,1.193041205406189,1
23.504,GOTO,-0.09388493001461029,0.5660369396209717,1.1930097341537476,1
23.508,GOTO,-0.09388493001461029,0.5660369396209717,1.1930097341537476,1
23.508,GOTO,-0.09388493001461029,0.5660369396209717,1.1930097341537476,1
23.508,GOTO,-0.09388493001461029,0.5660369396209717,1.1930097341537476,1
23.508,GOTO,-0.09232045710086823,0.5492138862609863,1.1929686069488525,1
23.528,GOTO,-0.09232045710086823,0.5492138862609863,1.1929686069488525,1
23.528,GOTO,-0.09232045710086823,0.5492138862609863,1.1929686069488525,1
23.528,GOTO,-0.09232045710086823,0.5492138862609863,1.1929686069488525,1
23.528,GOTO,-0.09135259687900543,0.5376970767974854,1.19296395778656,1
23.528,GOTO,-0.09135259687900543,0.5376970767974854,1.19296395778656,1
23.528,GOTO,-0.09135259687900543,0.5376970767974854,1.19296395778656,1
23.528,GOTO,-0.09135259687900543,0.5376970767974854,1.19296395778656,1
23.568,GOTO,-0.08987963944673538,0.5205807089805603,1.192971110343933,1
23.568,GOTO,-0.08987963944673538,0.5205807089805603,1.192971110343933,1
23.572,GOTO,-0.08987963944673538,0.5205807089805603,1.192971110343933,1
23.576,GOTO,-0.08987963944673538,0.5205807089805603,1.192971110343933,1
23.584,GOTO,-0.08838124573230743,0.5036622285842896,1.1929808855056763,1
23.588,GOTO,-0.08838124573230743,0.5036622285842896,1.1929808855056763,1
23.588,GOTO,-0.08838124573230743,0.5036622285842896,1.1929808855056763,1
23.592,GOTO,-0.08838124573230743,0.5036622285842896,1.1929808855056763,1
23.604,GOTO,-0.08736599236726761,0.4924910366535187,1.1929908990859985,1
23.608,GOTO,-0.08736599236726761,0.4924910366535187,1.1929908990859985,1
23.612,GOTO,-0.08736599236726761,0.4924910366535187,1.1929908990859985,1
23.616,GOTO,-0.08736599236726761,0.4924910366535187,1.1929908990859985,1
23.616,GOTO,-0.08582064509391785,0.47591036558151245,1.1930108070373535,1
23.616,GOTO,-0.08582064509391785,0.47591036558151245,1.1930108070373535,1
23.616,GOTO,-0.08582064509391785,0.47591036558151245,1.1930108070373535,1
23.616,GOTO,-0.08582064509391785,0.47591036558151245,1.1930108070373535,1
23.62,GOTO,-0.08582064509391785,0.47591036558151245,1.1930108070373535,1
23.62,GOTO,-0.08477935940027237,0.4649675488471985,1.1930298805236816,1
23.656,GOTO,-0.08477935940027237,0.4649675488471985,1.1930298805236816,1
23.656,GOTO,-0.08477935940027237,0.4649675488471985,1.1930298805236816,1
23.656,GOTO,-0.08477935940027237,0.4649675488471985,1.1930298805236816,1
23.656,GOTO,-0.08373590558767319,0.45412108302116394,1.1930540800094604,1
23.656,GOTO,-0.08373590558767319,0.45412108302116394,1.1930540800094604,1
23.66,GOTO,-0.08373590558767319,0.45412108302116394,1.1930540800094604,1
23.684,GOTO,-0.08373590558767319,0.45412108302116394,1.1930540800094604,1
23.688,GOTO,-0.08216274529695511,0.4380328953266144,1.193097472190857,1
23.692,GOTO,-0.08216274529695511,0.4380328953266144,1.193097472190857,1
23.696,GOTO,-0.08216274529695511,0.4380328953266144,1.193097472190857,1
23.704,GOTO,-0.08110768347978592,0.4274347722530365,1.1931308507919312,1
23.708,GOTO,-0.08110768347978592,0.4274347722530365,1.1931308507919312,1
23.712,GOTO,-0.08110768347978592,0.4274347722530365,1.1931308507919312,1
23.72,GOTO,-0.08110768347978592,0.4274347722530365,1.1931308507919312,1
23.728,GOTO,-0.07951465994119644,0.4117315709590912,1.1931804418563843,1
23.732,GOTO,-0.07951465994119644,0.4117315709590912,1.1931804418563843,1
23.736,GOTO,-0.07951465994119644,0.4117315709590912,1.1931804418563843,1
23.74,GOTO,-0.07951465994119644,0.4117315709590912,1.1931804418563843,1
23.748,GOTO,-0.07791993767023087,0.39626196026802063,1.193233847618103,1
23.752,GOTO,-0.07791993767023087,0.39626196026802063,1.193233847618103,1
23.756,GOTO,-0.07791993767023087,0.39626196026802063,1.193233847618103,1
23.756,GOTO,-0.07791993767023087,0.39626196026802063,1.193233847618103,1
23.76,GOTO,-0.07791993767023087,0.39626196026802063,1.193233847618103,1
23.76,GOTO,-0.07684968411922455,0.38606971502304077,1.1932637691497803,1
23.76,GOTO,-0.07684968411922455,0.38606971502304077,1.1932637691497803,1
23.764,GOTO,-0.07684968411922455,0.38606971502304077,1.1932637691497803,1
23.784,GOTO,-0.07577493786811829,0.37597596645355225,1.1932882070541382,1
23.784,GOTO,-0.07577493786811829,0.37597596645355225,1.1932882070541382,1
23.784,GOTO,-0.07577493786811829,0.37597596645355225,1.1932882070541382,1
23.804,GOTO,-0.07577493786811829,0.37597596645355225,1.1932882070541382,1
23.812,GOTO,-0.07577493786811829,0.37597596645355225,1.1932882070541382,1
23.82,GOTO,-0.07415265589952469,0.3610212504863739,1.1933262348175049,1
23.824,GOTO,-0.07415265589952469,0.3610212504863739,1.1933262348175049,1
23.824,GOTO,-0.07415265589952469,0.3610212504863739,1.1933262348175049,1
23.824,GOTO,-0.07415265589952469,0.3610212504863739,1.1933262348175049,1
23.824,GOTO,-0.07306970655918121,0.3511850833892822,1.193349003791809,1
23.824,GOTO,-0.07306970655918121,0.3511850833892822,1.193349003791809,1
23.828,GOTO,-0.07306970655918121,0.3511850833892822,1.193349003791809,1
23.828,GOTO,-0.07306970655918121,0.3511850833892822,1.193349003791809,1
23.828,GOTO,-0.07144922018051147,0.3366418778896332,1.193384051322937,1
23.832,GOTO,-0.07144922018051147,0.3366418778896332,1.193384051322937,1
23.848,GOTO,-0.07144922018051147,0.3366418778896332,1.193384051322937,1
23.848,GOTO,-0.06983613222837448,0.3223501145839691,1.1934196949005127,1
23.848,GOTO,-0.06983613222837448,0.3223501145839691,1.1934196949005127,1
23.848,GOTO,-0.06983613222837448,0.3223501145839691,1.1934196949005127,1
23.86,GOTO,-0.06983613222837448,0.3223501145839691,1.1934196949005127,1
23.88,GOTO,-0.06876040995121002,0.31295549869537354,1.1934473514556885,1
23.888,GOTO,-0.06876040995121002,0.31295549869537354,1.1934473514556885,1
23.888,GOTO,-0.06876040995121002,0.31295549869537354,1.1934473514556885,1
23.892,GOTO,-0.06876040995121002,0.31295549869537354,1.1934473514556885,1
23.892,GOTO,-0.06876040995121002,0.31295549869537354,1.1934473514556885,1
23.896,GOTO,-0.0676768571138382,0.3036719262599945,1.1934764385223389,1
23.896,GOTO,-0.0676768571138382,0.3036719262599945,1.1934764385223389,1
23.896,GOTO,-0.0676768571138382,0.3036719262599945,1.1934764385223389,1
23.924,GOTO,-0.0676768571138382,0.3036719262599945,1.1934764385223389,1
23.924,GOTO,-0.06605173647403717,0.2899540364742279,1.1935346126556396,1
23.924,GOTO,-0.06605173647403717,0.2899540364742279,1.1935346126556396,1
23.924,GOTO,-0.06605173647403717,0.2899540364742279,1.1935346126556396,1
23.928,GOTO,-0.06605173647403717,0.2899540364742279,1.1935346126556396,1
23.948,GOTO,-0.06491554528474808,0.28062352538108826,1.1936064958572388,1
23.948,GOTO,-0.06491554528474808,0.28062352538108826,1.1936064958572388,1
23.948,GOTO,-0.06491554528474808,0.28062352538108826,1.1936064958572388,1
23.964,GOTO,-0.06321694701910019,0.26686909794807434,1.193706750869751,1
23.968,GOTO,-0.06321694701910019,0.26686909794807434,1.193706750869751,1
23.972,GOTO,-0.06321694701910019,0.26686909794807434,1.193706750869751,1
23.976,GOTO,-0.06321694701910019,0.26686909794807434,1.193706750869751,1
23.984,GOTO,-0.06208892911672592,0.2578677237033844,1.1937674283981323,1
23.988,GOTO,-0.06208892911672592,0.2578677237033844,1.1937674283981323,1
23.992,GOTO,-0.06208892911672592,0.2578677237033844,1.1937674283981323,1
23.992,GOTO,-0.06208892911672592,0.2578677237033844,1.1937674283981323,1
24.004,GOTO,-0.060401495546102524,0.24461863934993744,1.193853497505188,1
24.012,GOTO,-0.060401495546102524,0.24461863934993744,1.193853497505188,1
24.012,GOTO,-0.060401495546102524,0.24461863934993744,1.193853497505188,1
24.024,GOTO,-0.060401495546102524,0.24461863934993744,1.193853497505188,1
24.028,GOTO,-0.059286270290613174,0.235951229929924,1.193915843963623,1
24.028,GOTO,-0.059286270290613174,0.235951229929924,1.193915843963623,1
24.028,GOTO,-0.059286270290613174,0.235951229929924,1.193915843963623,1
24.028,GOTO,-0.059286270290613174,0.235951229929924,1.193915843963623,1
24.028,GOTO,-0.059286270290613174,0.235951229929924,1.193915843963623,1
24.06,GOTO,-0.05762461572885513,0.22317613661289215,1.194010853767395,1
24.064,GOTO,-0.05762461572885513,0.22317613661289215,1.194010853767395,1
24.064,WAIT_WP,-0.05762461572885513,0.22317613661289215,1.194010853767395,1
24.064,WAIT_WP,-0.05762461572885513,0.22317613661289215,1.194010853767395,1
24.064,WAIT_WP,-0.0565289705991745,0.21482034027576447,1.194079041481018,1
24.08,WAIT_WP,-0.0565289705991745,0.21482034027576447,1.194079041481018,1
24.08,WAIT_WP,-0.0565289705991745,0.21482034027576447,1.194079041481018,1
24.084,WAIT_WP,-0.0565289705991745,0.21482034027576447,1.194079041481018,1
24.084,WAIT_WP,-0.05490027368068695,0.2025306224822998,1.194176197052002,1
24.084,WAIT_WP,-0.05490027368068695,0.2025306224822998,1.194176197052002,1
24.084,WAIT_WP,-0.05490027368068695,0.2025306224822998,1.194176197052002,1
24.104,WAIT_WP,-0.05382353439927101,0.19450147449970245,1.1942356824874878,1
24.112,WAIT_WP,-0.05382353439927101,0.19450147449970245,1.1942356824874878,1
24.112,WAIT_WP,-0.05382353439927101,0.19450147449970245,1.1942356824874878,1
24.112,WAIT_WP,-0.05382353439927101,0.19450147449970245,1.1942356824874878,1
24.128,WAIT_WP,-0.0522305890917778,0.18269822001457214,1.1943222284317017,1
24.128,WAIT_WP,-0.0522305890917778,0.18269822001457214,1.1943222284317017,1
24.128,WAIT_WP,-0.0522305890917778,0.18269822001457214,1.1943222284317017,1
24.128,WAIT_WP,-0.0522305890917778,0.18269822001457214,1.1943222284317017,1
24.128,WAIT_WP,-0.0522305890917778,0.18269822001457214,1.1943222284317017,1
24.156,WAIT_WP,-0.05117461085319519,0.17498743534088135,1.1943820714950562,1
24.164,WAIT_WP,-0.05117461085319519,0.17498743534088135,1.1943820714950562,1
24.164,WAIT_WP,-0.05117461085319519,0.17498743534088135,1.1943820714950562,1
24.172,WAIT_WP,-0.04960210993885994,0.16366176307201385,1.1944770812988281,1
24.176,WAIT_WP,-0.04960210993885994,0.16366176307201385,1.1944770812988281,1
24.176,WAIT_WP,-0.04960210993885994,0.16366176307201385,1.1944770812988281,1
24.184,WAIT_WP,-0.04960210993885994,0.16366176307201385,1.1944770812988281,1
24.192,WAIT_WP,-0.04856494814157486,0.15626837313175201,1.194542407989502,1
24.192,WAIT_WP,-0.04856494814157486,0.15626837313175201,1.194542407989502,1
24.208,WAIT_WP,-0.04856494814157486,0.15626837313175201,1.194542407989502,1
24.208,WAIT_WP,-0.04856494814157486,0.15626837313175201,1.194542407989502,1
24.208,WAIT_WP,-0.04856494814157486,0.15626837313175201,1.194542407989502,1
24.22,WAIT_WP,-0.047035444527864456,0.14541561901569366,1.1946473121643066,1
24.228,WAIT_WP,-0.047035444527864456,0.14541561901569366,1.1946473121643066,1
24.228,WAIT_WP,-0.047035444527864456,0.14541561901569366,1.1946473121643066,1
24.236,WAIT_WP,-0.047035444527864456,0.14541561901569366,1.1946473121643066,1
24.24,WAIT_WP,-0.04602520912885666,0.13834229111671448,1.1947193145751953,1
24.24,WAIT_WP,-0.04602520912885666,0.13834229111671448,1.1947193145751953,1
24.252,WAIT_WP,-0.04602520912885666,0.13834229111671448,1.1947193145751953,1
24.256,WAIT_WP,-0.044531263411045074,0.12797294557094574,1.1948248147964478,1
24.268,WAIT_WP,-0.044531263411045074,0.12797294557094574,1.1948248147964478,1
24.268,WAIT_WP,-0.044531263411045074,0.12797294557094574,1.1948248147964478,1
24.268,WAIT_WP,-0.044531263411045074,0.12797294557094574,1.1948248147964478,1
24.272,WAIT_WP,-0.044531263411045074,0.12797294557094574,1.1948248147964478,1
24.28,WAIT_WP,-0.04306641221046448,0.11787904053926468,1.194921851158142,1
24.28,WAIT_WP,-0.04306641221046448,0.11787904053926468,1.194921851158142,1
24.28,WAIT_WP,-0.04306641221046448,0.11787904053926468,1.194921851158142,1
24.28,WAIT_WP,-0.042104076594114304,0.11129987239837646,1.1949759721755981,1
24.284,WAIT_WP,-0.042104076594114304,0.11129987239837646,1.1949759721755981,1
24.284,WAIT_WP,-0.042104076594114304,0.11129987239837646,1.1949759721755981,1
24.312,WAIT_WP,-0.042104076594114304,0.11129987239837646,1.1949759721755981,1
24.312,WAIT_WP,-0.042104076594114304,0.11129987239837646,1.1949759721755981,1
24.312,WAIT_WP,-0.04115314409136772,0.10484521836042404,1.1950231790542603,1
24.312,WAIT_WP,-0.04115314409136772,0.10484521836042404,1.1950231790542603,1
24.332,WAIT_WP,-0.04115314409136772,0.10484521836042404,1.1950231790542603,1
24.344,WAIT_WP,-0.04115314409136772,0.10484521836042404,1.1950231790542603,1
24.344,WAIT_WP,-0.03975244611501694,0.095390185713768,1.1951037645339966,1
24.344,WAIT_WP,-0.03975244611501694,0.095390185713768,1.1951037645339966,1
24.344,WAIT_WP,-0.03975244611501694,0.095390185713768,1.1951037645339966,1
24.348,WAIT_WP,-0.03975244611501694,0.095390185713768,1.1951037645339966,1
24.368,WAIT_WP,-0.03876795247197151,0.08879611641168594,1.1952451467514038,1
24.368,WAIT_WP,-0.03876795247197151,0.08879611641168594,1.1952451467514038,1
24.368,WAIT_WP,-0.03876795247197151,0.08879611641168594,1.1952451467514038,1
24.376,WAIT_WP,-0.03876795247197151,0.08879611641168594,1.1952451467514038,1
24.376,WAIT_WP,-0.037314582616090775,0.07917413115501404,1.1954432725906372,1
24.376,WAIT_WP,-0.037314582616090775,0.07917413115501404,1.1954432725906372,1
24.376,WAIT_WP,-0.037314582616090775,0.07917413115501404,1.1954432725906372,1
24.38,WAIT_WP,-0.03636711835861206,0.07293328642845154,1.1955699920654297,1
24.38,WAIT_WP,-0.03636711835861206,0.07293328642845154,1.1955699920654297,1
24.38,WAIT_WP,-0.03636711835861206,0.07293328642845154,1.1955699920654297,1
24.412,WAIT_WP,-0.03636711835861206,0.07293328642845154,1.1955699920654297,1
24.412,WAIT_WP,-0.03636711835861206,0.07293328642845154,1.1955699920654297,1
24.412,WAIT_WP,-0.03497219458222389,0.0638207271695137,1.195745825767517,1
24.412,WAIT_WP,-0.03497219458222389,0.0638207271695137,1.195745825767517,1
24.412,WAIT_WP,-0.03497219458222389,0.0638207271695137,1.195745825767517,1
24.412,WAIT_WP,-0.03405780345201492,0.05790850147604942,1.1958545446395874,1
24.444,WAIT_WP,-0.03405780345201492,0.05790850147604942,1.1958545446395874,1
24.452,WAIT_WP,-0.03405780345201492,0.05790850147604942,1.1958545446395874,1
24.456,WAIT_WP,-0.03405780345201492,0.05790850147604942,1.1958545446395874,1
24.456,WAIT_WP,-0.03405780345201492,0.05790850147604942,1.1958545446395874,1
24.456,WAIT_WP,-0.03270445764064789,0.04928727075457573,1.1960053443908691,1
24.468,WAIT_WP,-0.03270445764064789,0.04928727075457573,1.1960053443908691,1
24.468,WAIT_WP,-0.03270445764064789,0.04928727075457573,1.1960053443908691,1
24.468,WAIT_WP,-0.03181691840291023,0.04370534047484398,1.1961005926132202,1
24.468,WAIT_WP,-0.03181691840291023,0.04370534047484398,1.1961005926132202,1
24.48,WAIT_WP,-0.03181691840291023,0.04370534047484398,1.1961005926132202,1
24.48,WAIT_WP,-0.03181691840291023,0.04370534047484398,1.1961005926132202,1
24.492,WAIT_WP,-0.03181691840291023,0.04370534047484398,1.1961005926132202,1
24.496,WAIT_WP,-0.030508825555443764,0.035580527037382126,1.196239948272705,1
24.496,WAIT_WP,-0.030508825555443764,0.035580527037382126,1.196239948272705,1
24.504,WAIT_WP,-0.030508825555443764,0.035580527037382126,1.196239948272705,1
24.508,WAIT_WP,-0.030508825555443764,0.035580527037382126,1.196239948272705,1
24.508,WAIT_WP,-0.029650801792740822,0.03032217174768448,1.1963316202163696,1
24.508,WAIT_WP,-0.029650801792740822,0.03032217174768448,1.1963316202163696,1
24.512,WAIT_WP,-0.029650801792740822,0.03032217174768448,1.1963316202163696,1
24.524,WAIT_WP,-0.028386341407895088,0.022672457620501518,1.1964659690856934,1
24.524,WAIT_WP,-0.028386341407895088,0.022672457620501518,1.1964659690856934,1
24.544,WAIT_WP,-0.028386341407895088,0.022672457620501518,1.1964659690856934,1
24.548000000000002,WAIT_WP,-0.028386341407895088,0.022672457620501518,1.1964659690856934,1
24.548000000000002,WAIT_WP,-0.028386341407895088,0.022672457620501518,1.1964659690856934,1
24.548000000000002,WAIT_WP,-0.02756236307322979,0.017726408317685127,1.196550965309143,1
24.548000000000002,WAIT_WP,-0.02756236307322979,0.017726408317685127,1.196550965309143,1
24.548000000000002,WAIT_WP,-0.02756236307322979,0.017726408317685127,1.196550965309143,1
24.548000000000002,WAIT_WP,-0.02635333128273487,0.010539010167121887,1.1966662406921387,1
24.552,WAIT_WP,-0.02635333128273487,0.010539010167121887,1.1966662406921387,1
24.552,WAIT_WP,-0.02635333128273487,0.010539010167121887,1.1966662406921387,1
24.552,WAIT_WP,-0.02635333128273487,0.010539010167121887,1.1966662406921387,1
24.552,WAIT_WP,-0.025567427277565002,0.005901730619370937,1.1967322826385498,1
24.556,WAIT_WP,-0.025567427277565002,0.005901730619370937,1.1967322826385498,1
24.556,WAIT_WP,-0.025567427277565002,0.005901730619370937,1.1967322826385498,1
24.572,WAIT_WP,-0.025567427277565002,0.005901730619370937,1.1967322826385498,1
24.572,WAIT_WP,-0.024414705112576485,-0.0008246651268564165,1.1968235969543457,1
24.572,WAIT_WP,-0.024414705112576485,-0.0008246651268564165,1.1968235969543457,1
24.604,WAIT_WP,-0.024414705112576485,-0.0008246651268564165,1.1968235969543457,1
24.624,WAIT_WP,-0.024414705112576485,-0.0008246651268564165,1.1968235969543457,1
24.624,WAIT_WP,-0.02366405725479126,-0.0051659788005054,1.1968824863433838,1
24.628,WAIT_WP,-0.02366405725479126,-0.0051659788005054,1.1968824863433838,1
24.628,WAIT_WP,-0.02366405725479126,-0.0051659788005054,1.1968824863433838,1
24.628,WAIT_WP,-0.02366405725479126,-0.0051659788005054,1.1968824863433838,1
24.636,WAIT_WP,-0.022557808086276054,-0.01146242581307888,1.1969565153121948,1
24.66,WAIT_WP,-0.022557808086276054,-0.01146242581307888,1.1969565153121948,1
24.66,WAIT_WP,-0.022557808086276054,-0.01146242581307888,1.1969565153121948,1
24.664,WAIT_WP,-0.022557808086276054,-0.01146242581307888,1.1969565153121948,1
24.672,WAIT_WP,-0.021834170445799828,-0.015524949878454208,1.1970007419586182,1
24.672,WAIT_WP,-0.021834170445799828,-0.015524949878454208,1.1970007419586182,1
24.68,WAIT_WP,-0.021834170445799828,-0.015524949878454208,1.1970007419586182,1
24.68,WAIT_WP,-0.021834170445799828,-0.015524949878454208,1.1970007419586182,1
24.68,WAIT_WP,-0.021834170445799828,-0.015524949878454208,1.1970007419586182,1
24.696,WAIT_WP,-0.020771430805325508,-0.02140755206346512,1.197067141532898,1
24.704,WAIT_WP,-0.020771430805325508,-0.02140755206346512,1.197067141532898,1
24.704,WAIT_WP,-0.020771430805325508,-0.02140755206346512,1.197067141532898,1
24.712,WAIT_WP,-0.020084304735064507,-0.02519243396818638,1.1971060037612915,1
24.716,WAIT_WP,-0.020084304735064507,-0.02519243396818638,1.1971060037612915,1
24.716,WAIT_WP,-0.020084304735064507,-0.02519243396818638,1.1971060037612915,1
24.72,WAIT_WP,-0.020084304735064507,-0.02519243396818638,1.1971060037612915,1
24.732,WAIT_WP,-0.01907956600189209,-0.03067135438323021,1.1971473693847656,1
24.732,WAIT_WP,-0.01907956600189209,-0.03067135438323021,1.1971473693847656,1
24.732,WAIT_WP,-0.01907956600189209,-0.03067135438323021,1.1971473693847656,1
24.732,WAIT_WP,-0.01907956600189209,-0.03067135438323021,1.1971473693847656,1
24.732,WAIT_WP,-0.01907956600189209,-0.03067135438323021,1.1971473693847656,1
24.752,WAIT_WP,-0.018318161368370056,-0.034540362656116486,1.1972603797912598,1
24.756,WAIT_WP,-0.018318161368370056,-0.034540362656116486,1.1972603797912598,1
24.76,WAIT_WP,-0.018318161368370056,-0.034540362656116486,1.1972603797912598,1
24.764,WAIT_WP,-0.018318161368370056,-0.034540362656116486,1.1972603797912598,1
24.768,WAIT_WP,-0.017201928421854973,-0.040116507560014725,1.1974129676818848,1
24.772,WAIT_WP,-0.017201928421854973,-0.040116507560014725,1.1974129676818848,1
24.776,WAIT_WP,-0.017201928421854973,-0.040116507560014725,1.1974129676818848,1
24.784,WAIT_WP,-0.01647392474114895,-0.0436880886554718,1.1975035667419434,1
24.788,WAIT_WP,-0.01647392474114895,-0.0436880886554718,1.1975035667419434,1
24.788,WAIT_WP,-0.01647392474114895,-0.0436880886554718,1.1975035667419434,1
24.788,WAIT_WP,-0.01647392474114895,-0.0436880886554718,1.1975035667419434,1
24.804,WAIT_WP,-0.01647392474114895,-0.0436880886554718,1.1975035667419434,1
24.808,WAIT_WP,-0.015410501509904861,-0.048837222158908844,1.1976306438446045,1
24.812,WAIT_WP,-0.015410501509904861,-0.048837222158908844,1.1976306438446045,1
24.816,WAIT_WP,-0.015410501509904861,-0.048837222158908844,1.1976306438446045,1
24.824,WAIT_WP,-0.015410501509904861,-0.048837222158908844,1.1976306438446045,1
24.828,WAIT_WP,-0.014715993776917458,-0.052136652171611786,1.1977088451385498,1
24.828,WAIT_WP,-0.014715993776917458,-0.052136652171611786,1.1977088451385498,1
24.832,WAIT_WP,-0.014715993776917458,-0.052136652171611786,1.1977088451385498,1
24.844,WAIT_WP,-0.013698364607989788,-0.056885987520217896,1.1978286504745483,1
24.848,WAIT_WP,-0.013698364607989788,-0.056885987520217896,1.1978286504745483,1
24.848,WAIT_WP,-0.013698364607989788,-0.056885987520217896,1.1978286504745483,1
24.852,WAIT_WP,-0.013698364607989788,-0.056885987520217896,1.1978286504745483,1
24.864,WAIT_WP,-0.013041182421147823,-0.05992698669433594,1.1979076862335205,1
24.864,WAIT_WP,-0.013041182421147823,-0.05992698669433594,1.1979076862335205,1
24.868,WAIT_WP,-0.013041182421147823,-0.05992698669433594,1.1979076862335205,1
24.876,WAIT_WP,-0.013041182421147823,-0.05992698669433594,1.1979076862335205,1
24.884,WAIT_WP,-0.012075308710336685,-0.06429993361234665,1.198014259338379,1
24.888,WAIT_WP,-0.012075308710336685,-0.06429993361234665,1.198014259338379,1
24.888,WAIT_WP,-0.012075308710336685,-0.06429993361234665,1.198014259338379,1
24.888,WAIT_WP,-0.012075308710336685,-0.06429993361234665,1.198014259338379,1
24.904,WAIT_WP,-0.011449011042714119,-0.06708815693855286,1.198078989982605,1
24.908,WAIT_WP,-0.011449011042714119,-0.06708815693855286,1.198078989982605,1
24.912,WAIT_WP,-0.011449011042714119,-0.06708815693855286,1.198078989982605,1
24.912,WAIT_WP,-0.011449011042714119,-0.06708815693855286,1.198078989982605,1
24.924,WAIT_WP,-0.010540438815951347,-0.07108005881309509,1.198167324066162,1
24.928,WAIT_WP,-0.010540438815951347,-0.07108005881309509,1.198167324066162,1
24.928,WAIT_WP,-0.010540438815951347,-0.07108005881309509,1.198167324066162,1
24.936,WAIT_WP,-0.010540438815951347,-0.07108005881309509,1.198167324066162,1
24.944,WAIT_WP,-0.009952819906175137,-0.07362154126167297,1.1982154846191406,1
24.948,WAIT_WP,-0.009952819906175137,-0.07362154126167297,1.1982154846191406,1
24.951999999999998,WAIT_WP,-0.009952819906175137,-0.07362154126167297,1.1982154846191406,1
24.956,WAIT_WP,-0.009952819906175137,-0.07362154126167297,1.1982154846191406,1
24.964,WAIT_WP,-0.009952819906175137,-0.07362154126167297,1.1982154846191406,1
24.968,WAIT_WP,-0.009094166569411755,-0.07725098729133606,1.1982827186584473,1
24.968,WAIT_WP,-0.009094166569411755,-0.07725098729133606,1.1982827186584473,1
24.976,WAIT_WP,-0.009094166569411755,-0.07725098729133606,1.1982827186584473,1
24.984,WAIT_WP,-0.008537557907402515,-0.07955700159072876,1.1983205080032349,1
24.988,WAIT_WP,-0.008537557907402515,-0.07955700159072876,1.1983205080032349,1
24.988,WAIT_WP,-0.008537557907402515,-0.07955700159072876,1.1983205080032349,1
24.988,WAIT_WP,-0.008537557907402515,-0.07955700159072876,1.1983205080032349,1
25.004,WAIT_WP,-0.008537557907402515,-0.07955700159072876,1.1983205080032349,1
25.008,WAIT_WP,-0.007724029012024403,-0.0828486979007721,1.1983652114868164,1
25.008,WAIT_WP,-0.007724029012024403,-0.0828486979007721,1.1983652114868164,1
25.012,WAIT_WP,-0.007724029012024403,-0.0828486979007721,1.1983652114868164,1
25.024,WAIT_WP,-0.007200315594673157,-0.08493317663669586,1.1983953714370728,1
25.028,WAIT_WP,-0.007200315594673157,-0.08493317663669586,1.1983953714370728,1
25.032,WAIT_WP,-0.007200315594673157,-0.08493317663669586,1.1983953714370728,1
25.032,WAIT_WP,-0.007200315594673157,-0.08493317663669586,1.1983953714370728,1
25.044,WAIT_WP,-0.007200315594673157,-0.08493317663669586,1.1983953714370728,1
25.048,WAIT_WP,-0.006441500969231129,-0.08789770305156708,1.1984342336654663,1
25.052,WAIT_WP,-0.006441500969231129,-0.08789770305156708,1.1984342336654663,1
25.056,WAIT_WP,-0.006441500969231129,-0.08789770305156708,1.1984342336654663,1
25.064,WAIT_WP,-0.006441500969231129,-0.08789770305156708,1.1984342336654663,1
25.064,WAIT_WP,-0.005957752000540495,-0.08976636081933975,1.1984553337097168,1
25.068,WAIT_WP,-0.005957752000540495,-0.08976636081933975,1.1984553337097168,1
25.068,WAIT_WP,-0.005957752000540495,-0.08976636081933975,1.1984553337097168,1
25.084,WAIT_WP,-0.005957752000540495,-0.08976636081933975,1.1984553337097168,1
25.088,WAIT_WP,-0.005260303616523743,-0.09241161495447159,1.1984877586364746,1
25.092,LAND,-0.005260303616523743,-0.09241161495447159,1.1984877586364746,1
25.096,LAND,-0.005260303616523743,-0.09241161495447159,1.1984877586364746,1
25.104,LAND,-0.005260303616523743,-0.09241161495447159,1.1984877586364746,1
25.108,LAND,-0.004814732354134321,-0.09407427906990051,1.1985077857971191,1
25.112,LAND,-0.004814732354134321,-0.09407427906990051,1.1985077857971191,1
25.116,LAND,-0.004814732354134321,-0.09407427906990051,1.1985077857971191,1
25.124,LAND,-0.004172986373305321,-0.09642203152179718,1.1985281705856323,1
25.128,LAND,-0.004172986373305321,-0.09642203152179718,1.1985281705856323,1
25.132,LAND,-0.004172986373305321,-0.09642203152179718,1.1985281705856323,1
25.136,LAND,-0.004172986373305321,-0.09642203152179718,1.1985281705856323,1
25.144,LAND,-0.0037102557253092527,-0.09815337508916855,1.1986587047576904,1
25.148,LAND,-0.0037102557253092527,-0.09815337508916855,1.1986587047576904,1
25.152,LAND,-0.0037102557253092527,-0.09815337508916855,1.1986587047576904,1
25.156,LAND,-0.0037102557253092527,-0.09815337508916855,1.1986587047576904,1
25.164,LAND,-0.0030403798446059227,-0.10058567672967911,1.1988461017608643,1
25.168,LAND,-0.0030403798446059227,-0.10058567672967911,1.1988461017608643,1
25.172,LAND,-0.0030403798446059227,-0.10058567672967911,1.1988461017608643,1
25.176,LAND,-0.0030403798446059227,-0.10058567672967911,1.1988461017608643,1
25.184,LAND,-0.002606921596452594,-0.10210632532835007,1.1989665031433105,1
25.188,LAND,-0.002606921596452594,-0.10210632532835007,1.1989665031433105,1
25.192,LAND,-0.002606921596452594,-0.10210632532835007,1.1989665031433105,1
25.192,LAND,-0.002606921596452594,-0.10210632532835007,1.1989665031433105,1
25.204,LAND,-0.002606921596452594,-0.10210632532835007,1.1989665031433105,1
25.208,LAND,-0.001985551556572318,-0.10423371940851212,1.1991244554519653,1
25.212,LAND,-0.001985551556572318,-0.10423371940851212,1.1991244554519653,1
25.216,LAND,-0.001985551556572318,-0.10423371940851212,1.1991244554519653,1
25.224,LAND,-0.001589143997989595,-0.10556094348430634,1.1990325450897217,1
25.228,LAND,-0.001589143997989595,-0.10556094348430634,1.1990325450897217,1
25.232,LAND,-0.001589143997989595,-0.10556094348430634,1.1990325450897217,1
25.236,LAND,-0.001589143997989595,-0.10556094348430634,1.1990325450897217,1
25.244,LAND,-0.001589143997989595,-0.10556094348430634,1.1990325450897217,1
25.248,LAND,-0.0010268120095133781,-0.10745847970247269,1.1979116201400757,1
25.252,LAND,-0.0010268120095133781,-0.10745847970247269,1.1979116201400757,1
25.256,LAND,-0.0010268120095133781,-0.10745847970247269,1.1979116201400757,1
25.264,LAND,-0.0006777564412914217,-0.10867656767368317,1.1963164806365967,1
25.264,LAND,-0.0006777564412914217,-0.10867656767368317,1.1963164806365967,1
25.272,LAND,-0.0006777564412914217,-0.10867656767368317,1.1963164806365967,1
25.276,LAND,-0.0006777564412914217,-0.10867656767368317,1.1963164806365967,1
25.284,LAND,-0.0006777564412914217,-0.10867656767368317,1.1963164806365967,1
25.288,LAND,-0.00019096015603281558,-0.11044459044933319,1.1925450563430786,1
25.292,LAND,-0.00019096015603281558,-0.11044459044933319,1.1925450563430786,1
25.296,LAND,-0.00019096015603281558,-0.11044459044933319,1.1925450563430786,1
25.304,LAND,-0.00019096015603281558,-0.11044459044933319,1.1925450563430786,1
25.308,LAND,0.00010831731196958572,-0.1115792915225029,1.1891288757324219,1
25.312,LAND,0.00010831731196958572,-0.1115792915225029,1.1891288757324219,1
25.316,LAND,0.00010831731196958572,-0.1115792915225029,1.1891288757324219,1
25.324,LAND,0.00010831731196958572,-0.1115792915225029,1.1891288757324219,1
25.328,LAND,0.0005134609527885914,-0.11321502178907394,1.1827722787857056,1
25.332,LAND,0.0005134609527885914,-0.11321502178907394,1.1827722787857056,1
25.336,LAND,0.0005134609527885914,-0.11321502178907394,1.1827722787857056,1
25.344,LAND,0.0007549625588580966,-0.11426658183336258,1.1777983903884888,1
25.348,LAND,0.0007549625588580966,-0.11426658183336258,1.1777983903884888,1
25.352,LAND,0.0007549625588580966,-0.11426658183336258,1.1777983903884888,1
25.356,LAND,0.0007549625588580966,-0.11426658183336258,1.1777983903884888,1
25.364,LAND,0.0007549625588580966,-0.11426658183336258,1.1777983903884888,1
25.368,LAND,0.001078643137589097,-0.11578851193189621,1.1693905591964722,1
25.372,LAND,0.001078643137589097,-0.11578851193189621,1.1693905591964722,1
25.376,LAND,0.001078643137589097,-0.11578851193189621,1.1693905591964722,1
25.384,LAND,0.001078643137589097,-0.11578851193189621,1.1693905591964722,1
25.384,LAND,0.0012690700823441148,-0.11676998436450958,1.1632418632507324,1
25.392,LAND,0.0012690700823441148,-0.11676998436450958,1.1632418632507324,1
25.396,LAND,0.0012690700823441148,-0.11676998436450958,1.1632418632507324,1
25.404,LAND,0.0015214718878269196,-0.11819449812173843,1.1533337831497192,1
25.404,LAND,0.0015214718878269196,-0.11819449812173843,1.1533337831497192,1
25.412,LAND,0.0015214718878269196,-0.11819449812173843,1.1533337831497192,1
25.416,LAND,0.0015214718878269196,-0.11819449812173843,1.1533337831497192,1
25.424,LAND,0.0016695287777110934,-0.1191144585609436,1.1463329792022705,1
25.428,LAND,0.0016695287777110934,-0.1191144585609436,1.1463329792022705,1
25.432,LAND,0.0016695287777110934,-0.1191144585609436,1.1463329792022705,1
25.436,LAND,0.0016695287777110934,-0.1191144585609436,1.1463329792022705,1
25.444,LAND,0.0016695287777110934,-0.1191144585609436,1.1463329792022705,1
25.448,LAND,0.0018663775408640504,-0.12045323103666306,1.1353362798690796,1
25.452,LAND,0.0018663775408640504,-0.12045323103666306,1.1353362798690796,1
25.456,LAND,0.0018663775408640504,-0.12045323103666306,1.1353362798690796,1
25.464,LAND,0.0018663775408640504,-0.12045323103666306,1.1353362798690796,1
25.468,LAND,0.0019833531696349382,-0.12132236361503601,1.1277309656143188,1
25.472,LAND,0.0019833531696349382,-0.12132236361503601,1.1277309656143188,1
25.476,LAND,0.0019833531696349382,-0.12132236361503601,1.1277309656143188,1
25.484,LAND,0.0019833531696349382,-0.12132236361503601,1.1277309656143188,1
25.488,LAND,0.002139203017577529,-0.12258794903755188,1.1159803867340088,1
25.492,LAND,0.002139203017577529,-0.12258794903755188,1.1159803867340088,1
25.496,LAND,0.002139203017577529,-0.12258794903755188,1.1159803867340088,1
25.504,LAND,0.002139203017577529,-0.12258794903755188,1.1159803867340088,1
25.508,LAND,0.002218531211838126,-0.12341193109750748,1.1079561710357666,1
25.512,LAND,0.002218531211838126,-0.12341193109750748,1.1079561710357666,1
25.516,LAND,0.002218531211838126,-0.12341193109750748,1.1079561710357666,1
25.524,LAND,0.002218531211838126,-0.12341193109750748,1.1079561710357666,1
25.528,LAND,0.002312624827027321,-0.12461640685796738,1.0956887006759644,1
25.532,LAND,0.002312624827027321,-0.12461640685796738,1.0956887006759644,1
25.536,LAND,0.002312624827027321,-0.12461640685796738,1.0956887006759644,1
25.544,LAND,0.002312624827027321,-0.12461640685796738,1.0956887006759644,1
25.548000000000002,LAND,0.002408240456134081,-0.12556999921798706,1.0876902341842651,1
25.552,LAND,0.002408240456134081,-0.12556999921798706,1.0876902341842651,1
25.556,LAND,0.002408240456134081,-0.12556999921798706,1.0876902341842651,1
25.564,LAND,0.002408240456134081,-0.12556999921798706,1.0876902341842651,1
25.568,LAND,0.0025323969312012196,-0.12695644795894623,1.0755237340927124,1
25.572,LAND,0.0025323969312012196,-0.12695644795894623,1.0755237340927124,1
25.576,LAND,0.0025323969312012196,-0.12695644795894623,1.0755237340927124,1
25.584,LAND,0.0025962190702557564,-0.12784819304943085,1.0673155784606934,1
25.588,LAND,0.0025962190702557564,-0.12784819304943085,1.0673155784606934,1
25.592,LAND,0.0025962190702557564,-0.12784819304943085,1.0673155784606934,1
25.596,LAND,0.0025962190702557564,-0.12784819304943085,1.0673155784606934,1
25.604,LAND,0.0025962190702557564,-0.12784819304943085,1.0673155784606934,1
25.604,LAND,0.0026677397545427084,-0.12913663685321808,1.0548728704452515,1
25.612,LAND,0.0026677397545427084,-0.12913663685321808,1.0548728704452515,1
25.616,LAND,0.0026677397545427084,-0.12913663685321808,1.0548728704452515,1
25.624,LAND,0.0026677397545427084,-0.12913663685321808,1.0548728704452515,1
25.628,LAND,0.002706745406612754,-0.12996578216552734,1.0465054512023926,1
25.632,LAND,0.002706745406612754,-0.12996578216552734,1.0465054512023926,1
25.636,LAND,0.002706745406612754,-0.12996578216552734,1.0465054512023926,1
25.644,LAND,0.002748668659478426,-0.1311645805835724,1.033857822418213,1
25.648,LAND,0.002748668659478426,-0.1311645805835724,1.033857822418213,1
25.652,LAND,0.002748668659478426,-0.1311645805835724,1.033857822418213,1
25.656,LAND,0.002748668659478426,-0.1311645805835724,1.033857822418213,1
25.664,LAND,0.002748668659478426,-0.1311645805835724,1.033857822418213,1
25.668,LAND,0.002767205936834216,-0.13193278014659882,1.025374174118042,1
25.672,LAND,0.002767205936834216,-0.13193278014659882,1.025374174118042,1
25.676,LAND,0.002767205936834216,-0.13193278014659882,1.025374174118042,1
25.684,LAND,0.002767205936834216,-0.13193278014659882,1.025374174118042,1
25.688,LAND,0.0027859548572450876,-0.13303546607494354,1.0125831365585327,1
25.692,LAND,0.0027859548572450876,-0.13303546607494354,1.0125831365585327,1
25.696,LAND,0.0027859548572450876,-0.13303546607494354,1.0125831365585327,1
25.704,LAND,0.0027859548572450876,-0.13303546607494354,1.0125831365585327,1
25.708,LAND,0.00279205827973783,-0.13373282551765442,1.0040175914764404,1
25.712,LAND,0.00279205827973783,-0.13373282551765442,1.0040175914764404,1
25.716,LAND,0.00279205827973783,-0.13373282551765442,1.0040175914764404,1
25.724,LAND,0.00279205827973783,-0.13373282551765442,1.0040175914764404,1
25.728,LAND,0.0027847234159708023,-0.13472416996955872,0.9911154508590698,1
25.732,LAND,0.0027847234159708023,-0.13472416996955872,0.9911154508590698,1
25.736,LAND,0.0027847234159708023,-0.13472416996955872,0.9911154508590698,1
25.744,LAND,0.0027847234159708023,-0.13472416996955872,0.9911154508590698,1
25.744,LAND,0.0027680392377078533,-0.13535280525684357,0.982490062713623,1
25.752,LAND,0.0027680392377078533,-0.13535280525684357,0.982490062713623,1
25.756,LAND,0.0027680392377078533,-0.13535280525684357,0.982490062713623,1
25.764,LAND,0.0027680392377078533,-0.13535280525684357,0.982490062713623,1
25.768,LAND,0.00271767470985651,-0.13624180853366852,0.969517171382904,1
25.772,LAND,0.00271767470985651,-0.13624180853366852,0.969517171382904,1
25.776,LAND,0.00271767470985651,-0.13624180853366852,0.969517171382904,1
25.784,LAND,0.00271767470985651,-0.13624180853366852,0.969517171382904,1
25.788,LAND,0.002669624052941799,-0.1368040293455124,0.9608451724052429,1
25.788,LAND,0.002669624052941799,-0.1368040293455124,0.9608451724052429,1
25.796,LAND,0.002669624052941799,-0.1368040293455124,0.9608451724052429,1
25.804,LAND,0.002669624052941799,-0.1368040293455124,0.9608451724052429,1
25.808,LAND,0.002584837842732668,-0.13760384917259216,0.9478196501731873,1
25.812,LAND,0.002584837842732668,-0.13760384917259216,0.9478196501731873,1
25.816,LAND,0.002584837842732668,-0.13760384917259216,0.9478196501731873,1
25.824,LAND,0.002584837842732668,-0.13760384917259216,0.9478196501731873,1
25.824,LAND,0.0025182520039379597,-0.1381128579378128,0.9391298294067383,1
25.832,LAND,0.0025182520039379597,-0.1381128579378128,0.9391298294067383,1
25.836,LAND,0.0025182520039379597,-0.1381128579378128,0.9391298294067383,1
25.844,LAND,0.0025182520039379597,-0.1381128579378128,0.9391298294067383,1
25.848,LAND,0.002407569671049714,-0.1388402283191681,0.9260851740837097,1
25.852,LAND,0.002407569671049714,-0.1388402283191681,0.9260851740837097,1
25.856,LAND,0.002407569671049714,-0.1388402283191681,0.9260851740837097,1
25.864,LAND,0.002331641735509038,-0.13929331302642822,0.9173873662948608,1
25.868,LAND,0.002331641735509038,-0.13929331302642822,0.9173873662948608,1
25.872,LAND,0.002331641735509038,-0.13929331302642822,0.9173873662948608,1
25.876,LAND,0.002331641735509038,-0.13929331302642822,0.9173873662948608,1
25.884,LAND,0.002331641735509038,-0.13929331302642822,0.9173873662948608,1
25.888,LAND,0.002200745278969407,-0.1399276703596115,0.9043452739715576,1
25.892,LAND,0.002200745278969407,-0.1399276703596115,0.9043452739715576,1
25.896,LAND,0.002200745278969407,-0.1399276703596115,0.9043452739715576,1
25.904,LAND,0.002200745278969407,-0.1399276703596115,0.9043452739715576,1
25.908,LAND,0.002095876494422555,-0.1403217762708664,0.8956475257873535,1
25.912,LAND,0.002095876494422555,-0.1403217762708664,0.8956475257873535,1
25.916,LAND,0.002095876494422555,-0.1403217762708664,0.8956475257873535,1
25.924,LAND,0.001924200332723558,-0.14087265729904175,0.8825985193252563,1
25.928,LAND,0.001924200332723558,-0.14087265729904175,0.8825985193252563,1
25.932,LAND,0.001924200332723558,-0.14087265729904175,0.8825985193252563,1
25.936,LAND,0.001924200332723558,-0.14087265729904175,0.8825985193252563,1
25.944,LAND,0.001993507146835327,-0.14130772650241852,0.8740854263305664,1
25.948,LAND,0.001993507146835327,-0.14130772650241852,0.8740854263305664,1
25.951999999999998,LAND,0.001993507146835327,-0.14130772650241852,0.8740854263305664,1
25.951999999999998,LAND,0.001993507146835327,-0.14130772650241852,0.8740854263305664,1
25.964,LAND,0.002077329671010375,-0.1419072151184082,0.861289918422699,1
25.964,LAND,0.002077329671010375,-0.1419072151184082,0.861289918422699,1
25.972,LAND,0.002077329671010375,-0.1419072151184082,0.861289918422699,1
25.976,LAND,0.002077329671010375,-0.1419072151184082,0.861289918422699,1
25.984,LAND,0.002077329671010375,-0.1419072151184082,0.861289918422699,1
25.988,LAND,0.002120415912941098,-0.14227449893951416,0.8527448773384094,1
25.992,LAND,0.002120415912941098,-0.14227449893951416,0.8527448773384094,1
25.996,LAND,0.002120415912941098,-0.14227449893951416,0.8527448773384094,1
26.004,LAND,0.0021636064630001783,-0.1427820473909378,0.8399075865745544,1
26.004,LAND,0.0021636064630001783,-0.1427820473909378,0.8399075865745544,1
26.008,LAND,0.0021636064630001783,-0.1427820473909378,0.8399075865745544,1
26.016,LAND,0.0021636064630001783,-0.1427820473909378,0.8399075865745544,1
26.024,LAND,0.0021636064630001783,-0.1427820473909378,0.8399075865745544,1
26.028,LAND,0.0021778407972306013,-0.14309148490428925,0.8313395380973816,1
26.032,LAND,0.0021778407972306013,-0.14309148490428925,0.8313395380973816,1
26.036,LAND,0.0021778407972306013,-0.14309148490428925,0.8313395380973816,1
26.044,LAND,0.0021778407972306013,-0.14309148490428925,0.8313395380973816,1
26.048,LAND,0.002173342276364565,-0.14351242780685425,0.8184723854064941,1
26.052,LAND,0.002173342276364565,-0.14351242780685425,0.8184723854064941,1
26.056,LAND,0.002173342276364565,-0.14351242780685425,0.8184723854064941,1
26.064,LAND,0.002173342276364565,-0.14351242780685425,0.8184723854064941,1
26.068,LAND,0.0021599573083221912,-0.14376220107078552,0.8098910450935364,1
26.072,LAND,0.0021599573083221912,-0.14376220107078552,0.8098910450935364,1
26.076,LAND,0.0021599573083221912,-0.14376220107078552,0.8098910450935364,1
26.084,LAND,0.0021599573083221912,-0.14376220107078552,0.8098910450935364,1
26.088,LAND,0.00212208554148674,-0.14410528540611267,0.7970097661018372,1
26.092,LAND,0.00212208554148674,-0.14410528540611267,0.7970097661018372,1
26.096,LAND,0.00212208554148674,-0.14410528540611267,0.7970097661018372,1
26.104,LAND,0.00212208554148674,-0.14410528540611267,0.7970097661018372,1
26.108,LAND,0.0020812684670090675,-0.1443166434764862,0.7884209752082825,1
26.112,LAND,0.0020812684670090675,-0.1443166434764862,0.7884209752082825,1
26.116,LAND,0.0020812684670090675,-0.1443166434764862,0.7884209752082825,1
26.124,LAND,0.0020812684670090675,-0.1443166434764862,0.7884209752082825,1
26.128,LAND,0.0020034988410770893,-0.14460518956184387,0.7755372524261475,1
26.132,LAND,0.0020034988410770893,-0.14460518956184387,0.7755372524261475,1
26.136,LAND,0.0020034988410770893,-0.14460518956184387,0.7755372524261475,1
26.144,LAND,0.0020034988410770893,-0.14460518956184387,0.7755372524261475,1
26.148,LAND,0.001938598696142435,-0.1447756141424179,0.7669365406036377,1
26.152,LAND,0.001938598696142435,-0.1447756141424179,0.7669365406036377,1
26.156,LAND,0.001938598696142435,-0.1447756141424179,0.7669365406036377,1
26.164,LAND,0.001938598696142435,-0.1447756141424179,0.7669365406036377,1
26.168,LAND,0.0018264481332153082,-0.14500340819358826,0.7540254592895508,1
26.172,LAND,0.0018264481332153082,-0.14500340819358826,0.7540254592895508,1
26.176,LAND,0.0018264481332153082,-0.14500340819358826,0.7540254592895508,1
26.184,LAND,0.0018264481332153082,-0.14500340819358826,0.7540254592895508,1
26.188,LAND,0.0017417464405298233,-0.14514082670211792,0.74541175365448,1
26.188,LAND,0.0017417464405298233,-0.14514082670211792,0.74541175365448,1
26.196,LAND,0.0017417464405298233,-0.14514082670211792,0.74541175365448,1
26.204,LAND,0.0017417464405298233,-0.14514082670211792,0.74541175365448,1
26.208,LAND,0.0015938676660880446,-0.1453195959329605,0.7324827909469604,1
26.212,LAND,0.0015938676660880446,-0.1453195959329605,0.7324827909469604,1
26.216,LAND,0.0015938676660880446,-0.1453195959329605,0.7324827909469604,1
26.224,LAND,0.0015938676660880446,-0.1453195959329605,0.7324827909469604,1
26.228,LAND,0.0014801446814090014,-0.14541608095169067,0.72386634349823,1
26.232,LAND,0.0014801446814090014,-0.14541608095169067,0.72386634349823,1
26.236,LAND,0.0014801446814090014,-0.14541608095169067,0.72386634349823,1
26.244,LAND,0.001285810605622828,-0.14554038643836975,0.7109366059303284,1
26.244,LAND,0.001285810605622828,-0.14554038643836975,0.7109366059303284,1
26.248,LAND,0.001285810605622828,-0.14554038643836975,0.7109366059303284,1
26.256,LAND,0.001285810605622828,-0.14554038643836975,0.7109366059303284,1
26.264,LAND,0.001285810605622828,-0.14554038643836975,0.7109366059303284,1
26.268,LAND,0.0011546198511496186,-0.14560411870479584,0.7023113965988159,1
26.272,LAND,0.0011546198511496186,-0.14560411870479584,0.7023113965988159,1
26.276,LAND,0.0011546198511496186,-0.14560411870479584,0.7023113965988159,1
26.284,LAND,0.0011546198511496186,-0.14560411870479584,0.7023113965988159,1
26.284,LAND,0.0009530772222205997,-0.1456674337387085,0.6893720030784607,1
26.284,LAND,0.0009530772222205997,-0.1456674337387085,0.6893720030784607,1
26.292,LAND,0.0009530772222205997,-0.1456674337387085,0.6893720030784607,1
26.304,LAND,0.0009530772222205997,-0.1456674337387085,0.6893720030784607,1
26.308,LAND,0.0008152601076290011,-0.14569246768951416,0.6807520389556885,1
26.308,LAND,0.0008152601076290011,-0.14569246768951416,0.6807520389556885,1
26.316,LAND,0.0008152601076290011,-0.14569246768951416,0.6807520389556885,1
26.324,LAND,0.0008152601076290011,-0.14569246768951416,0.6807520389556885,1
26.328,LAND,0.0006045252084732056,-0.1457117348909378,0.6678159236907959,1
26.332,LAND,0.0006045252084732056,-0.1457117348909378,0.6678159236907959,1
26.336,LAND,0.0006045252084732056,-0.1457117348909378,0.6678159236907959,1
26.344,LAND,0.0006045252084732056,-0.1457117348909378,0.6678159236907959,1
26.348,LAND,0.0006424285238608718,-0.14574982225894928,0.6594043374061584,1
26.352,LAND,0.0006424285238608718,-0.14574982225894928,0.6594043374061584,1
26.356,LAND,0.0006424285238608718,-0.14574982225894928,0.6594043374061584,1
26.364,LAND,0.0006424285238608718,-0.14574982225894928,0.6594043374061584,1
26.364,LAND,0.0006749321473762393,-0.14577466249465942,0.6467817425727844,1
26.372,LAND,0.0006749321473762393,-0.14577466249465942,0.6467817425727844,1
26.376,LAND,0.0006749321473762393,-0.14577466249465942,0.6467817425727844,1
26.384,LAND,0.0006749321473762393,-0.14577466249465942,0.6467817425727844,1
26.388,LAND,0.0006810050108470023,-0.14577005803585052,0.6383582949638367,1
26.388,LAND,0.0006810050108470023,-0.14577005803585052,0.6383582949638367,1
26.396,LAND,0.0006810050108470023,-0.14577005803585052,0.6383582949638367,1
26.404,LAND,0.0006810050108470023,-0.14577005803585052,0.6383582949638367,1
26.408,LAND,0.0006695534102618694,-0.14573323726654053,0.6257071495056152,1
26.412,LAND,0.0006695534102618694,-0.14573323726654053,0.6257071495056152,1
26.416,LAND,0.0006695534102618694,-0.14573323726654053,0.6257071495056152,1
26.424,LAND,0.0006695534102618694,-0.14573323726654053,0.6257071495056152,1
26.428,LAND,0.0006533177220262587,-0.14568553864955902,0.6172674894332886,1
26.432,LAND,0.0006533177220262587,-0.14568553864955902,0.6172674894332886,1
26.436,LAND,0.0006533177220262587,-0.14568553864955902,0.6172674894332886,1
26.444,LAND,0.0006146240630187094,-0.14558221399784088,0.6045949459075928,1
26.448,LAND,0.0006146240630187094,-0.14558221399784088,0.6045949459075928,1
26.452,LAND,0.0006146240630187094,-0.14558221399784088,0.6045949459075928,1
26.456,LAND,0.0006146240630187094,-0.14558221399784088,0.6045949459075928,1
26.464,LAND,0.0006146240630187094,-0.14558221399784088,0.6045949459075928,1
26.468,LAND,0.0005780866486020386,-0.14549484848976135,0.5961422324180603,1
26.472,LAND,0.0005780866486020386,-0.14549484848976135,0.5961422324180603,1
26.476,LAND,0.0005780866486020386,-0.14549484848976135,0.5961422324180603,1
26.484,LAND,0.0005780866486020386,-0.14549484848976135,0.5961422324180603,1
26.488,LAND,0.0005041867843829095,-0.14533400535583496,0.5834546685218811,1
26.492,LAND,0.0005041867843829095,-0.14533400535583496,0.5834546685218811,1
26.496,LAND,0.0005041867843829095,-0.14533400535583496,0.5834546685218811,1
26.504,LAND,0.00044129075831733644,-0.1452060043811798,0.5749877095222473,1
26.504,LAND,0.00044129075831733644,-0.1452060043811798,0.5749877095222473,1
26.512,LAND,0.00044129075831733644,-0.1452060043811798,0.5749877095222473,1
26.516,LAND,0.00044129075831733644,-0.1452060043811798,0.5749877095222473,1
26.524,LAND,0.00044129075831733644,-0.1452060043811798,0.5749877095222473,1
26.528,LAND,0.00033744366373866796,-0.1449877917766571,0.5622844099998474,1
26.532,LAND,0.00033744366373866796,-0.1449877917766571,0.5622844099998474,1
26.536,LAND,0.00033744366373866796,-0.1449877917766571,0.5622844099998474,1
26.544,LAND,0.00025935398298315704,-0.1448250412940979,0.553803026676178,1
26.548000000000002,LAND,0.00025935398298315704,-0.1448250412940979,0.553803026676178,1
26.552,LAND,0.00025935398298315704,-0.1448250412940979,0.553803026676178,1
26.552,LAND,0.00025935398298315704,-0.1448250412940979,0.553803026676178,1
26.564,LAND,0.00012014901585644111,-0.14456452429294586,0.5410669445991516,1
26.564,LAND,0.00012014901585644111,-0.14456452429294586,0.5410669445991516,1
26.568,LAND,0.00012014901585644111,-0.14456452429294586,0.5410669445991516,1
26.576,LAND,0.00012014901585644111,-0.14456452429294586,0.5410669445991516,1
26.584,LAND,0.00012014901585644111,-0.14456452429294586,0.5410669445991516,1
26.588,LAND,1.9037979654967785e-05,-0.14437681436538696,0.5325766205787659,1
26.592,LAND,1.9037979654967785e-05,-0.14437681436538696,0.5325766205787659,1
26.596,LAND,1.9037979654967785e-05,-0.14437681436538696,0.5325766205787659,1
26.604,LAND,-0.00014614046085625887,-0.14407746493816376,0.5198293328285217,1
26.608,LAND,-0.00014614046085625887,-0.14407746493816376,0.5198293328285217,1
26.612,LAND,-0.00014614046085625887,-0.14407746493816376,0.5198293328285217,1
26.616,LAND,-0.00014614046085625887,-0.14407746493816376,0.5198293328285217,1
26.624,LAND,-0.00014614046085625887,-0.14407746493816376,0.5198293328285217,1
26.628,LAND,-0.00027072045486420393,-0.1438654363155365,0.5113182663917542,1
26.632,LAND,-0.00027072045486420393,-0.1438654363155365,0.5113182663917542,1
26.636,LAND,-0.00027072045486420393,-0.1438654363155365,0.5113182663917542,1
26.644,LAND,-0.00027072045486420393,-0.1438654363155365,0.5113182663917542,1
26.648,LAND,-0.0004774408880621195,-0.14352574944496155,0.4985581636428833,1
26.652,LAND,-0.0004774408880621195,-0.14352574944496155,0.4985581636428833,1
26.656,LAND,-0.0004774408880621195,-0.14352574944496155,0.4985581636428833,1
26.664,LAND,-0.0006236785557121038,-0.14329084753990173,0.4900505542755127,1
26.668,LAND,-0.0006236785557121038,-0.14329084753990173,0.4900505542755127,1
26.672,LAND,-0.0006236785557121038,-0.14329084753990173,0.4900505542755127,1
26.676,LAND,-0.0006236785557121038,-0.14329084753990173,0.4900505542755127,1
26.684,LAND,-0.0008577044936828315,-0.14292961359024048,0.47728431224823,1
26.688,LAND,-0.0008577044936828315,-0.14292961359024048,0.47728431224823,1
26.692,LAND,-0.0008577044936828315,-0.14292961359024048,0.47728431224823,1
26.696,LAND,-0.0008577044936828315,-0.14292961359024048,0.47728431224823,1
26.704,LAND,-0.0010235795052722096,-0.14268043637275696,0.46878254413604736,1
26.708,LAND,-0.0010235795052722096,-0.14268043637275696,0.46878254413604736,1
26.712,LAND,-0.0010235795052722096,-0.14268043637275696,0.46878254413604736,1
26.716,LAND,-0.0010235795052722096,-0.14268043637275696,0.46878254413604736,1
26.724,LAND,-0.0012914278777316213,-0.14229530096054077,0.4560317397117615,1
26.728,LAND,-0.0012914278777316213,-0.14229530096054077,0.4560317397117615,1
26.732,LAND,-0.0012914278777316213,-0.14229530096054077,0.4560317397117615,1
26.736,LAND,-0.0012914278777316213,-0.14229530096054077,0.4560317397117615,1
26.744,LAND,-0.0012914278777316213,-0.14229530096054077,0.4560317397117615,1
26.748,LAND,-0.0012431781506165862,-0.14208795130252838,0.447719007730484,1
26.752,LAND,-0.0012431781506165862,-0.14208795130252838,0.447719007730484,1
26.756,LAND,-0.0012431781506165862,-0.14208795130252838,0.447719007730484,1
26.764,LAND,-0.0012431781506165862,-0.14208795130252838,0.447719007730484,1
26.768,LAND,-0.001192262046970427,-0.14176324009895325,0.43524840474128723,1
26.772,LAND,-0.001192262046970427,-0.14176324009895325,0.43524840474128723,1
26.776,LAND,-0.001192262046970427,-0.14176324009895325,0.43524840474128723,1
26.784,LAND,-0.001167303416877985,-0.1415380984544754,0.42692384123802185,1
26.788,LAND,-0.001167303416877985,-0.1415380984544754,0.42692384123802185,1
26.792,LAND,-0.001167303416877985,-0.1415380984544754,0.42692384123802185,1
26.796,LAND,-0.001167303416877985,-0.1415380984544754,0.42692384123802185,1
26.804,LAND,-0.001167303416877985,-0.1415380984544754,0.42692384123802185,1
26.808,LAND,-0.001153712859377265,-0.14118850231170654,0.41441643238067627,1
26.812,LAND,-0.001153712859377265,-0.14118850231170654,0.41441643238067627,1
26.816,LAND,-0.001153712859377265,-0.14118850231170654,0.41441643238067627,1
26.824,LAND,-0.001153712859377265,-0.14118850231170654,0.41441643238067627,1
26.828,LAND,-0.0011600820580497384,-0.14094682037830353,0.40607473254203796,1
26.832,LAND,-0.0011600820580497384,-0.14094682037830353,0.40607473254203796,1
26.836,LAND,-0.0011600820580497384,-0.14094682037830353,0.40607473254203796,1
26.844,LAND,-0.0011600820580497384,-0.14094682037830353,0.40607473254203796,1
26.848,LAND,-0.0011881260434165597,-0.14057573676109314,0.39353811740875244,1
26.852,LAND,-0.0011881260434165597,-0.14057573676109314,0.39353811740875244,1
26.852,LAND,-0.0011881260434165597,-0.14057573676109314,0.39353811740875244,1
26.864,LAND,-0.0012207231484353542,-0.1403222233057022,0.3851693868637085,1
26.868,LAND,-0.0012207231484353542,-0.1403222233057022,0.3851693868637085,1
26.872,LAND,-0.0012207231484353542,-0.1403222233057022,0.3851693868637085,1
26.872,LAND,-0.0012207231484353542,-0.1403222233057022,0.3851693868637085,1
26.884,LAND,-0.0012207231484353542,-0.1403222233057022,0.3851693868637085,1
26.888,LAND,-0.00128003372810781,-0.13992826640605927,0.3726174533367157,1
26.892,LAND,-0.00128003372810781,-0.13992826640605927,0.3726174533367157,1
26.896,LAND,-0.00128003372810781,-0.13992826640605927,0.3726174533367157,1
26.904,LAND,-0.00128003372810781,-0.13992826640605927,0.3726174533367157,1
26.908,LAND,-0.001334329484961927,-0.13966114819049835,0.364238977432251,1
26.912,LAND,-0.001334329484961927,-0.13966114819049835,0.364238977432251,1
26.912,LAND,-0.001334329484961927,-0.13966114819049835,0.364238977432251,1
26.924,LAND,-0.001334329484961927,-0.13966114819049835,0.364238977432251,1
26.928,LAND,-0.0014347850810736418,-0.13925084471702576,0.3516606390476227,1
26.932,LAND,-0.0014347850810736418,-0.13925084471702576,0.3516606390476227,1
26.936,LAND,-0.0014347850810736418,-0.13925084471702576,0.3516606390476227,1
26.944,LAND,-0.0015181830385699868,-0.13897354900836945,0.3432844877243042,1
26.948,LAND,-0.0015181830385699868,-0.13897354900836945,0.3432844877243042,1
26.951999999999998,LAND,-0.0015181830385699868,-0.13897354900836945,0.3432844877243042,1
26.956,LAND,-0.0015181830385699868,-0.13897354900836945,0.3432844877243042,1
26.964,LAND,-0.0016630081227049232,-0.1385507434606552,0.3307124674320221,1
26.968,LAND,-0.0016630081227049232,-0.1385507434606552,0.3307124674320221,1
26.972,LAND,-0.0016630081227049232,-0.1385507434606552,0.3307124674320221,1
26.976,LAND,-0.0016630081227049232,-0.1385507434606552,0.3307124674320221,1
26.984,LAND,-0.0017665026243776083,-0.1382664144039154,0.32232072949409485,1
26.984,LAND,-0.0017665026243776083,-0.1382664144039154,0.32232072949409485,1
26.992,LAND,-0.0017665026243776083,-0.1382664144039154,0.32232072949409485,1
26.996,LAND,-0.0017665026243776083,-0.1382664144039154,0.32232072949409485,1
27.004,LAND,-0.0017665026243776083,-0.1382664144039154,0.32232072949409485,1
27.008,LAND,-0.0019338984275236726,-0.13783349096775055,0.3097396492958069,1
27.012,LAND,-0.0019338984275236726,-0.13783349096775055,0.3097396492958069,1
27.016,LAND,-0.0019338984275236726,-0.13783349096775055,0.3097396492958069,1
27.024,LAND,-0.0019338984275236726,-0.13783349096775055,0.3097396492958069,1
27.028,LAND,-0.002054249169304967,-0.13754405081272125,0.30134117603302,1
27.032,LAND,-0.002054249169304967,-0.13754405081272125,0.30134117603302,1
27.036,LAND,-0.002054249169304967,-0.13754405081272125,0.30134117603302,1
27.044,LAND,-0.002054249169304967,-0.13754405081272125,0.30134117603302,1
27.048,LAND,-0.002248958917334676,-0.137110635638237,0.2887325584888458,1
27.052,LAND,-0.002248958917334676,-0.137110635638237,0.2887325584888458,1
27.056,LAND,-0.002248958917334676,-0.137110635638237,0.2887325584888458,1
27.064,LAND,-0.002248958917334676,-0.137110635638237,0.2887325584888458,1
27.068,LAND,-0.0023891583550721407,-0.13681653141975403,0.2803301513195038,1
27.072,LAND,-0.0023891583550721407,-0.13681653141975403,0.2803301513195038,1
27.076,LAND,-0.0023891583550721407,-0.13681653141975403,0.2803301513195038,1
27.084,LAND,-0.0023891583550721407,-0.13681653141975403,0.2803301513195038,1
27.088,LAND,-0.002615464385598898,-0.13637129962444305,0.26772424578666687,1
27.092,LAND,-0.002615464385598898,-0.13637129962444305,0.26772424578666687,1
27.096,LAND,-0.002615464385598898,-0.13637129962444305,0.26772424578666687,1
27.104,LAND,-0.002615464385598898,-0.13637129962444305,0.26772424578666687,1
27.108,LAND,-0.0027750451117753983,-0.1360693871974945,0.2593209743499756,1
27.112,LAND,-0.0027750451117753983,-0.1360693871974945,0.2593209743499756,1
27.116,LAND,-0.0027750451117753983,-0.1360693871974945,0.2593209743499756,1
27.124,LAND,-0.0027750451117753983,-0.1360693871974945,0.2593209743499756,1
27.128,LAND,-0.003028401406481862,-0.13561220467090607,0.24672718346118927,1
27.132,LAND,-0.003028401406481862,-0.13561220467090607,0.24672718346118927,1
27.136,LAND,-0.003028401406481862,-0.13561220467090607,0.24672718346118927,1
27.144,LAND,-0.003028401406481862,-0.13561220467090607,0.24672718346118927,1
27.148,LAND,-0.00300311460159719,-0.13531482219696045,0.23857510089874268,1
27.152,LAND,-0.00300311460159719,-0.13531482219696045,0.23857510089874268,1
27.156,LAND,-0.00300311460159719,-0.13531482219696045,0.23857510089874268,1
27.164,LAND,-0.00300311460159719,-0.13531482219696045,0.23857510089874268,1
27.168,LAND,-0.0029927995055913925,-0.13486993312835693,0.22632016241550446,1
27.172,LAND,-0.0029927995055913925,-0.13486993312835693,0.22632016241550446,1
27.176,LAND,-0.0029927995055913925,-0.13486993312835693,0.22632016241550446,1
27.184,LAND,-0.003000150667503476,-0.1345720887184143,0.21814750134944916,1
27.188,LAND,-0.003000150667503476,-0.1345720887184143,0.21814750134944916,1
27.192,LAND,-0.003000150667503476,-0.1345720887184143,0.21814750134944916,1
27.196,LAND,-0.003000150667503476,-0.1345720887184143,0.21814750134944916,1
27.204,LAND,-0.0030327592976391315,-0.13411842286586761,0.20585812628269196,1
27.208,LAND,-0.0030327592976391315,-0.13411842286586761,0.20585812628269196,1
27.212,LAND,-0.0030327592976391315,-0.13411842286586761,0.20585812628269196,1
27.216,LAND,-0.0030327592976391315,-0.13411842286586761,0.20585812628269196,1
27.224,LAND,-0.0030327592976391315,-0.13411842286586761,0.20585812628269196,1
27.224,LAND,-0.0030720876529812813,-0.13381356000900269,0.19764938950538635,1
27.232,LAND,-0.0030720876529812813,-0.13381356000900269,0.19764938950538635,1
27.236,LAND,-0.0030720876529812813,-0.13381356000900269,0.19764938950538635,1
27.244,LAND,-0.0031470120884478092,-0.1333569437265396,0.1853199154138565,1
27.248,LAND,-0.0031470120884478092,-0.1333569437265396,0.1853199154138565,1
27.264,LAND,-0.0031470120884478092,-0.1333569437265396,0.1853199154138565,1
27.264,LAND,-0.0031470120884478092,-0.1333569437265396,0.1853199154138565,1
27.264,LAND,-0.0032098821830004454,-0.13304562866687775,0.17707745730876923,1
27.28,LAND,-0.0032098821830004454,-0.13304562866687775,0.17707745730876923,1
27.28,LAND,-0.0032098821830004454,-0.13304562866687775,0.17707745730876923,1
27.288,LAND,-0.0032098821830004454,-0.13304562866687775,0.17707745730876923,1
27.3,LAND,-0.0032098821830004454,-0.13304562866687775,0.17707745730876923,1
27.3,LAND,-0.0032098821830004454,-0.13304562866687775,0.17707745730876923,1
27.312,LAND,-0.003322479547932744,-0.13257800042629242,0.16468913853168488,1
27.316,LAND,-0.003322479547932744,-0.13257800042629242,0.16468913853168488,1
27.316,LAND,-0.003403702285140753,-0.13225962221622467,0.15642909705638885,1
27.32,LAND,-0.003403702285140753,-0.13225962221622467,0.15642909705638885,1
27.32,LAND,-0.003403702285140753,-0.13225962221622467,0.15642909705638885,1
27.34,LAND,-0.003403702285140753,-0.13225962221622467,0.15642909705638885,1
27.34,LAND,-0.0035318713635206223,-0.13177739083766937,0.14402629435062408,1
27.34,LAND,-0.0035318713635206223,-0.13177739083766937,0.14402629435062408,1
27.352,LAND,-0.0035318713635206223,-0.13177739083766937,0.14402629435062408,1
27.352,LAND,-0.0035318713635206223,-0.13177739083766937,0.14402629435062408,1
27.372,LAND,-0.003623860888183117,-0.1314586102962494,0.13575010001659393,1
27.376,LAND,-0.003623860888183117,-0.1314586102962494,0.13575010001659393,1
27.376,LAND,-0.003623860888183117,-0.1314586102962494,0.13575010001659393,1
27.376,LAND,-0.003623860888183117,-0.1314586102962494,0.13575010001659393,1
27.38,LAND,-0.0037653527688235044,-0.1309828907251358,0.12334300577640533,1
27.392,LAND,-0.0037653527688235044,-0.1309828907251358,0.12334300577640533,1
27.392,LAND,-0.0037653527688235044,-0.1309828907251358,0.12334300577640533,1
27.404,LAND,-0.0037653527688235044,-0.1309828907251358,0.12334300577640533,1
27.404,LAND,-0.0037653527688235044,-0.1309828907251358,0.12334300577640533,1
27.404,LAND,-0.00386252929456532,-0.13066959381103516,0.11506430804729462,1
27.404,LAND,-0.00386252929456532,-0.13066959381103516,0.11506430804729462,1
27.404,LAND,-0.00386252929456532,-0.13066959381103516,0.11506430804729462,1
27.428,LAND,-0.0040200501680374146,-0.13020874559879303,0.10263369232416153,1
27.428,LAND,-0.0040200501680374146,-0.13020874559879303,0.10263369232416153,1
27.428,LAND,-0.0040200501680374146,-0.13020874559879303,0.10263369232416153,1
27.428,LAND,-0.0040200501680374146,-0.13020874559879303,0.10263369232416153,1
27.448,LAND,-0.004197584930807352,-0.12976235151290894,0.09020744264125824,1
27.456,LAND,-0.004197584930807352,-0.12976235151290894,0.09020744264125824,1
27.456,LAND,-0.004197584930807352,-0.12976235151290894,0.09020744264125824,1
27.456,LAND,-0.004197584930807352,-0.12976235151290894,0.09020744264125824,1
27.456,LAND,-0.004197584930807352,-0.12976235151290894,0.09020744264125824,1
27.46,LAND,-0.004326561465859413,-0.12947306036949158,0.08191186934709549,1
27.464,LAND,-0.004326561465859413,-0.12947306036949158,0.08191186934709549,1
27.464,LAND,-0.004326561465859413,-0.12947306036949158,0.08191186934709549,1
27.464,LAND,-0.004462573677301407,-0.1291855424642563,0.07361269742250443,1
27.464,LAND,-0.004462573677301407,-0.1291855424642563,0.07361269742250443,1
27.468,LAND,-0.004462573677301407,-0.1291855424642563,0.07361269742250443,1
27.492,LAND,-0.004462573677301407,-0.1291855424642563,0.07361269742250443,1
27.492,LAND,-0.004680783022195101,-0.12875890731811523,0.0611724816262722,1
27.492,LAND,-0.004680783022195101,-0.12875890731811523,0.0611724816262722,1
27.492,LAND,-0.004680783022195101,-0.12875890731811523,0.0611724816262722,1
27.52,LAND,-0.004680783022195101,-0.12875890731811523,0.0611724816262722,1
27.528,LAND,-0.004680783022195101,-0.12875890731811523,0.0611724816262722,1
27.528,LAND,-0.004680783022195101,-0.12875890731811523,0.0611724816262722,1
27.528,LAND,-0.004841323476284742,-0.1284758746623993,0.05286315828561783,1
27.548000000000002,LAND,-0.004841323476284742,-0.1284758746623993,0.05286315828561783,1
27.548000000000002,LAND,-0.004841323476284742,-0.1284758746623993,0.05286315828561783,1
27.548000000000002,LAND,-0.005095976870507002,-0.12806156277656555,0.04039270803332329,1
27.548000000000002,LAND,-0.005095976870507002,-0.12806156277656555,0.04039270803332329,1
27.552,LAND,-0.005095976870507002,-0.12806156277656555,0.04039270803332329,1
27.556,LAND,-0.004876531660556793,-0.12759868800640106,0.02831905335187912,1
27.572,LAND,-0.004876531660556793,-0.12759868800640106,0.02831905335187912,1
27.572,LAND,-0.004876531660556793,-0.12759868800640106,0.02831905335187912,1
27.572,LAND,-0.004876531660556793,-0.12759868800640106,0.02831905335187912,1
27.572,LAND,-0.004876531660556793,-0.12759868800640106,0.02831905335187912,1
27.576,LAND,-0.004754232242703438,-0.12729798257350922,0.02024332992732525,1
27.6,LAND,-0.004754232242703438,-0.12729798257350922,0.02024332992732525,1
27.6,LAND,-0.004754232242703438,-0.12729798257350922,0.02024332992732525,1
27.616,LAND,-0.004649768583476543,-0.12700070440769196,0.01214759424328804,1
27.62,LAND,-0.004649768583476543,-0.12700070440769196,0.01214759424328804,1
27.62,LAND,-0.004649768583476543,-0.12700070440769196,0.01214759424328804,1
27.632,LAND,-0.004649768583476543,-0.12700070440769196,0.01214759424328804,1
27.64,LAND,-0.004649768583476543,-0.12700070440769196,0.01214759424328804,1
27.64,LAND,-0.0045077260583639145,-0.12655560672283173,-1.84273230843246e-05,1
27.644,LAND,-0.0045077260583639145,-0.12655560672283173,-1.84273230843246e-05,1
27.644,LAND,-0.0045077260583639145,-0.12655560672283173,-1.84273230843246e-05,1
27.644,LAND,-0.004384203348308802,-0.12611524760723114,-0.012217837385833263,1
27.644,LAND,-0.004384203348308802,-0.12611524760723114,-0.012217837385833263,1
27.648,LAND,-0.004384203348308802,-0.12611524760723114,-0.012217837385833263,1
27.648,LAND,-0.004384203348308802,-0.12611524760723114,-0.012217837385833263,1
27.684,LAND,-0.004322742111980915,-0.12581825256347656,-0.020374270156025887,1
27.684,LAND,-0.004322742111980915,-0.12581825256347656,-0.020374270156025887,1
27.684,LAND,-0.004322742111980915,-0.12581825256347656,-0.020374270156025887,1
27.684,LAND,-0.004322742111980915,-0.12581825256347656,-0.020374270156025887,1
27.684,LAND,-0.004322742111980915,-0.12581825256347656,-0.020374270156025887,1
27.684,LAND,-0.004276516381651163,-0.1255282461643219,-0.028534160926938057,1
27.684,LAND,-0.004276516381651163,-0.1255282461643219,-0.028534160926938057,1
27.716,LAND,-0.004276516381651163,-0.1255282461643219,-0.028534160926938057,1
27.716,LAND,-0.004229656420648098,-0.12510107457637787,-0.04079079627990723,1
27.716,LAND,-0.004229656420648098,-0.12510107457637787,-0.04079079627990723,1
27.732,LAND,-0.004229656420648098,-0.12510107457637787,-0.04079079627990723,1
27.74,LAND,-0.004229656420648098,-0.12510107457637787,-0.04079079627990723,1
27.748,LAND,-0.0042212409898638725,-0.12482248246669769,-0.0489761084318161,1
27.752,LAND,-0.0042212409898638725,-0.12482248246669769,-0.0489761084318161,1
27.752,LAND,-0.0042212409898638725,-0.12482248246669769,-0.0489761084318161,1
27.756,LAND,-0.0042212409898638725,-0.12482248246669769,-0.0489761084318161,1
27.76,LAND,-0.004230781923979521,-0.12440644204616547,-0.06127623841166496,1
27.76,LAND,-0.004230781923979521,-0.12440644204616547,-0.06127623841166496,1
27.76,LAND,-0.004230781923979521,-0.12440644204616547,-0.06127623841166496,1
27.764,LAND,-0.004230781923979521,-0.12440644204616547,-0.06127623841166496,1
27.768,LAND,-0.004252576734870672,-0.12413448095321655,-0.06949248164892197,1
27.788,LAND,-0.004252576734870672,-0.12413448095321655,-0.06949248164892197,1
27.796,LAND,-0.004252576734870672,-0.12413448095321655,-0.06949248164892197,1
27.8,LAND,-0.004252576734870672,-0.12413448095321655,-0.06949248164892197,1
27.8,LAND,-0.004252576734870672,-0.12413448095321655,-0.06949248164892197,1
27.808,LAND,-0.0043035936541855335,-0.12373184412717819,-0.08184029906988144,1
27.812,LAND,-0.0043035936541855335,-0.12373184412717819,-0.08184029906988144,1
27.812,LAND,-0.0043035936541855335,-0.12373184412717819,-0.08184029906988144,1
27.812,LAND,-0.0043035936541855335,-0.12373184412717819,-0.08184029906988144,1
27.812,LAND,-0.004350808449089527,-0.1234704852104187,-0.09007441997528076,1
27.812,LAND,-0.004350808449089527,-0.1234704852104187,-0.09007441997528076,1
27.816,LAND,-0.004350808449089527,-0.1234704852104187,-0.09007441997528076,1
27.848,LAND,-0.004442112985998392,-0.12307962030172348,-0.1024482324719429,1
27.848,LAND,-0.004442112985998392,-0.12307962030172348,-0.1024482324719429,1
27.848,LAND,-0.004442112985998392,-0.12307962030172348,-0.1024482324719429,1
27.86,LAND,-0.004442112985998392,-0.12307962030172348,-0.1024482324719429,1
27.864,LAND,-0.004442112985998392,-0.12307962030172348,-0.1024482324719429,1
27.864,LAND,-0.004442112985998392,-0.12307962030172348,-0.1024482324719429,1
27.872,LAND,-0.004514776170253754,-0.12282302230596542,-0.11070992797613144,1
27.876,LAND,-0.004514776170253754,-0.12282302230596542,-0.11070992797613144,1
27.876,LAND,-0.0046399738639593124,-0.12245532125234604,-0.12309889495372772,1
27.876,LAND,-0.0046399738639593124,-0.12245532125234604,-0.12309889495372772,1
27.892,LAND,-0.0046399738639593124,-0.12245532125234604,-0.12309889495372772,1
27.892,LAND,-0.0046399738639593124,-0.12245532125234604,-0.12309889495372772,1
27.9,LAND,-0.0046399738639593124,-0.12245532125234604,-0.12309889495372772,1
27.912,LAND,-0.004787268117070198,-0.1220964565873146,-0.13549914956092834,1
27.912,LAND,-0.004787268117070198,-0.1220964565873146,-0.13549914956092834,1
27.92,LAND,-0.004787268117070198,-0.1220964565873146,-0.13549914956092834,1
27.932,LAND,-0.004898883402347565,-0.12186001241207123,-0.14376920461654663,1
27.932,LAND,-0.004898883402347565,-0.12186001241207123,-0.14376920461654663,1
27.936,LAND,-0.004898883402347565,-0.12186001241207123,-0.14376920461654663,1
27.936,LAND,-0.004898883402347565,-0.12186001241207123,-0.14376920461654663,1
27.936,LAND,-0.005019593983888626,-0.12162916362285614,-0.15202884376049042,1
27.944,LAND,-0.005019593983888626,-0.12162916362285614,-0.15202884376049042,1
27.944,LAND,-0.005019593983888626,-0.12162916362285614,-0.15202884376049042,1
27.964,LAND,-0.005019593983888626,-0.12162916362285614,-0.15202884376049042,1
27.968,LAND,-0.005220952909439802,-0.12128762900829315,-0.1644328534603119,1
27.968,LAND,-0.005220952909439802,-0.12128762900829315,-0.1644328534603119,1
27.976,LAND,-0.005220952909439802,-0.12128762900829315,-0.1644328534603119,1
27.976,LAND,-0.005220952909439802,-0.12128762900829315,-0.1644328534603119,1
27.98,LAND,-0.005041489843279123,-0.12093974649906158,-0.17240890860557556,1
27.984,LAND,-0.005041489843279123,-0.12093974649906158,-0.17240890860557556,1
27.984,LAND,-0.005041489843279123,-0.12093974649906158,-0.17240890860557556,1
27.984,LAND,-0.005041489843279123,-0.12093974649906158,-0.17240890860557556,1
27.984,LAND,-0.004807263612747192,-0.12043610960245132,-0.18438635766506195,1
27.984,LAND,-0.004807263612747192,-0.12043610960245132,-0.18438635766506195,1
27.984,LAND,-0.004807263612747192,-0.12043610960245132,-0.18438635766506195,1
27.988,LAND,-0.004807263612747192,-0.12043610960245132,-0.18438635766506195,1
28.028,LAND,-0.004807263612747192,-0.12043610960245132,-0.18438635766506195,1
28.036,LAND,-0.004672988783568144,-0.12010577321052551,-0.19239303469657898,1
28.036,LAND,-0.004672988783568144,-0.12010577321052551,-0.19239303469657898,1
28.044,LAND,-0.004672988783568144,-0.12010577321052551,-0.19239303469657898,1
28.044,LAND,-0.004504562355577946,-0.11962535232305527,-0.204420268535614,1
28.048,LAND,-0.004504562355577946,-0.11962535232305527,-0.204420268535614,1
28.048,LAND,-0.004504562355577946,-0.11962535232305527,-0.204420268535614,1
28.052,LAND,-0.004504562355577946,-0.11962535232305527,-0.204420268535614,1
28.056,LAND,-0.004504562355577946,-0.11962535232305527,-0.204420268535614,1
28.056,LAND,-0.0044098179787397385,-0.1193174347281456,-0.21244028210639954,1
28.056,LAND,-0.0044098179787397385,-0.1193174347281456,-0.21244028210639954,1
28.084,LAND,-0.0044098179787397385,-0.1193174347281456,-0.21244028210639954,1
28.084,LAND,-0.0042997389100492,-0.11886952817440033,-0.2245049774646759,1
28.088,LAND,-0.0042997389100492,-0.11886952817440033,-0.2245049774646759,1
28.108,LAND,-0.0042997389100492,-0.11886952817440033,-0.2245049774646759,1
28.108,LAND,-0.0042997389100492,-0.11886952817440033,-0.2245049774646759,1
28.12,LAND,-0.0042997389100492,-0.11886952817440033,-0.2245049774646759,1
28.12,LAND,-0.00424569845199585,-0.11857984215021133,-0.23256035149097443,1
28.128,LAND,-0.00424569845199585,-0.11857984215021133,-0.23256035149097443,1
28.132,LAND,-0.00424569845199585,-0.11857984215021133,-0.23256035149097443,1
28.14,LAND,-0.004191424697637558,-0.11815741658210754,-0.24464617669582367,1
28.14,LAND,-0.004191424697637558,-0.11815741658210754,-0.24464617669582367,1
28.144,LAND,-0.004191424697637558,-0.11815741658210754,-0.24464617669582367,1
28.144,LAND,-0.004191424697637558,-0.11815741658210754,-0.24464617669582367,1
28.148,LAND,-0.004164097830653191,-0.1177431121468544,-0.256771057844162,1
28.152,LAND,-0.004164097830653191,-0.1177431121468544,-0.256771057844162,1
28.18,LAND,-0.004164097830653191,-0.1177431121468544,-0.256771057844162,1
28.18,LAND,-0.004164097830653191,-0.1177431121468544,-0.256771057844162,1
28.192,LAND,-0.0041638626717031,-0.1174737885594368,-0.2648719847202301,1
28.192,LAND,-0.0041638626717031,-0.1174737885594368,-0.2648719847202301,1
28.2,LAND,-0.004179572220891714,-0.11720962077379227,-0.27297237515449524,1
28.2,LAND,-0.004179572220891714,-0.11720962077379227,-0.27297237515449524,1
28.2,LAND,-0.004179572220891714,-0.11720962077379227,-0.27297237515449524,1
28.2,LAND,-0.004179572220891714,-0.11720962077379227,-0.27297237515449524,1
28.2,LAND,-0.004227339755743742,-0.11681753396987915,-0.28514719009399414,1
28.224,LAND,-0.004227339755743742,-0.11681753396987915,-0.28514719009399414,1
28.232,LAND,-0.004227339755743742,-0.11681753396987915,-0.28514719009399414,1
28.232,LAND,-0.004227339755743742,-0.11681753396987915,-0.28514719009399414,1
28.24,LAND,-0.004227339755743742,-0.11681753396987915,-0.28514719009399414,1
28.24,LAND,-0.004271471407264471,-0.11656457185745239,-0.293276309967041,1
28.244,LAND,-0.004271471407264471,-0.11656457185745239,-0.293276309967041,1
28.248,LAND,-0.004271471407264471,-0.11656457185745239,-0.293276309967041,1
28.248,LAND,-0.004271471407264471,-0.11656457185745239,-0.293276309967041,1
28.248,LAND,-0.004355025943368673,-0.11619888991117477,-0.3054766356945038,1
28.276,LAND,-0.004355025943368673,-0.11619888991117477,-0.3054766356945038,1
28.284,LAND,-0.004355025943368673,-0.11619888991117477,-0.3054766356945038,1
28.284,LAND,-0.004421314224600792,-0.11595800518989563,-0.31362685561180115,1
28.284,LAND,-0.004421314224600792,-0.11595800518989563,-0.31362685561180115,1
28.284,LAND,-0.004533643368631601,-0.1156119853258133,-0.3258628845214844,1
28.284,LAND,-0.004533643368631601,-0.1156119853258133,-0.3258628845214844,1
28.284,LAND,-0.004533643368631601,-0.1156119853258133,-0.3258628845214844,1
28.284,LAND,-0.004616565071046352,-0.11539311707019806,-0.33401572704315186,1
28.284,LAND,-0.004616565071046352,-0.11539311707019806,-0.33401572704315186,1
28.32,LAND,-0.004616565071046352,-0.11539311707019806,-0.33401572704315186,1
28.32,LAND,-0.004616565071046352,-0.11539311707019806,-0.33401572704315186,1
28.328,LAND,-0.004753180779516697,-0.1150796040892601,-0.3462652862071991,1
28.328,LAND,-0.004753180779516697,-0.1150796040892601,-0.3462652862071991,1
28.328,LAND,-0.004753180779516697,-0.1150796040892601,-0.3462652862071991,1
28.328,LAND,-0.004753180779516697,-0.1150796040892601,-0.3462652862071991,1
28.328,LAND,-0.004847514908760786,-0.1148790493607521,-0.3544434607028961,1
28.332,LAND,-0.004847514908760786,-0.1148790493607521,-0.3544434607028961,1
28.332,LAND,-0.004847514908760786,-0.1148790493607521,-0.3544434607028961,1
28.332,LAND,-0.004847514908760786,-0.1148790493607521,-0.3544434607028961,1
28.364,LAND,-0.004826927557587624,-0.1145169734954834,-0.3665420711040497,1
28.364,LAND,-0.004826927557587624,-0.1145169734954834,-0.3665420711040497,1
28.376,LAND,-0.004826927557587624,-0.1145169734954834,-0.3665420711040497,1
28.384,LAND,-0.004826927557587624,-0.1145169734954834,-0.3665420711040497,1
28.384,LAND,-0.004826927557587624,-0.1145169734954834,-0.3665420711040497,1
28.384,LAND,-0.0046070646494627,-0.11419307440519333,-0.37440478801727295,1
28.388,LAND,-0.0046070646494627,-0.11419307440519333,-0.37440478801727295,1
28.4,LAND,-0.0046070646494627,-0.11419307440519333,-0.37440478801727295,1
28.4,LAND,-0.004315773490816355,-0.11372333765029907,-0.3862304091453552,1
28.404,LAND,-0.004315773490816355,-0.11372333765029907,-0.3862304091453552,1
28.408,LAND,-0.004315773490816355,-0.11372333765029907,-0.3862304091453552,1
28.408,LAND,-0.004315773490816355,-0.11372333765029907,-0.3862304091453552,1
28.412,LAND,-0.0041441041976213455,-0.11341933906078339,-0.3941265642642975,1
28.424,LAND,-0.0041441041976213455,-0.11341933906078339,-0.3941265642642975,1
28.432,LAND,-0.0041441041976213455,-0.11341933906078339,-0.3941265642642975,1
28.436,LAND,-0.0041441041976213455,-0.11341933906078339,-0.3941265642642975,1
28.436,LAND,-0.0041441041976213455,-0.11341933906078339,-0.3941265642642975,1
28.44,LAND,-0.0039163208566606045,-0.11297880113124847,-0.4060038924217224,1
28.444,LAND,-0.0039163208566606045,-0.11297880113124847,-0.4060038924217224,1
28.452,LAND,-0.0039163208566606045,-0.11297880113124847,-0.4060038924217224,1
28.452,LAND,-0.003783807624131441,-0.11269363015890121,-0.4139484763145447,1
28.456,LAND,-0.003783807624131441,-0.11269363015890121,-0.4139484763145447,1
28.46,LAND,-0.003783807624131441,-0.11269363015890121,-0.4139484763145447,1
28.464,LAND,-0.003783807624131441,-0.11269363015890121,-0.4139484763145447,1
28.468,LAND,-0.003783807624131441,-0.11269363015890121,-0.4139484763145447,1
28.468,LAND,-0.0036256290040910244,-0.11228365451097488,-0.4258841574192047,1
28.472,LAND,-0.0036256290040910244,-0.11228365451097488,-0.4258841574192047,1
28.476,LAND,-0.0036256290040910244,-0.11228365451097488,-0.4258841574192047,1
28.492,LAND,-0.003541268641129136,-0.11202230304479599,-0.43386444449424744,1
28.492,LAND,-0.003541268641129136,-0.11202230304479599,-0.43386444449424744,1
28.496,LAND,-0.003541268641129136,-0.11202230304479599,-0.43386444449424744,1
28.5,LAND,-0.003541268641129136,-0.11202230304479599,-0.43386444449424744,1
28.5,LAND,-0.003541268641129136,-0.11202230304479599,-0.43386444449424744,1
28.5,LAND,-0.0034474036656320095,-0.11164474487304688,-0.44587671756744385,1
28.504,LAND,-0.0034474036656320095,-0.11164474487304688,-0.44587671756744385,1
28.508,LAND,-0.0034474036656320095,-0.11164474487304688,-0.44587671756744385,1
28.524,LAND,-0.0034474036656320095,-0.11164474487304688,-0.44587671756744385,1
28.528,LAND,-0.0034086008090525866,-0.11139703541994095,-0.45389416813850403,1
28.528,LAND,-0.0034086008090525866,-0.11139703541994095,-0.45389416813850403,1
28.536,LAND,-0.0034086008090525866,-0.11139703541994095,-0.45389416813850403,1
28.536,LAND,-0.003416800871491432,-0.1110743060708046,-0.46591588854789734,1
28.536,LAND,-0.003416800871491432,-0.1110743060708046,-0.46591588854789734,1
28.536,LAND,-0.003416800871491432,-0.1110743060708046,-0.46591588854789734,1
28.536,LAND,-0.003416800871491432,-0.1110743060708046,-0.46591588854789734,1
28.544,LAND,-0.003416800871491432,-0.1110743060708046,-0.46591588854789734,1
28.556,LAND,-0.00403651362285018,-0.11153015494346619,-0.47261524200439453,1
28.556,LAND,-0.00403651362285018,-0.11153015494346619,-0.47261524200439453,1
28.556,LAND,-0.00403651362285018,-0.11153015494346619,-0.47261524200439453,1
28.56,LAND,-0.00403651362285018,-0.11153015494346619,-0.47261524200439453,1
28.56,LAND,-0.007036927156150341,-0.11317602545022964,-0.477415531873703,1
28.564,LAND,-0.007036927156150341,-0.11317602545022964,-0.477415531873703,1
28.564,LAND,-0.007036927156150341,-0.11317602545022964,-0.477415531873703,1
28.588,LAND,-0.009099200367927551,-0.1143404096364975,-0.4800083637237549,1
28.588,LAND,-0.009099200367927551,-0.1143404096364975,-0.4800083637237549,1
28.588,LAND,-0.009099200367927551,-0.1143404096364975,-0.4800083637237549,1
28.604,LAND,-0.009099200367927551,-0.1143404096364975,-0.4800083637237549,1
28.608,LAND,-0.009099200367927551,-0.1143404096364975,-0.4800083637237549,1
28.608,LAND,-0.012227511964738369,-0.11612460762262344,-0.48386597633361816,1
28.608,LAND,-0.012227511964738369,-0.11612460762262344,-0.48386597633361816,1
28.608,LAND,-0.012227511964738369,-0.11612460762262344,-0.48386597633361816,1
28.608,LAND,-0.012227511964738369,-0.11612460762262344,-0.48386597633361816,1
28.612,LAND,-0.014383066445589066,-0.11737053096294403,-0.48665693402290344,1
28.612,LAND,-0.014383066445589066,-0.11737053096294403,-0.48665693402290344,1
28.624,LAND,-0.014383066445589066,-0.11737053096294403,-0.48665693402290344,1
28.644,LAND,-0.014383066445589066,-0.11737053096294403,-0.48665693402290344,1
28.648,LAND,-0.017763834446668625,-0.11935005336999893,-0.49137455224990845,1
28.652,LAND,-0.017763834446668625,-0.11935005336999893,-0.49137455224990845,1
28.652,LAND,-0.017763834446668625,-0.11935005336999893,-0.49137455224990845,1
28.664,LAND,-0.017763834446668625,-0.11935005336999893,-0.49137455224990845,1
28.664,LAND,-0.020186537876725197,-0.12064802646636963,-0.4948250651359558,1
28.668,LAND,-0.020186537876725197,-0.12064802646636963,-0.4948250651359558,1
28.672,LAND,-0.020186537876725197,-0.12064802646636963,-0.4948250651359558,1
28.684,LAND,-0.020186537876725197,-0.12064802646636963,-0.4948250651359558,1
28.684,LAND,-0.023924540728330612,-0.12261368334293365,-0.5000302195549011,1
28.688,LAND,-0.023924540728330612,-0.12261368334293365,-0.5000302195549011,1
28.692,LAND,-0.023924540728330612,-0.12261368334293365,-0.5000302195549011,1
28.704,LAND,-0.02631908655166626,-0.12393097579479218,-0.5032168626785278,1
28.708,LAND,-0.02631908655166626,-0.12393097579479218,-0.5032168626785278,1
28.712,LAND,-0.02631908655166626,-0.12393097579479218,-0.5032168626785278,1
28.712,LAND,-0.02631908655166626,-0.12393097579479218,-0.5032168626785278,1
28.724,LAND,-0.02995065040886402,-0.12592139840126038,-0.5080487132072449,1
28.724,LAND,-0.02995065040886402,-0.12592139840126038,-0.5080487132072449,1
28.732,LAND,-0.02995065040886402,-0.12592139840126038,-0.5080487132072449,1
28.732,LAND,-0.02995065040886402,-0.12592139840126038,-0.5080487132072449,1
28.744,LAND,-0.02995065040886402,-0.12592139840126038,-0.5080487132072449,1
28.748,LAND,-0.03239892050623894,-0.1272648572921753,-0.5113124251365662,1
28.752,LAND,-0.03239892050623894,-0.1272648572921753,-0.5113124251365662,1
28.752,LAND,-0.03239892050623894,-0.1272648572921753,-0.5113124251365662,1
28.764,LAND,-0.03610957786440849,-0.12930560111999512,-0.5162615180015564,1
28.768,LAND,-0.03610957786440849,-0.12930560111999512,-0.5162615180015564,1
28.772,LAND,-0.03610957786440849,-0.12930560111999512,-0.5162615180015564,1
28.772,LAND,-0.03610957786440849,-0.12930560111999512,-0.5162615180015564,1
28.784,LAND,-0.038602400571107864,-0.13067689538002014,-0.519585132598877,1
28.784,LAND,-0.038602400571107864,-0.13067689538002014,-0.519585132598877,1
28.788,LAND,-0.038602400571107864,-0.13067689538002014,-0.519585132598877,1
28.792,LAND,-0.038602400571107864,-0.13067689538002014,-0.519585132598877,1
28.804,LAND,-0.042384661734104156,-0.13275113701820374,-0.5246245265007019,1
28.808,LAND,-0.042384661734104156,-0.13275113701820374,-0.5246245265007019,1
28.812,LAND,-0.042384661734104156,-0.13275113701820374,-0.5246245265007019,1
28.816,LAND,-0.042384661734104156,-0.13275113701820374,-0.5246245265007019,1
28.824,LAND,-0.042384661734104156,-0.13275113701820374,-0.5246245265007019,1
28.828,LAND,-0.044931575655937195,-0.1341499388217926,-0.5280227661132812,1
28.832,LAND,-0.044931575655937195,-0.1341499388217926,-0.5280227661132812,1
28.836,LAND,-0.044931575655937195,-0.1341499388217926,-0.5280227661132812,1
28.844,LAND,-0.044931575655937195,-0.1341499388217926,-0.5280227661132812,1
28.848,LAND,-0.048798706382513046,-0.13627414405345917,-0.5331458449363708,1
28.852,LAND,-0.048798706382513046,-0.13627414405345917,-0.5331458449363708,1
28.856,LAND,-0.048798706382513046,-0.13627414405345917,-0.5331458449363708,1
28.864,LAND,-0.05140894278883934,-0.13770219683647156,-0.5365948677062988,1
28.868,LAND,-0.05140894278883934,-0.13770219683647156,-0.5365948677062988,1
28.872,LAND,-0.05140894278883934,-0.13770219683647156,-0.5365948677062988,1
28.876,LAND,-0.05140894278883934,-0.13770219683647156,-0.5365948677062988,1
28.884,LAND,-0.05140894278883934,-0.13770219683647156,-0.5365948677062988,1
28.888,LAND,-0.05536141246557236,-0.1398620754480362,-0.5418036580085754,1
28.892,LAND,-0.05536141246557236,-0.1398620754480362,-0.5418036580085754,1
28.896,LAND,-0.05536141246557236,-0.1398620754480362,-0.5418036580085754,1
28.904,LAND,-0.05536141246557236,-0.1398620754480362,-0.5418036580085754,1
28.908,LAND,-0.05802546441555023,-0.14131087064743042,-0.5452947616577148,1
28.912,LAND,-0.05802546441555023,-0.14131087064743042,-0.5452947616577148,1
28.916,LAND,-0.05802546441555023,-0.14131087064743042,-0.5452947616577148,1
28.924,LAND,-0.05802546441555023,-0.14131087064743042,-0.5452947616577148,1
28.928,LAND,-0.06205962225794792,-0.14349766075611115,-0.5505777597427368,1
28.932,LAND,-0.06205962225794792,-0.14349766075611115,-0.5505777597427368,1
28.936,LAND,-0.06205962225794792,-0.14349766075611115,-0.5505777597427368,1
28.944,LAND,-0.06205962225794792,-0.14349766075611115,-0.5505777597427368,1
28.944,LAND,-0.06424566358327866,-0.14478039741516113,-0.5537629127502441,1
28.951999999999998,LAND,-0.06424566358327866,-0.14478039741516113,-0.5537629127502441,1
28.956,LAND,-0.06424566358327866,-0.14478039741516113,-0.5537629127502441,1
28.964,LAND,-0.06760082393884659,-0.14674228429794312,-0.5585950016975403,1
28.968,LAND,-0.06760082393884659,-0.14674228429794312,-0.5585950016975403,1
28.968,LAND,-0.06760082393884659,-0.14674228429794312,-0.5585950016975403,1
28.968,LAND,-0.06760082393884659,-0.14674228429794312,-0.5585950016975403,1
28.984,LAND,-0.06760082393884659,-0.14674228429794312,-0.5585950016975403,1
28.984,LAND,-0.06988952308893204,-0.14807555079460144,-0.5618640780448914,1
28.992,LAND,-0.06988952308893204,-0.14807555079460144,-0.5618640780448914,1
28.996,LAND,-0.06988952308893204,-0.14807555079460144,-0.5618640780448914,1
29.004,LAND,-0.06988952308893204,-0.14807555079460144,-0.5618640780448914,1
29.008,LAND,-0.07339084148406982,-0.15009357035160065,-0.5668407678604126,1
29.012,LAND,-0.07339084148406982,-0.15009357035160065,-0.5668407678604126,1
29.016,LAND,-0.07339084148406982,-0.15009357035160065,-0.5668407678604126,1
29.024,LAND,-0.07339084148406982,-0.15009357035160065,-0.5668407678604126,1
29.024,LAND,-0.07576187700033188,-0.15145230293273926,-0.5701935291290283,1
29.024,LAND,-0.07576187700033188,-0.15145230293273926,-0.5701935291290283,1
29.024,LAND,-0.07576187700033188,-0.15145230293273926,-0.5701935291290283,1
29.044,LAND,-0.07936892658472061,-0.15351435542106628,-0.5752834677696228,1
29.044,LAND,-0.07936892658472061,-0.15351435542106628,-0.5752834677696228,1
29.052,LAND,-0.07936892658472061,-0.15351435542106628,-0.5752834677696228,1
29.056,LAND,-0.07936892658472061,-0.15351435542106628,-0.5752834677696228,1
29.064,LAND,-0.08180946111679077,-0.1549030840396881,-0.578697681427002,1
29.068,LAND,-0.08180946111679077,-0.1549030840396881,-0.578697681427002,1
29.072,LAND,-0.08180946111679077,-0.1549030840396881,-0.578697681427002,1
29.072,LAND,-0.08180946111679077,-0.1549030840396881,-0.578697681427002,1
29.084,LAND,-0.08180946111679077,-0.1549030840396881,-0.578697681427002,1
29.088,LAND,-0.0855271965265274,-0.15701903402805328,-0.5838826894760132,1
29.088,LAND,-0.0855271965265274,-0.15701903402805328,-0.5838826894760132,1
29.096,LAND,-0.0855271965265274,-0.15701903402805328,-0.5838826894760132,1
29.104,LAND,-0.08804111182689667,-0.158450648188591,-0.5873863101005554,1
29.104,LAND,-0.08804111182689667,-0.158450648188591,-0.5873863101005554,1
29.112,LAND,-0.08804111182689667,-0.158450648188591,-0.5873863101005554,1
29.116,LAND,-0.08804111182689667,-0.158450648188591,-0.5873863101005554,1
29.124,LAND,-0.09185616672039032,-0.16062293946743011,-0.5926871299743652,1
29.128,LAND,-0.09185616672039032,-0.16062293946743011,-0.5926871299743652,1
29.132,LAND,-0.09185616672039032,-0.16062293946743011,-0.5926871299743652,1
29.136,LAND,-0.09185616672039032,-0.16062293946743011,-0.5926871299743652,1
29.144,LAND,-0.09443103522062302,-0.16208504140377045,-0.5962499380111694,1
29.144,LAND,-0.09443103522062302,-0.16208504140377045,-0.5962499380111694,1
29.144,LAND,-0.09443103522062302,-0.16208504140377045,-0.5962499380111694,1
29.156,LAND,-0.09443103522062302,-0.16208504140377045,-0.5962499380111694,1
29.164,LAND,-0.09443103522062302,-0.16208504140377045,-0.5962499380111694,1
29.168,LAND,-0.09833869338035583,-0.16430209577083588,-0.6016374826431274,1
29.172,LAND,-0.09833869338035583,-0.16430209577083588,-0.6016374826431274,1
29.176,LAND,-0.09833869338035583,-0.16430209577083588,-0.6016374826431274,1
29.184,LAND,-0.10096751898527145,-0.16579994559288025,-0.6052470207214355,1
29.188,LAND,-0.10096751898527145,-0.16579994559288025,-0.6052470207214355,1
29.188,LAND,-0.10096751898527145,-0.16579994559288025,-0.6052470207214355,1
29.196,LAND,-0.10096751898527145,-0.16579994559288025,-0.6052470207214355,1
29.204,LAND,-0.10096751898527145,-0.16579994559288025,-0.6052470207214355,1
29.208,LAND,-0.10495922714471817,-0.16807064414024353,-0.6107143759727478,1
29.212,LAND,-0.10495922714471817,-0.16807064414024353,-0.6107143759727478,1
29.216,LAND,-0.10495922714471817,-0.16807064414024353,-0.6107143759727478,1
29.224,LAND,-0.10495922714471817,-0.16807064414024353,-0.6107143759727478,1
29.224,LAND,-0.10765013098716736,-0.1696091890335083,-0.6143861413002014,1
29.224,LAND,-0.10765013098716736,-0.1696091890335083,-0.6143861413002014,1
29.236,LAND,-0.10765013098716736,-0.1696091890335083,-0.6143861413002014,1
29.244,LAND,-0.1117185726761818,-0.1719416379928589,-0.6199093461036682,1
29.248,LAND,-0.1117185726761818,-0.1719416379928589,-0.6199093461036682,1
29.256,LAND,-0.1117185726761818,-0.1719416379928589,-0.6199093461036682,1
29.264,LAND,-0.1117185726761818,-0.1719416379928589,-0.6199093461036682,1
29.272,LAND,-0.11445651203393936,-0.17351987957954407,-0.6236192584037781,1
29.276,LAND,-0.11445651203393936,-0.17351987957954407,-0.6236192584037781,1
29.276,LAND,-0.11445651203393936,-0.17351987957954407,-0.6236192584037781,1
29.284,LAND,-0.11445651203393936,-0.17351987957954407,-0.6236192584037781,1
29.288,LAND,-0.11860056221485138,-0.1759081929922104,-0.6292228698730469,1
29.288,LAND,-0.11860056221485138,-0.1759081929922104,-0.6292228698730469,1
29.296,LAND,-0.11860056221485138,-0.1759081929922104,-0.6292228698730469,1
29.296,LAND,-0.11860056221485138,-0.1759081929922104,-0.6292228698730469,1
29.304,LAND,-0.11860056221485138,-0.1759081929922104,-0.6292228698730469,1
29.304,LAND,-0.12138313055038452,-0.1775090992450714,-0.6329644322395325,1
29.308,LAND,-0.12138313055038452,-0.1775090992450714,-0.6329644322395325,1
29.308,LAND,-0.12138313055038452,-0.1775090992450714,-0.6329644322395325,1
29.324,LAND,-0.12559674680233002,-0.1799248605966568,-0.6386093497276306,1
29.328,LAND,-0.12559674680233002,-0.1799248605966568,-0.6386093497276306,1
29.332,LAND,-0.12559674680233002,-0.1799248605966568,-0.6386093497276306,1
29.336,LAND,-0.12559674680233002,-0.1799248605966568,-0.6386093497276306,1
29.344,LAND,-0.12784527242183685,-0.18131987750530243,-0.6419560313224792,1
29.348,LAND,-0.12784527242183685,-0.18131987750530243,-0.6419560313224792,1
29.352,LAND,-0.12784527242183685,-0.18131987750530243,-0.6419560313224792,1
29.352,LAND,-0.12784527242183685,-0.18131987750530243,-0.6419560313224792,1
29.364,LAND,-0.13130144774913788,-0.18344974517822266,-0.6470345854759216,1
29.368,LAND,-0.13130144774913788,-0.18344974517822266,-0.6470345854759216,1
29.372,LAND,-0.13130144774913788,-0.18344974517822266,-0.6470345854759216,1
29.376,LAND,-0.13130144774913788,-0.18344974517822266,-0.6470345854759216,1
29.384,LAND,-0.13130144774913788,-0.18344974517822266,-0.6470345854759216,1
29.388,LAND,-0.13365642726421356,-0.18488672375679016,-0.6504643559455872,1
29.392,LAND,-0.13365642726421356,-0.18488672375679016,-0.6504643559455872,1
29.396,LAND,-0.13365642726421356,-0.18488672375679016,-0.6504643559455872,1
29.404,LAND,-0.13365642726421356,-0.18488672375679016,-0.6504643559455872,1
29.408,LAND,-0.1372719705104828,-0.18705935776233673,-0.655685544013977,1
29.412,LAND,-0.1372719705104828,-0.18705935776233673,-0.655685544013977,1
29.416,LAND,-0.1372719705104828,-0.18705935776233673,-0.655685544013977,1
29.424,LAND,-0.1372719705104828,-0.18705935776233673,-0.655685544013977,1
29.428,LAND,-0.13972941040992737,-0.18852370977401733,-0.6591913104057312,1
29.432,LAND,-0.13972941040992737,-0.18852370977401733,-0.6591913104057312,1
29.436,LAND,-0.13972941040992737,-0.18852370977401733,-0.6591913104057312,1
29.444,LAND,-0.13972941040992737,-0.18852370977401733,-0.6591913104057312,1
29.444,LAND,-0.14348474144935608,-0.19074246287345886,-0.6645150780677795,1
29.452,LAND,-0.14348474144935608,-0.19074246287345886,-0.6645150780677795,1
29.452,LAND,-0.14348474144935608,-0.19074246287345886,-0.6645150780677795,1
29.464,LAND,-0.14602749049663544,-0.1922355443239212,-0.6681058406829834,1
29.468,LAND,-0.14602749049663544,-0.1922355443239212,-0.6681058406829834,1
29.472,LAND,-0.14602749049663544,-0.1922355443239212,-0.6681058406829834,1
29.476,LAND,-0.14602749049663544,-0.1922355443239212,-0.6681058406829834,1
29.484,LAND,-0.14602749049663544,-0.1922355443239212,-0.6681058406829834,1
29.488,LAND,-0.149889275431633,-0.1944918930530548,-0.673534631729126,1
29.492,LAND,-0.149889275431633,-0.1944918930530548,-0.673534631729126,1
29.496,LAND,-0.149889275431633,-0.1944918930530548,-0.673534631729126,1
29.504,LAND,-0.149889275431633,-0.1944918930530548,-0.673534631729126,1
29.504,LAND,-0.1524946391582489,-0.1960127055644989,-0.6771895289421082,1
29.512,LAND,-0.1524946391582489,-0.1960127055644989,-0.6771895289421082,1
29.516,LAND,-0.1524946391582489,-0.1960127055644989,-0.6771895289421082,1
29.524,LAND,-0.15645495057106018,-0.19831497967243195,-0.6827365756034851,1
29.528,LAND,-0.15645495057106018,-0.19831497967243195,-0.6827365756034851,1
29.532,LAND,-0.15645495057106018,-0.19831497967243195,-0.6827365756034851,1
29.536,LAND,-0.15645495057106018,-0.19831497967243195,-0.6827365756034851,1
29.544,LAND,-0.15912781655788422,-0.19986817240715027,-0.6864575743675232,1
29.548000000000002,LAND,-0.15912781655788422,-0.19986817240715027,-0.6864575743675232,1
29.552,LAND,-0.15912781655788422,-0.19986817240715027,-0.6864575743675232,1
29.556,LAND,-0.15912781655788422,-0.19986817240715027,-0.6864575743675232,1
29.564,LAND,-0.15912781655788422,-0.19986817240715027,-0.6864575743675232,1
29.568,LAND,-0.1631968468427658,-0.2022220641374588,-0.6920950412750244,1
29.572,LAND,-0.1631968468427658,-0.2022220641374588,-0.6920950412750244,1
29.576,LAND,-0.1631968468427658,-0.2022220641374588,-0.6920950412750244,1
29.584,LAND,-0.1631968468427658,-0.2022220641374588,-0.6920950412750244,1
29.584,LAND,-0.16594180464744568,-0.20381027460098267,-0.6958842277526855,1
29.584,LAND,-0.16594180464744568,-0.20381027460098267,-0.6958842277526855,1
29.584,LAND,-0.16594180464744568,-0.20381027460098267,-0.6958842277526855,1
29.604,LAND,-0.16594180464744568,-0.20381027460098267,-0.6958842277526855,1
29.608,LAND,-0.17010456323623657,-0.20622795820236206,-0.7015933990478516,1
29.612,LAND,-0.17010456323623657,-0.20622795820236206,-0.7015933990478516,1
29.612,LAND,-0.17010456323623657,-0.20622795820236206,-0.7015933990478516,1
29.624,LAND,-0.17010456323623657,-0.20622795820236206,-0.7015933990478516,1
29.624,LAND,-0.17290890216827393,-0.2078610509634018,-0.7054275870323181,1
29.624,LAND,-0.17290890216827393,-0.2078610509634018,-0.7054275870323181,1
29.624,LAND,-0.17290890216827393,-0.2078610509634018,-0.7054275870323181,1
29.644,LAND,-0.17290890216827393,-0.2078610509634018,-0.7054275870323181,1
29.648,LAND,-0.17715637385845184,-0.21033287048339844,-0.7112219333648682,1
29.648,LAND,-0.17715637385845184,-0.21033287048339844,-0.7112219333648682,1
29.652,LAND,-0.17715637385845184,-0.21033287048339844,-0.7112219333648682,1
29.664,LAND,-0.17715637385845184,-0.21033287048339844,-0.7112219333648682,1
29.668,LAND,-0.1800098568201065,-0.21199677884578705,-0.7150932550430298,1
29.672,LAND,-0.1800098568201065,-0.21199677884578705,-0.7150932550430298,1
29.676,LAND,-0.1800098568201065,-0.21199677884578705,-0.7150932550430298,1
29.684,LAND,-0.1800098568201065,-0.21199677884578705,-0.7150932550430298,1
29.684,LAND,-0.1843276172876358,-0.21450601518154144,-0.7209382057189941,1
29.688,LAND,-0.1843276172876358,-0.21450601518154144,-0.7209382057189941,1
29.688,LAND,-0.1843276172876358,-0.21450601518154144,-0.7209382057189941,1
29.704,LAND,-0.18722736835479736,-0.21618875861167908,-0.7248607277870178,1
29.708,LAND,-0.18722736835479736,-0.21618875861167908,-0.7248607277870178,1
29.712,LAND,-0.18722736835479736,-0.21618875861167908,-0.7248607277870178,1
29.712,LAND,-0.18722736835479736,-0.21618875861167908,-0.7248607277870178,1
29.724,LAND,-0.18722736835479736,-0.21618875861167908,-0.7248607277870178,1
29.724,LAND,-0.19161541759967804,-0.2187282145023346,-0.7307713031768799,1
29.728,LAND,-0.19161541759967804,-0.2187282145023346,-0.7307713031768799,1
29.732,LAND,-0.19161541759967804,-0.2187282145023346,-0.7307713031768799,1
29.744,LAND,-0.19393117725849152,-0.22016529738903046,-0.7342972755432129,1
29.744,LAND,-0.19393117725849152,-0.22016529738903046,-0.7342972755432129,1
29.748,LAND,-0.19393117725849152,-0.22016529738903046,-0.7342972755432129,1
29.756,LAND,-0.19393117725849152,-0.22016529738903046,-0.7342972755432129,1
29.764,LAND,-0.19393117725849152,-0.22016529738903046,-0.7342972755432129,1
29.768,LAND,-0.19749756157398224,-0.22235307097434998,-0.7396624088287354,1
29.772,LAND,-0.19749756157398224,-0.22235307097434998,-0.7396624088287354,1
29.776,LAND,-0.19749756157398224,-0.22235307097434998,-0.7396624088287354,1
29.784,LAND,-0.19992893934249878,-0.22383397817611694,-0.7432717680931091,1
29.784,LAND,-0.19992893934249878,-0.22383397817611694,-0.7432717680931091,1
29.792,LAND,-0.19992893934249878,-0.22383397817611694,-0.7432717680931091,1
29.792,LAND,-0.19992893934249878,-0.22383397817611694,-0.7432717680931091,1
29.804,LAND,-0.19992893934249878,-0.22383397817611694,-0.7432717680931091,1
29.808,LAND,-0.203652024269104,-0.22608523070812225,-0.7487550973892212,1
29.812,LAND,-0.203652024269104,-0.22608523070812225,-0.7487550973892212,1
29.816,LAND,-0.203652024269104,-0.22608523070812225,-0.7487550973892212,1
29.824,LAND,-0.203652024269104,-0.22608523070812225,-0.7487550973892212,1
29.828,LAND,-0.20618142187595367,-0.22760526835918427,-0.7524549961090088,1
29.832,LAND,-0.20618142187595367,-0.22760526835918427,-0.7524549961090088,1
29.836,LAND,-0.20618142187595367,-0.22760526835918427,-0.7524549961090088,1
29.844,LAND,-0.20618142187595367,-0.22760526835918427,-0.7524549961090088,1
29.848,LAND,-0.21005851030349731,-0.22990398108959198,-0.7580538392066956,1
29.848,LAND,-0.21005851030349731,-0.22990398108959198,-0.7580538392066956,1
29.856,LAND,-0.21005851030349731,-0.22990398108959198,-0.7580538392066956,1
29.864,LAND,-0.21005851030349731,-0.22990398108959198,-0.7580538392066956,1
29.868,LAND,-0.21268853545188904,-0.2314566671848297,-0.7618206739425659,1
29.872,LAND,-0.21268853545188904,-0.2314566671848297,-0.7618206739425659,1
29.876,LAND,-0.21268853545188904,-0.2314566671848297,-0.7618206739425659,1
29.884,LAND,-0.21268853545188904,-0.2314566671848297,-0.7618206739425659,1
29.888,LAND,-0.2166939526796341,-0.23380643129348755,-0.7675310373306274,1
29.892,LAND,-0.2166939526796341,-0.23380643129348755,-0.7675310373306274,1
29.896,LAND,-0.2166939526796341,-0.23380643129348755,-0.7675310373306274,1
29.904,LAND,-0.21940380334854126,-0.23538930714130402,-0.7713672518730164,1
29.908,LAND,-0.21940380334854126,-0.23538930714130402,-0.7713672518730164,1
29.912,LAND,-0.21940380334854126,-0.23538930714130402,-0.7713672518730164,1
29.916,LAND,-0.21940380334854126,-0.23538930714130402,-0.7713672518730164,1
29.924,LAND,-0.21940380334854126,-0.23538930714130402,-0.7713672518730164,1
29.928,LAND,-0.22352948784828186,-0.2377917617559433,-0.7771828770637512,1
29.932,LAND,-0.22352948784828186,-0.2377917617559433,-0.7771828770637512,1
29.932,LAND,-0.22352948784828186,-0.2377917617559433,-0.7771828770637512,1
29.944,LAND,-0.22631864249706268,-0.2394113838672638,-0.7810805439949036,1
29.948,LAND,-0.22631864249706268,-0.2394113838672638,-0.7810805439949036,1
29.948,LAND,-0.22631864249706268,-0.2394113838672638,-0.7810805439949036,1
29.948,LAND,-0.22631864249706268,-0.2394113838672638,-0.7810805439949036,1
29.964,LAND,-0.22631864249706268,-0.2394113838672638,-0.7810805439949036,1
29.968,LAND,-0.23056304454803467,-0.24186605215072632,-0.78696608543396,1
29.972,LAND,-0.23056304454803467,-0.24186605215072632,-0.78696608543396,1
29.976,LAND,-0.23056304454803467,-0.24186605215072632,-0.78696608543396,1
29.984,LAND,-0.23056304454803467,-0.24186605215072632,-0.78696608543396,1
29.988,LAND,-0.23343345522880554,-0.24351578950881958,-0.7909182906150818,1
29.988,LAND,-0.23343345522880554,-0.24351578950881958,-0.7909182906150818,1
29.996,LAND,-0.23343345522880554,-0.24351578950881958,-0.7909182906150818,1
30.004,LAND,-0.2377910166978836,-0.24600781500339508,-0.7968854308128357,1
30.008,LAND,-0.2377910166978836,-0.24600781500339508,-0.7968854308128357,1
30.012,LAND,-0.2377910166978836,-0.24600781500339508,-0.7968854308128357,1
30.016,LAND,-0.2377910166978836,-0.24600781500339508,-0.7968854308128357,1
30.024,LAND,-0.24072593450546265,-0.2476886808872223,-0.800887942314148,1
30.028,LAND,-0.24072593450546265,-0.2476886808872223,-0.800887942314148,1
30.028,LAND,-0.24072593450546265,-0.2476886808872223,-0.800887942314148,1
30.028,LAND,-0.24072593450546265,-0.2476886808872223,-0.800887942314148,1
30.044,LAND,-0.24072593450546265,-0.2476886808872223,-0.800887942314148,1
30.048,LAND,-0.24517303705215454,-0.2502341866493225,-0.8069422841072083,1
30.052,LAND,-0.24517303705215454,-0.2502341866493225,-0.8069422841072083,1
30.056,LAND,-0.24517303705215454,-0.2502341866493225,-0.8069422841072083,1
30.064,LAND,-0.24517303705215454,-0.2502341866493225,-0.8069422841072083,1
30.068,LAND,-0.24816842377185822,-0.25194913148880005,-0.8110003471374512,1
30.072,LAND,-0.24816842377185822,-0.25194913148880005,-0.8110003471374512,1
30.076,LAND,-0.24816842377185822,-0.25194913148880005,-0.8110003471374512,1
30.084,LAND,-0.24816842377185822,-0.25194913148880005,-0.8110003471374512,1
30.088,LAND,-0.2527153789997101,-0.25454506278038025,-0.8171100616455078,1
30.088,LAND,-0.2527153789997101,-0.25454506278038025,-0.8171100616455078,1
30.092,LAND,-0.2527153789997101,-0.25454506278038025,-0.8171100616455078,1
30.104,LAND,-0.2527153789997101,-0.25454506278038025,-0.8171100616455078,1
30.108,LAND,-0.2557796239852905,-0.25628694891929626,-0.8212067484855652,1
30.112,LAND,-0.2557796239852905,-0.25628694891929626,-0.8212067484855652,1
30.116,LAND,-0.2557796239852905,-0.25628694891929626,-0.8212067484855652,1
30.124,LAND,-0.2604159712791443,-0.2589200735092163,-0.8273785710334778,1
30.128,LAND,-0.2604159712791443,-0.2589200735092163,-0.8273785710334778,1
30.132,LAND,-0.2604159712791443,-0.2589200735092163,-0.8273785710334778,1
30.132,LAND,-0.2604159712791443,-0.2589200735092163,-0.8273785710334778,1
30.144,LAND,-0.2604159712791443,-0.2589200735092163,-0.8273785710334778,1
30.148,LAND,-0.2628653347492218,-0.26038825511932373,-0.8310785889625549,1
30.152,LAND,-0.2628653347492218,-0.26038825511932373,-0.8310785889625549,1
30.156,LAND,-0.2628653347492218,-0.26038825511932373,-0.8310785889625549,1
30.164,LAND,-0.26663219928741455,-0.26263004541397095,-0.8367182016372681,1
30.168,LAND,-0.26663219928741455,-0.26263004541397095,-0.8367182016372681,1
30.172,LAND,-0.26663219928741455,-0.26263004541397095,-0.8367182016372681,1
30.176,LAND,-0.26663219928741455,-0.26263004541397095,-0.8367182016372681,1
30.184,LAND,-0.26663219928741455,-0.26263004541397095,-0.8367182016372681,1
30.184,LAND,-0.2692025303840637,-0.26414790749549866,-0.8405218124389648,1
30.192,LAND,-0.2692025303840637,-0.26414790749549866,-0.8405218124389648,1
30.196,LAND,-0.2692025303840637,-0.26414790749549866,-0.8405218124389648,1
30.204,LAND,-0.2731424868106842,-0.2664673328399658,-0.8462872505187988,1
30.204,LAND,-0.2731424868106842,-0.2664673328399658,-0.8462872505187988,1
30.204,LAND,-0.2731424868106842,-0.2664673328399658,-0.8462872505187988,1
30.204,LAND,-0.2731424868106842,-0.2664673328399658,-0.8462872505187988,1
30.224,LAND,-0.2731424868106842,-0.2664673328399658,-0.8462872505187988,1
30.228,LAND,-0.2758179306983948,-0.26803457736968994,-0.8501710891723633,1
30.232,LAND,-0.2758179306983948,-0.26803457736968994,-0.8501710891723633,1
30.236,LAND,-0.2758179306983948,-0.26803457736968994,-0.8501710891723633,1
30.244,LAND,-0.2799008786678314,-0.2704123556613922,-0.8560473918914795,1
30.248,LAND,-0.2799008786678314,-0.2704123556613922,-0.8560473918914795,1
30.248,LAND,-0.2799008786678314,-0.2704123556613922,-0.8560473918914795,1
30.256,LAND,-0.2799008786678314,-0.2704123556613922,-0.8560473918914795,1
30.264,LAND,-0.2799008786678314,-0.2704123556613922,-0.8560473918914795,1
30.268,LAND,-0.2826656997203827,-0.27201077342033386,-0.859994113445282,1
30.272,LAND,-0.2826656997203827,-0.27201077342033386,-0.859994113445282,1
30.276,LAND,-0.2826656997203827,-0.27201077342033386,-0.859994113445282,1
30.284,LAND,-0.2868747413158417,-0.274431049823761,-0.8659735321998596,1
30.284,LAND,-0.2868747413158417,-0.274431049823761,-0.8659735321998596,1
30.292,LAND,-0.2868747413158417,-0.274431049823761,-0.8659735321998596,1
30.296,LAND,-0.2868747413158417,-0.274431049823761,-0.8659735321998596,1
30.304,LAND,-0.28972071409225464,-0.27606311440467834,-0.8699928522109985,1
30.308,LAND,-0.28972071409225464,-0.27606311440467834,-0.8699928522109985,1
30.312,LAND,-0.28972071409225464,-0.27606311440467834,-0.8699928522109985,1
30.316,LAND,-0.28972071409225464,-0.27606311440467834,-0.8699928522109985,1
30.324,LAND,-0.28972071409225464,-0.27606311440467834,-0.8699928522109985,1
30.324,LAND,-0.29404565691947937,-0.278533399105072,-0.8760631084442139,1
30.332,LAND,-0.29404565691947937,-0.278533399105072,-0.8760631084442139,1
30.332,LAND,-0.29404565691947937,-0.278533399105072,-0.8760631084442139,1
30.344,LAND,-0.2969682216644287,-0.2801905572414398,-0.8801417350769043,1
30.344,LAND,-0.2969682216644287,-0.2801905572414398,-0.8801417350769043,1
30.348,LAND,-0.2969682216644287,-0.2801905572414398,-0.8801417350769043,1
30.352,LAND,-0.2969682216644287,-0.2801905572414398,-0.8801417350769043,1
30.364,LAND,-0.2969682216644287,-0.2801905572414398,-0.8801417350769043,1
30.368,LAND,-0.3014061748981476,-0.2827007472515106,-0.8863022923469543,1
30.372,LAND,-0.3014061748981476,-0.2827007472515106,-0.8863022923469543,1
30.376,LAND,-0.3014061748981476,-0.2827007472515106,-0.8863022923469543,1
30.384,LAND,-0.3014061748981476,-0.2827007472515106,-0.8863022923469543,1
30.388,LAND,-0.30440253019332886,-0.28438490629196167,-0.8904275298118591,1
30.392,LAND,-0.30440253019332886,-0.28438490629196167,-0.8904275298118591,1
30.396,LAND,-0.30440253019332886,-0.28438490629196167,-0.8904275298118591,1
30.404,LAND,-0.30440253019332886,-0.28438490629196167,-0.8904275298118591,1
30.408,LAND,-0.3089391887187958,-0.2869253158569336,-0.896651566028595,1
30.412,LAND,-0.3089391887187958,-0.2869253158569336,-0.896651566028595,1
30.412,LAND,-0.3089391887187958,-0.2869253158569336,-0.896651566028595,1
30.424,LAND,-0.3089391887187958,-0.2869253158569336,-0.896651566028595,1
30.424,LAND,-0.311989426612854,-0.2886292338371277,-0.9008093476295471,1
30.428,LAND,-0.311989426612854,-0.2886292338371277,-0.9008093476295471,1
30.428,LAND,-0.311989426612854,-0.2886292338371277,-0.9008093476295471,1
30.444,LAND,-0.31659647822380066,-0.2912027835845947,-0.9070430397987366,1
30.444,LAND,-0.31659647822380066,-0.2912027835845947,-0.9070430397987366,1
30.452,LAND,-0.31659647822380066,-0.2912027835845947,-0.9070430397987366,1
30.456,LAND,-0.31659647822380066,-0.2912027835845947,-0.9070430397987366,1
30.464,LAND,-0.31659647822380066,-0.2912027835845947,-0.9070430397987366,1
30.464,LAND,-0.31968072056770325,-0.2929309904575348,-0.9112017154693604,1
30.472,LAND,-0.31968072056770325,-0.2929309904575348,-0.9112017154693604,1
30.476,LAND,-0.31968072056770325,-0.2929309904575348,-0.9112017154693604,1
30.484,LAND,-0.3243284225463867,-0.29554659128189087,-0.9174280762672424,1
30.484,LAND,-0.3243284225463867,-0.29554659128189087,-0.9174280762672424,1
30.484,LAND,-0.3243284225463867,-0.29554659128189087,-0.9174280762672424,1
30.492,LAND,-0.3243284225463867,-0.29554659128189087,-0.9174280762672424,1
30.504,LAND,-0.3243284225463867,-0.29554659128189087,-0.9174280762672424,1
30.508,LAND,-0.3274458050727844,-0.29730385541915894,-0.9215615391731262,1
30.512,LAND,-0.3274458050727844,-0.29730385541915894,-0.9215615391731262,1
30.516,LAND,-0.3274458050727844,-0.29730385541915894,-0.9215615391731262,1
30.524,LAND,-0.3274458050727844,-0.29730385541915894,-0.9215615391731262,1
30.528,LAND,-0.33214715123176575,-0.29995253682136536,-0.9277562499046326,1
30.532,LAND,-0.33214715123176575,-0.29995253682136536,-0.9277562499046326,1
30.536,LAND,-0.33214715123176575,-0.29995253682136536,-0.9277562499046326,1
30.544,LAND,-0.33214715123176575,-0.29995253682136536,-0.9277562499046326,1
30.548000000000002,LAND,-0.3345491588115692,-0.3013820946216583,-0.9313469529151917,1
30.552,LAND,-0.3345491588115692,-0.3013820946216583,-0.9313469529151917,1
30.556,LAND,-0.3345491588115692,-0.3013820946216583,-0.9313469529151917,1
30.564,LAND,-0.3345491588115692,-0.3013820946216583,-0.9313469529151917,1
30.568,LAND,-0.33823585510253906,-0.3035658299922943,-0.9367526173591614,1
30.572,LAND,-0.33823585510253906,-0.3035658299922943,-0.9367526173591614,1
30.576,LAND,-0.33823585510253906,-0.3035658299922943,-0.9367526173591614,1
30.584,LAND,-0.34074562788009644,-0.3050476908683777,-0.9403771162033081,1
30.588,LAND,-0.34074562788009644,-0.3050476908683777,-0.9403771162033081,1
30.588,LAND,-0.34074562788009644,-0.3050476908683777,-0.9403771162033081,1
30.596,LAND,-0.34074562788009644,-0.3050476908683777,-0.9403771162033081,1
30.604,LAND,-0.34074562788009644,-0.3050476908683777,-0.9403771162033081,1
30.608,LAND,-0.3445882797241211,-0.30730390548706055,-0.9458377957344055,1
30.612,LAND,-0.3445882797241211,-0.30730390548706055,-0.9458377957344055,1
30.616,LAND,-0.3445882797241211,-0.30730390548706055,-0.9458377957344055,1
30.624,LAND,-0.3445882797241211,-0.30730390548706055,-0.9458377957344055,1
30.628,LAND,-0.3471965789794922,-0.30882418155670166,-0.9494932889938354,1
30.632,LAND,-0.3471965789794922,-0.30882418155670166,-0.9494932889938354,1
30.636,LAND,-0.3471965789794922,-0.30882418155670166,-0.9494932889938354,1
30.644,LAND,-0.351167768239975,-0.31113705039024353,-0.9550191164016724,1
30.648,LAND,-0.351167768239975,-0.31113705039024353,-0.9550191164016724,1
30.652,LAND,-0.351167768239975,-0.31113705039024353,-0.9550191164016724,1
30.656,LAND,-0.351167768239975,-0.31113705039024353,-0.9550191164016724,1
30.664,LAND,-0.351167768239975,-0.31113705039024353,-0.9550191164016724,1
30.668,LAND,-0.3538486659526825,-0.3127034306526184,-0.9587230682373047,1
30.672,LAND,-0.3538486659526825,-0.3127034306526184,-0.9587230682373047,1
30.676,LAND,-0.3538486659526825,-0.3127034306526184,-0.9587230682373047,1
30.684,LAND,-0.3579157888889313,-0.31509488821029663,-0.964306116104126,1
30.688,LAND,-0.3579157888889313,-0.31509488821029663,-0.964306116104126,1
30.692,LAND,-0.3579157888889313,-0.31509488821029663,-0.964306116104126,1
30.692,LAND,-0.3579157888889313,-0.31509488821029663,-0.964306116104126,1
30.704,LAND,-0.3579157888889313,-0.31509488821029663,-0.964306116104126,1
30.708,LAND,-0.3606545031070709,-0.3167193531990051,-0.9680590629577637,1
30.708,LAND,-0.3606545031070709,-0.3167193531990051,-0.9680590629577637,1
30.716,LAND,-0.3606545031070709,-0.3167193531990051,-0.9680590629577637,1
30.724,LAND,-0.3648000955581665,-0.319204717874527,-0.9737259149551392,1
30.728,LAND,-0.3648000955581665,-0.319204717874527,-0.9737259149551392,1
30.732,LAND,-0.3648000955581665,-0.319204717874527,-0.9737259149551392,1
30.736,LAND,-0.3648000955581665,-0.319204717874527,-0.9737259149551392,1
30.744,LAND,-0.3675784468650818,-0.3209083378314972,-0.9775223731994629,1
30.748,LAND,-0.3675784468650818,-0.3209083378314972,-0.9775223731994629,1
30.752,LAND,-0.3675784468650818,-0.3209083378314972,-0.9775223731994629,1
30.756,LAND,-0.3675784468650818,-0.3209083378314972,-0.9775223731994629,1
30.764,LAND,-0.3675784468650818,-0.3209083378314972,-0.9775223731994629,1
30.768,LAND,-0.3717573881149292,-0.3235330879688263,-0.9832731485366821,1
30.772,LAND,-0.3717573881149292,-0.3235330879688263,-0.9832731485366821,1
30.776,LAND,-0.3717573881149292,-0.3235330879688263,-0.9832731485366821,1
30.784,LAND,-0.3717573881149292,-0.3235330879688263,-0.9832731485366821,1
30.788,LAND,-0.3745437264442444,-0.3253342807292938,-0.9871330857276917,1
30.792,LAND,-0.3745437264442444,-0.3253342807292938,-0.9871330857276917,1
30.796,LAND,-0.3745437264442444,-0.3253342807292938,-0.9871330857276917,1
30.804,LAND,-0.3745437264442444,-0.3253342807292938,-0.9871330857276917,1
30.808,LAND,-0.3787190914154053,-0.3281185030937195,-0.9929555654525757,1
30.812,LAND,-0.3787190914154053,-0.3281185030937195,-0.9929555654525757,1
30.812,LAND,-0.3787190914154053,-0.3281185030937195,-0.9929555654525757,1
30.824,LAND,-0.3787190914154053,-0.3281185030937195,-0.9929555654525757,1
30.824,LAND,-0.3814964294433594,-0.33003661036491394,-0.9968738555908203,1
30.824,LAND,-0.3814964294433594,-0.33003661036491394,-0.9968738555908203,1
30.832,LAND,-0.3814964294433594,-0.33003661036491394,-0.9968738555908203,1
30.844,LAND,-0.38563913106918335,-0.33301228284835815,-1.0027897357940674,1
30.848,LAND,-0.38563913106918335,-0.33301228284835815,-1.0027897357940674,1
30.852,LAND,-0.38563913106918335,-0.33301228284835815,-1.0027897357940674,1
30.856,LAND,-0.38563913106918335,-0.33301228284835815,-1.0027897357940674,1
30.864,LAND,-0.3883918821811676,-0.335067480802536,-1.0067559480667114,1
30.868,LAND,-0.3883918821811676,-0.335067480802536,-1.0067559480667114,1
30.872,LAND,-0.3883918821811676,-0.335067480802536,-1.0067559480667114,1
30.876,LAND,-0.3883918821811676,-0.335067480802536,-1.0067559480667114,1
30.884,LAND,-0.3883918821811676,-0.335067480802536,-1.0067559480667114,1
30.884,LAND,-0.39248964190483093,-0.33824706077575684,-1.0127519369125366,1
30.892,LAND,-0.39248964190483093,-0.33824706077575684,-1.0127519369125366,1
30.896,LAND,-0.39248964190483093,-0.33824706077575684,-1.0127519369125366,1
30.904,LAND,-0.3951962888240814,-0.340435653924942,-1.0167714357376099,1
30.904,LAND,-0.3951962888240814,-0.340435653924942,-1.0167714357376099,1
30.912,LAND,-0.3951962888240814,-0.340435653924942,-1.0167714357376099,1
30.916,LAND,-0.3951962888240814,-0.340435653924942,-1.0167714357376099,1
30.924,LAND,-0.3951962888240814,-0.340435653924942,-1.0167714357376099,1
30.928,LAND,-0.39920714497566223,-0.3438422977924347,-1.0228369235992432,1
30.932,LAND,-0.39920714497566223,-0.3438422977924347,-1.0228369235992432,1
30.936,LAND,-0.39920714497566223,-0.3438422977924347,-1.0228369235992432,1
30.944,LAND,-0.39920714497566223,-0.3438422977924347,-1.0228369235992432,1
30.948,LAND,-0.401111364364624,-0.345797061920166,-1.0263819694519043,1
30.951999999999998,LAND,-0.401111364364624,-0.345797061920166,-1.0263819694519043,1
30.956,LAND,-0.401111364364624,-0.345797061920166,-1.0263819694519043,1
30.964,LAND,-0.4039844572544098,-0.3488706946372986,-1.0317883491516113,1
30.964,LAND,-0.4039844572544098,-0.3488706946372986,-1.0317883491516113,1
30.972,LAND,-0.4039844572544098,-0.3488706946372986,-1.0317883491516113,1
30.976,LAND,-0.4039844572544098,-0.3488706946372986,-1.0317883491516113,1
30.984,LAND,-0.4039844572544098,-0.3488706946372986,-1.0317883491516113,1
30.988,LAND,-0.40590423345565796,-0.3510167598724365,-1.035442590713501,1
30.996,LAND,-0.40590423345565796,-0.3510167598724365,-1.035442590713501,1
30.996,LAND,-0.40590423345565796,-0.3510167598724365,-1.035442590713501,1
31.004,LAND,-0.40590423345565796,-0.3510167598724365,-1.035442590713501,1
31.008,LAND,-0.40879446268081665,-0.3543757498264313,-1.041029691696167,1
31.008,LAND,-0.40879446268081665,-0.3543757498264313,-1.041029691696167,1
31.012,LAND,-0.40879446268081665,-0.3543757498264313,-1.041029691696167,1
31.024,LAND,-0.41071954369544983,-0.35670220851898193,-1.0448018312454224,1
31.024,LAND,-0.41071954369544983,-0.35670220851898193,-1.0448018312454224,1
31.028,LAND,-0.41071954369544983,-0.35670220851898193,-1.0448018312454224,1
31.032,LAND,-0.41071954369544983,-0.35670220851898193,-1.0448018312454224,1
31.044,LAND,-0.41071954369544983,-0.35670220851898193,-1.0448018312454224,1
31.052,LAND,-0.4135976731777191,-0.36031395196914673,-1.0505584478378296,1
31.056,LAND,-0.4135976731777191,-0.36031395196914673,-1.0505584478378296,1
31.056,LAND,-0.4135976731777191,-0.36031395196914673,-1.0505584478378296,1
31.06,LAND,-0.41551071405410767,-0.3627990186214447,-1.0544548034667969,1
31.064,LAND,-0.41551071405410767,-0.3627990186214447,-1.0544548034667969,1
31.068,LAND,-0.41551071405410767,-0.3627990186214447,-1.0544548034667969,1
31.076,LAND,-0.41551071405410767,-0.3627990186214447,-1.0544548034667969,1
31.084,LAND,-0.41551071405410767,-0.3627990186214447,-1.0544548034667969,1
31.084,LAND,-0.4183681309223175,-0.36663952469825745,-1.0603461265563965,1
31.088,LAND,-0.4183681309223175,-0.36663952469825745,-1.0603461265563965,1
31.092,LAND,-0.4183681309223175,-0.36663952469825745,-1.0603461265563965,1
31.104,LAND,-0.4183681309223175,-0.36663952469825745,-1.0603461265563965,1
31.108,LAND,-0.42026522755622864,-0.3692702353000641,-1.0643304586410522,1
31.112,LAND,-0.42026522755622864,-0.3692702353000641,-1.0643304586410522,1
31.116,LAND,-0.42026522755622864,-0.3692702353000641,-1.0643304586410522,1
31.124,LAND,-0.42026522755622864,-0.3692702353000641,-1.0643304586410522,1
31.132,LAND,-0.42309367656707764,-0.3733126223087311,-1.0703837871551514,1
31.136,LAND,-0.42309367656707764,-0.3733126223087311,-1.0703837871551514,1
31.136,LAND,-0.42309367656707764,-0.3733126223087311,-1.0703837871551514,1
31.144,LAND,-0.42309367656707764,-0.3733126223087311,-1.0703837871551514,1
31.148,LAND,-0.42591002583503723,-0.3774576783180237,-1.0764877796173096,1
31.148,LAND,-0.42591002583503723,-0.3774576783180237,-1.0764877796173096,1
31.16,LAND,-0.42591002583503723,-0.3774576783180237,-1.0764877796173096,1
31.168,LAND,-0.42778074741363525,-0.38027605414390564,-1.0806013345718384,1
31.168,LAND,-0.42778074741363525,-0.38027605414390564,-1.0806013345718384,1
31.168,LAND,-0.42778074741363525,-0.38027605414390564,-1.0806013345718384,1
31.184,LAND,-0.42778074741363525,-0.38027605414390564,-1.0806013345718384,1
31.184,LAND,-0.4296480417251587,-0.38312995433807373,-1.084746241569519,1
31.184,LAND,-0.4296480417251587,-0.38312995433807373,-1.084746241569519,1
31.188,LAND,-0.4296480417251587,-0.38312995433807373,-1.084746241569519,1
31.204,LAND,-0.4296480417251587,-0.38312995433807373,-1.084746241569519,1
31.208,LAND,-0.4296480417251587,-0.38312995433807373,-1.084746241569519,1
31.208,LAND,-0.4324410855770111,-0.38746604323387146,-1.0909804105758667,1
31.212,LAND,-0.4324410855770111,-0.38746604323387146,-1.0909804105758667,1
31.22,LAND,-0.4324410855770111,-0.38746604323387146,-1.0909804105758667,1
31.224,LAND,-0.435217022895813,-0.39186519384384155,-1.0972758531570435,1
31.224,LAND,-0.435217022895813,-0.39186519384384155,-1.0972758531570435,1
31.248,LAND,-0.435217022895813,-0.39186519384384155,-1.0972758531570435,1
31.248,LAND,-0.435217022895813,-0.39186519384384155,-1.0972758531570435,1
31.252,LAND,-0.435217022895813,-0.39186519384384155,-1.0972758531570435,1
31.252,LAND,-0.435217022895813,-0.39186519384384155,-1.0972758531570435,1
31.256,LAND,-0.43705835938453674,-0.3948315978050232,-1.1015061140060425,1
31.256,LAND,-0.43705835938453674,-0.3948315978050232,-1.1015061140060425,1
31.272,LAND,-0.43981045484542847,-0.39931437373161316,-1.1078541278839111,1
31.276,LAND,-0.43981045484542847,-0.39931437373161316,-1.1078541278839111,1
31.276,LAND,-0.43981045484542847,-0.39931437373161316,-1.1078541278839111,1
31.284,LAND,-0.43981045484542847,-0.39931437373161316,-1.1078541278839111,1
31.284,LAND,-0.44165003299713135,-0.40232977271080017,-1.1121093034744263,1
31.284,LAND,-0.44165003299713135,-0.40232977271080017,-1.1121093034744263,1
31.304,LAND,-0.44165003299713135,-0.40232977271080017,-1.1121093034744263,1
31.308,LAND,-0.44165003299713135,-0.40232977271080017,-1.1121093034744263,1
31.308,LAND,-0.44348445534706116,-0.40535810589790344,-1.1163804531097412,1
31.324,LAND,-0.44348445534706116,-0.40535810589790344,-1.1163804531097412,1
31.324,LAND,-0.44348445534706116,-0.40535810589790344,-1.1163804531097412,1
31.324,LAND,-0.44348445534706116,-0.40535810589790344,-1.1163804531097412,1
31.34,LAND,-0.44348445534706116,-0.40535810589790344,-1.1163804531097412,1
31.34,LAND,-0.44623640179634094,-0.40992891788482666,-1.1227810382843018,1
31.344,LAND,-0.44623640179634094,-0.40992891788482666,-1.1227810382843018,1
31.352,LAND,-0.44623640179634094,-0.40992891788482666,-1.1227810382843018,1
31.352,LAND,-0.44725242257118225,-0.4125867784023285,-1.126503348350525,1
31.352,LAND,-0.44725242257118225,-0.4125867784023285,-1.126503348350525,1
31.36,LAND,-0.44725242257118225,-0.4125867784023285,-1.126503348350525,1
31.368,LAND,-0.44725242257118225,-0.4125867784023285,-1.126503348350525,1
31.372,LAND,-0.4488597810268402,-0.41660377383232117,-1.1321547031402588,1
31.372,LAND,-0.4488597810268402,-0.41660377383232117,-1.1321547031402588,1
31.376,LAND,-0.4488597810268402,-0.41660377383232117,-1.1321547031402588,1
31.376,LAND,-0.4488597810268402,-0.41660377383232117,-1.1321547031402588,1
31.376,LAND,-0.44998443126678467,-0.4193011224269867,-1.1359442472457886,1
31.4,LAND,-0.44998443126678467,-0.4193011224269867,-1.1359442472457886,1
31.404,LAND,-0.44998443126678467,-0.4193011224269867,-1.1359442472457886,1
31.408,LAND,-0.44998443126678467,-0.4193011224269867,-1.1359442472457886,1
31.412,LAND,-0.45174577832221985,-0.42337730526924133,-1.1416995525360107,1
31.416,LAND,-0.45174577832221985,-0.42337730526924133,-1.1416995525360107,1
31.416,LAND,-0.45174577832221985,-0.42337730526924133,-1.1416995525360107,1
31.416,LAND,-0.45174577832221985,-0.42337730526924133,-1.1416995525360107,1
31.416,LAND,-0.45296403765678406,-0.4261063039302826,-1.1455782651901245,1
31.416,LAND,-0.45296403765678406,-0.4261063039302826,-1.1455782651901245,1
31.444,LAND,-0.45296403765678406,-0.4261063039302826,-1.1455782651901245,1
31.444,LAND,-0.45296403765678406,-0.4261063039302826,-1.1455782651901245,1
31.444,LAND,-0.45486757159233093,-0.4302213191986084,-1.1514312028884888,1
31.448,LAND,-0.45486757159233093,-0.4302213191986084,-1.1514312028884888,1
31.448,LAND,-0.45486757159233093,-0.4302213191986084,-1.1514312028884888,1
31.452,LAND,-0.45486757159233093,-0.4302213191986084,-1.1514312028884888,1
31.452,LAND,-0.4561834931373596,-0.4329719543457031,-1.1553668975830078,1
31.452,LAND,-0.4561834931373596,-0.4329719543457031,-1.1553668975830078,1
31.48,LAND,-0.4561834931373596,-0.4329719543457031,-1.1553668975830078,1
31.48,LAND,-0.4561834931373596,-0.4329719543457031,-1.1553668975830078,1
31.48,LAND,-0.4561834931373596,-0.4329719543457031,-1.1553668975830078,1
31.484,LAND,-0.45822325348854065,-0.4371000826358795,-1.161329984664917,1
31.504,LAND,-0.45822325348854065,-0.4371000826358795,-1.161329984664917,1
31.504,LAND,-0.45822325348854065,-0.4371000826358795,-1.161329984664917,1
31.512,LAND,-0.45822325348854065,-0.4371000826358795,-1.161329984664917,1
31.512,LAND,-0.45962658524513245,-0.4398534595966339,-1.1653194427490234,1
31.512,LAND,-0.45962658524513245,-0.4398534595966339,-1.1653194427490234,1
31.512,LAND,-0.45962658524513245,-0.4398534595966339,-1.1653194427490234,1
31.512,LAND,-0.461783766746521,-0.4439851641654968,-1.1713488101959229,1
31.512,LAND,-0.461783766746521,-0.4439851641654968,-1.1713488101959229,1
31.544,LAND,-0.461783766746521,-0.4439851641654968,-1.1713488101959229,1
31.544,LAND,-0.461783766746521,-0.4439851641654968,-1.1713488101959229,1
31.548000000000002,LAND,-0.46326175332069397,-0.4467390775680542,-1.175396203994751,1
31.548000000000002,LAND,-0.46326175332069397,-0.4467390775680542,-1.175396203994751,1
31.552,LAND,-0.46326175332069397,-0.4467390775680542,-1.175396203994751,1
31.556,LAND,-0.46326175332069397,-0.4467390775680542,-1.175396203994751,1
31.572,LAND,-0.46554163098335266,-0.4508723318576813,-1.1814733743667603,1
31.572,LAND,-0.46554163098335266,-0.4508723318576813,-1.1814733743667603,1
31.584,LAND,-0.46554163098335266,-0.4508723318576813,-1.1814733743667603,1
31.596,LAND,-0.46554163098335266,-0.4508723318576813,-1.1814733743667603,1
31.6,LAND,-0.4671008586883545,-0.45363137125968933,-1.1855568885803223,1
31.608,LAND,-0.4671008586883545,-0.45363137125968933,-1.1855568885803223,1
31.608,LAND,-0.4671008586883545,-0.45363137125968933,-1.1855568885803223,1
31.616,LAND,-0.4671008586883545,-0.45363137125968933,-1.1855568885803223,1
31.616,LAND,-0.4671008586883545,-0.45363137125968933,-1.1855568885803223,1
31.616,LAND,-0.4694855511188507,-0.45777979493141174,-1.1917297840118408,1
31.628,LAND,-0.4694855511188507,-0.45777979493141174,-1.1917297840118408,1
31.636,LAND,-0.4694855511188507,-0.45777979493141174,-1.1917297840118408,1
31.64,LAND,-0.47192007303237915,-0.4619377851486206,-1.1979273557662964,1
31.64,LAND,-0.47192007303237915,-0.4619377851486206,-1.1979273557662964,1
31.64,LAND,-0.47192007303237915,-0.4619377851486206,-1.1979273557662964,1
31.644,LAND,-0.47192007303237915,-0.4619377851486206,-1.1979273557662964,1
31.652,LAND,-0.4735676348209381,-0.4647217094898224,-1.2020927667617798,1
31.652,LAND,-0.4735676348209381,-0.4647217094898224,-1.2020927667617798,1
31.66,LAND,-0.4735676348209381,-0.4647217094898224,-1.2020927667617798,1
31.672,LAND,-0.4735676348209381,-0.4647217094898224,-1.2020927667617798,1
31.68,LAND,-0.47522667050361633,-0.4675174951553345,-1.206290602684021,1
31.684,LAND,-0.47522667050361633,-0.4675174951553345,-1.206290602684021,1
31.684,LAND,-0.47522667050361633,-0.4675174951553345,-1.206290602684021,1
31.688,LAND,-0.47522667050361633,-0.4675174951553345,-1.206290602684021,1
31.688,LAND,-0.47522667050361633,-0.4675174951553345,-1.206290602684021,1
31.708,LAND,-0.4777173697948456,-0.4717392325401306,-1.2126044034957886,1
31.712,LAND,-0.4777173697948456,-0.4717392325401306,-1.2126044034957886,1
31.712,LAND,-0.4777173697948456,-0.4717392325401306,-1.2126044034957886,1
31.724,LAND,-0.4793679416179657,-0.47457998991012573,-1.2168580293655396,1
31.724,LAND,-0.4793679416179657,-0.47457998991012573,-1.2168580293655396,1
31.724,LAND,-0.4793679416179657,-0.47457998991012573,-1.2168580293655396,1
31.724,LAND,-0.4793679416179657,-0.47457998991012573,-1.2168580293655396,1
31.728,LAND,-0.4793679416179657,-0.47457998991012573,-1.2168580293655396,1
31.732,LAND,-0.4818018674850464,-0.4789036512374878,-1.2233073711395264,1
31.744,LAND,-0.4818018674850464,-0.4789036512374878,-1.2233073711395264,1
31.748,LAND,-0.4818018674850464,-0.4789036512374878,-1.2233073711395264,1
31.748,LAND,-0.4818018674850464,-0.4789036512374878,-1.2233073711395264,1
31.748,LAND,-0.4825304448604584,-0.48143744468688965,-1.227014422416687,1
31.768,LAND,-0.4825304448604584,-0.48143744468688965,-1.227014422416687,1
31.768,LAND,-0.4825304448604584,-0.48143744468688965,-1.227014422416687,1
31.768,LAND,-0.4825304448604584,-0.48143744468688965,-1.227014422416687,1
31.768,LAND,-0.4836309850215912,-0.48536068201065063,-1.232712745666504,1
31.772,LAND,-0.4836309850215912,-0.48536068201065063,-1.232712745666504,1
31.776,LAND,-0.4836309850215912,-0.48536068201065063,-1.232712745666504,1
31.776,LAND,-0.48434850573539734,-0.48805272579193115,-1.2365928888320923,1
31.8,LAND,-0.48434850573539734,-0.48805272579193115,-1.2365928888320923,1
31.8,LAND,-0.48434850573539734,-0.48805272579193115,-1.2365928888320923,1
31.8,LAND,-0.48434850573539734,-0.48805272579193115,-1.2365928888320923,1
31.824,LAND,-0.48434850573539734,-0.48805272579193115,-1.2365928888320923,1
31.828,LAND,-0.4853981137275696,-0.4922013580799103,-1.242497444152832,1
31.828,LAND,-0.4853981137275696,-0.4922013580799103,-1.242497444152832,1
31.836,LAND,-0.4853981137275696,-0.4922013580799103,-1.242497444152832,1
31.84,LAND,-0.4853981137275696,-0.4922013580799103,-1.242497444152832,1
31.84,LAND,-0.48607373237609863,-0.49503472447395325,-1.2465133666992188,1
31.84,LAND,-0.48607373237609863,-0.49503472447395325,-1.2465133666992188,1
31.844,LAND,-0.48607373237609863,-0.49503472447395325,-1.2465133666992188,1
31.844,LAND,-0.48703351616859436,-0.499390184879303,-1.2526432275772095,1
31.864,LAND,-0.48703351616859436,-0.499390184879303,-1.2526432275772095,1
31.864,LAND,-0.48703351616859436,-0.499390184879303,-1.2526432275772095,1
31.876,LAND,-0.48703351616859436,-0.499390184879303,-1.2526432275772095,1
31.88,LAND,-0.48703351616859436,-0.499390184879303,-1.2526432275772095,1
31.884,LAND,-0.48703351616859436,-0.499390184879303,-1.2526432275772095,1
31.884,LAND,-0.48703351616859436,-0.499390184879303,-1.2526432275772095,1
31.892,LAND,-0.48703351616859436,-0.499390184879303,-1.2526432275772095,1
31.892,LAND,-0.4884878098964691,-0.5069031119346619,-1.263054609298706,1
31.892,LAND,-0.4884878098964691,-0.5069031119346619,-1.263054609298706,1
31.892,LAND,-0.4884878098964691,-0.5069031119346619,-1.263054609298706,1
31.892,LAND,-0.4884878098964691,-0.5069031119346619,-1.263054609298706,1
31.892,LAND,-0.4884878098964691,-0.5069031119346619,-1.263054609298706,1
31.896,LAND,-0.48924946784973145,-0.5115622282028198,-1.269436240196228,1
31.896,LAND,-0.48924946784973145,-0.5115622282028198,-1.269436240196228,1
31.896,LAND,-0.48924946784973145,-0.5115622282028198,-1.269436240196228,1
31.928,LAND,-0.4896981418132782,-0.5147270560264587,-1.2737327814102173,1
31.928,LAND,-0.4896981418132782,-0.5147270560264587,-1.2737327814102173,1
31.936,LAND,-0.4896981418132782,-0.5147270560264587,-1.2737327814102173,1
31.936,LAND,-0.4896981418132782,-0.5147270560264587,-1.2737327814102173,1
31.956,LAND,-0.4900950491428375,-0.517933189868927,-1.2780766487121582,1
31.972,LAND,-0.4900950491428375,-0.517933189868927,-1.2780766487121582,1
31.976,LAND,-0.4900950491428375,-0.517933189868927,-1.2780766487121582,1
31.976,LAND,-0.4900950491428375,-0.517933189868927,-1.2780766487121582,1
31.98,LAND,-0.490594744682312,-0.5228163599967957,-1.2846782207489014,1
31.98,LAND,-0.490594744682312,-0.5228163599967957,-1.2846782207489014,1
31.98,LAND,-0.490594744682312,-0.5228163599967957,-1.2846782207489014,1
32.012,LAND,-0.490594744682312,-0.5228163599967957,-1.2846782207489014,1
32.012,LAND,-0.4909723997116089,-0.5277876853942871,-1.2913380861282349,1
32.012,LAND,-0.4909723997116089,-0.5277876853942871,-1.2913380861282349,1
32.024,LAND,-0.4909723997116089,-0.5277876853942871,-1.2913380861282349,1
32.028,LAND,-0.4909723997116089,-0.5277876853942871,-1.2913380861282349,1
32.028,LAND,-0.4909723997116089,-0.5277876853942871,-1.2913380861282349,1
32.032,LAND,-0.4911547303199768,-0.5311455726623535,-1.2958329916000366,1
32.044,LAND,-0.4911547303199768,-0.5311455726623535,-1.2958329916000366,1
32.044,LAND,-0.4911547303199768,-0.5311455726623535,-1.2958329916000366,1
32.048,LAND,-0.4911547303199768,-0.5311455726623535,-1.2958329916000366,1
32.048,LAND,-0.49127820134162903,-0.5345315337181091,-1.300355076789856,1
32.064,LAND,-0.49127820134162903,-0.5345315337181091,-1.300355076789856,1
32.064,LAND,-0.49127820134162903,-0.5345315337181091,-1.300355076789856,1
32.064,LAND,-0.49135658144950867,-0.5396746397018433,-1.3071939945220947,1
32.064,LAND,-0.49135658144950867,-0.5396746397018433,-1.3071939945220947,1
32.064,LAND,-0.49135658144950867,-0.5396746397018433,-1.3071939945220947,1
32.064,LAND,-0.49135658144950867,-0.5396746397018433,-1.3071939945220947,1
32.064,LAND,-0.49135658144950867,-0.5396746397018433,-1.3071939945220947,1
32.064,LAND,-0.4913334846496582,-0.5431299805641174,-1.3117916584014893,1
32.108,LAND,-0.4913334846496582,-0.5431299805641174,-1.3117916584014893,1
32.112,LAND,-0.4913334846496582,-0.5431299805641174,-1.3117916584014893,1
32.112,LAND,-0.4913334846496582,-0.5431299805641174,-1.3117916584014893,1
32.12,LAND,-0.4911777973175049,-0.5483583807945251,-1.3187367916107178,1
32.128,LAND,-0.4911777973175049,-0.5483583807945251,-1.3187367916107178,1
32.128,LAND,-0.4911777973175049,-0.5483583807945251,-1.3187367916107178,1
32.128,LAND,-0.4909857511520386,-0.5518748164176941,-1.3234078884124756,1
32.14,LAND,-0.4909857511520386,-0.5518748164176941,-1.3234078884124756,1
32.14,LAND,-0.4909857511520386,-0.5518748164176941,-1.3234078884124756,1
32.14,LAND,-0.4909857511520386,-0.5518748164176941,-1.3234078884124756,1
32.14,LAND,-0.4909857511520386,-0.5518748164176941,-1.3234078884124756,1
32.144,LAND,-0.49056684970855713,-0.5571965575218201,-1.3304812908172607,1
32.144,LAND,-0.49056684970855713,-0.5571965575218201,-1.3304812908172607,1
32.148,LAND,-0.49056684970855713,-0.5571965575218201,-1.3304812908172607,1
32.148,LAND,-0.4893943965435028,-0.5602998733520508,-1.3345407247543335,1
32.148,LAND,-0.4893943965435028,-0.5602998733520508,-1.3345407247543335,1
32.188,LAND,-0.4893943965435028,-0.5602998733520508,-1.3345407247543335,1
32.188,LAND,-0.4893943965435028,-0.5602998733520508,-1.3345407247543335,1
32.188,LAND,-0.4893943965435028,-0.5602998733520508,-1.3345407247543335,1
32.188,LAND,-0.4893943965435028,-0.5602998733520508,-1.3345407247543335,1
32.188,LAND,-0.4875558316707611,-0.5650195479393005,-1.3407355546951294,1
32.188,LAND,-0.4875558316707611,-0.5650195479393005,-1.3407355546951294,1
32.188,LAND,-0.4875558316707611,-0.5650195479393005,-1.3407355546951294,1
32.188,LAND,-0.4862785339355469,-0.5682134032249451,-1.3449448347091675,1
32.192,LAND,-0.4862785339355469,-0.5682134032249451,-1.3449448347091675,1
32.192,LAND,-0.4862785339355469,-0.5682134032249451,-1.3449448347091675,1
32.192,LAND,-0.4862785339355469,-0.5682134032249451,-1.3449448347091675,1
32.196,LAND,-0.48427021503448486,-0.5730587840080261,-1.3513562679290771,1
32.228,LAND,-0.48427021503448486,-0.5730587840080261,-1.3513562679290771,1
32.228,LAND,-0.48427021503448486,-0.5730587840080261,-1.3513562679290771,1
32.228,LAND,-0.4828561246395111,-0.5763224363327026,-1.3557038307189941,1
32.26,LAND,-0.4828561246395111,-0.5763224363327026,-1.3557038307189941,1
32.26,LAND,-0.4828561246395111,-0.5763224363327026,-1.3557038307189941,1
32.268,LAND,-0.4828561246395111,-0.5763224363327026,-1.3557038307189941,1
32.272,LAND,-0.4806175231933594,-0.5812573432922363,-1.362341284751892,1
32.28,LAND,-0.4806175231933594,-0.5812573432922363,-1.362341284751892,1
32.284,LAND,-0.4806175231933594,-0.5812573432922363,-1.362341284751892,1
32.288,LAND,-0.4806175231933594,-0.5812573432922363,-1.362341284751892,1
32.288,LAND,-0.4782315194606781,-0.5862442851066589,-1.3691006898880005,1
32.292,LAND,-0.4782315194606781,-0.5862442851066589,-1.3691006898880005,1
32.292,LAND,-0.4782315194606781,-0.5862442851066589,-1.3691006898880005,1
32.292,LAND,-0.4782315194606781,-0.5862442851066589,-1.3691006898880005,1
32.292,LAND,-0.47655272483825684,-0.5895892977714539,-1.3736828565597534,1
32.312,LAND,-0.47655272483825684,-0.5895892977714539,-1.3736828565597534,1
32.312,LAND,-0.47655272483825684,-0.5895892977714539,-1.3736828565597534,1
32.312,LAND,-0.47655272483825684,-0.5895892977714539,-1.3736828565597534,1
32.316,LAND,-0.47655272483825684,-0.5895892977714539,-1.3736828565597534,1
32.32,LAND,-0.4748017489910126,-0.5929476022720337,-1.378328561782837,1
32.32,LAND,-0.4748017489910126,-0.5929476022720337,-1.378328561782837,1
32.324,LAND,-0.4748017489910126,-0.5929476022720337,-1.378328561782837,1
32.328,LAND,-0.4748017489910126,-0.5929476022720337,-1.378328561782837,1
32.328,LAND,-0.4721176028251648,-0.5979737639427185,-1.3853436708450317,1
32.348,LAND,-0.4721176028251648,-0.5979737639427185,-1.3853436708450317,1
32.352,LAND,-0.4721176028251648,-0.5979737639427185,-1.3853436708450317,1
32.352,LAND,-0.470412939786911,-0.6012479066848755,-1.3899855613708496,1
32.356,LAND,-0.470412939786911,-0.6012479066848755,-1.3899855613708496,1
32.356,LAND,-0.470412939786911,-0.6012479066848755,-1.3899855613708496,1
32.36,LAND,-0.470412939786911,-0.6012479066848755,-1.3899855613708496,1
32.364,LAND,-0.470412939786911,-0.6012479066848755,-1.3899855613708496,1
32.38,LAND,-0.46774280071258545,-0.6061265468597412,-1.3970173597335815,1
32.38,LAND,-0.46774280071258545,-0.6061265468597412,-1.3970173597335815,1
32.388,LAND,-0.46774280071258545,-0.6061265468597412,-1.3970173597335815,1
32.392,LAND,-0.46593353152275085,-0.6093423962593079,-1.401706337928772,1
32.392,LAND,-0.46593353152275085,-0.6093423962593079,-1.401706337928772,1
32.392,LAND,-0.46593353152275085,-0.6093423962593079,-1.401706337928772,1
32.396,LAND,-0.46593353152275085,-0.6093423962593079,-1.401706337928772,1
32.4,LAND,-0.46319380402565,-0.6140996217727661,-1.4087505340576172,1
32.4,LAND,-0.46319380402565,-0.6140996217727661,-1.4087505340576172,1
32.404,LAND,-0.46319380402565,-0.6140996217727661,-1.4087505340576172,1
32.404,LAND,-0.46319380402565,-0.6140996217727661,-1.4087505340576172,1
32.404,LAND,-0.46136438846588135,-0.6172244548797607,-1.4134645462036133,1
32.412,LAND,-0.46136438846588135,-0.6172244548797607,-1.4134645462036133,1
32.412,LAND,-0.46136438846588135,-0.6172244548797607,-1.4134645462036133,1
32.412,LAND,-0.46136438846588135,-0.6172244548797607,-1.4134645462036133,1
32.412,LAND,-0.45863157510757446,-0.6218574643135071,-1.4205487966537476,1
32.416,LAND,-0.45863157510757446,-0.6218574643135071,-1.4205487966537476,1
32.432,LAND,-0.45863157510757446,-0.6218574643135071,-1.4205487966537476,1
32.432,LAND,-0.45863157510757446,-0.6218574643135071,-1.4205487966537476,1
32.464,LAND,-0.45683753490448,-0.6249046325683594,-1.4252820014953613,1
32.468,LAND,-0.45683753490448,-0.6249046325683594,-1.4252820014953613,1
32.468,LAND,-0.45683753490448,-0.6249046325683594,-1.4252820014953613,1
32.468,LAND,-0.45683753490448,-0.6249046325683594,-1.4252820014953613,1
32.484,LAND,-0.45683753490448,-0.6249046325683594,-1.4252820014953613,1
32.484,LAND,-0.4541994631290436,-0.6294072270393372,-1.4324004650115967,1
32.484,LAND,-0.4541994631290436,-0.6294072270393372,-1.4324004650115967,1
32.484,LAND,-0.4541994631290436,-0.6294072270393372,-1.4324004650115967,1
32.504,LAND,-0.4541994631290436,-0.6294072270393372,-1.4324004650115967,1
32.504,LAND,-0.45248332619667053,-0.6323644518852234,-1.4371323585510254,1
32.508,LAND,-0.45248332619667053,-0.6323644518852234,-1.4371323585510254,1
32.512,LAND,-0.45248332619667053,-0.6323644518852234,-1.4371323585510254,1
32.524,LAND,-0.45248332619667053,-0.6323644518852234,-1.4371323585510254,1
32.524,LAND,-0.4499998092651367,-0.6367319226264954,-1.4442002773284912,1
32.524,LAND,-0.4499998092651367,-0.6367319226264954,-1.4442002773284912,1
32.524,LAND,-0.4499998092651367,-0.6367319226264954,-1.4442002773284912,1
32.544,LAND,-0.4499998092651367,-0.6367319226264954,-1.4442002773284912,1
32.544,LAND,-0.4476698935031891,-0.6390748620033264,-1.4482160806655884,1
32.548,LAND,-0.4476698935031891,-0.6390748620033264,-1.4482160806655884,1
32.548,LAND,-0.4476698935031891,-0.6390748620033264,-1.4482160806655884,1
32.564,LAND,-0.4476698935031891,-0.6390748620033264,-1.4482160806655884,1
32.568,LAND,-0.44436636567115784,-0.6425783038139343,-1.4542717933654785,1
32.572,LAND,-0.44436636567115784,-0.6425783038139343,-1.4542717933654785,1
32.572,LAND,-0.44436636567115784,-0.6425783038139343,-1.4542717933654785,1
32.584,LAND,-0.44436636567115784,-0.6425783038139343,-1.4542717933654785,1
32.588,LAND,-0.44230374693870544,-0.6449070572853088,-1.4583351612091064,1
32.588,LAND,-0.44230374693870544,-0.6449070572853088,-1.4583351612091064,1
32.588,LAND,-0.44230374693870544,-0.6449070572853088,-1.4583351612091064,1
32.604,LAND,-0.4394396245479584,-0.6484006643295288,-1.4644782543182373,1
32.608,LAND,-0.4394396245479584,-0.6484006643295288,-1.4644782543182373,1
32.612,LAND,-0.4394396245479584,-0.6484006643295288,-1.4644782543182373,1
32.612,LAND,-0.4394396245479584,-0.6484006643295288,-1.4644782543182373,1
32.624,LAND,-0.4394396245479584,-0.6484006643295288,-1.4644782543182373,1
32.624,LAND,-0.4376794397830963,-0.6507285237312317,-1.4685966968536377,1
32.632,LAND,-0.4376794397830963,-0.6507285237312317,-1.4685966968536377,1
32.636,LAND,-0.4376794397830963,-0.6507285237312317,-1.4685966968536377,1
32.644,LAND,-0.4376794397830963,-0.6507285237312317,-1.4685966968536377,1
32.648,LAND,-0.435278058052063,-0.6542332768440247,-1.4747974872589111,1
32.652,LAND,-0.435278058052063,-0.6542332768440247,-1.4747974872589111,1
32.656,LAND,-0.435278058052063,-0.6542332768440247,-1.4747974872589111,1
32.664,LAND,-0.435278058052063,-0.6542332768440247,-1.4747974872589111,1
32.668,LAND,-0.4338426887989044,-0.6565796732902527,-1.4789615869522095,1
32.668,LAND,-0.4338426887989044,-0.6565796732902527,-1.4789615869522095,1
32.668,LAND,-0.4338426887989044,-0.6565796732902527,-1.4789615869522095,1
32.684,LAND,-0.4338426887989044,-0.6565796732902527,-1.4789615869522095,1
32.684,LAND,-0.43194451928138733,-0.6601183414459229,-1.4852193593978882,1
32.684,LAND,-0.43194451928138733,-0.6601183414459229,-1.4852193593978882,1
32.688,LAND,-0.43194451928138733,-0.6601183414459229,-1.4852193593978882,1
32.704,LAND,-0.43194451928138733,-0.6601183414459229,-1.4852193593978882,1
32.704,LAND,-0.4308636784553528,-0.6624947190284729,-1.4894057512283325,1
32.704,LAND,-0.4308636784553528,-0.6624947190284729,-1.4894057512283325,1
32.712,LAND,-0.4308636784553528,-0.6624947190284729,-1.4894057512283325,1
32.724,LAND,-0.42951807379722595,-0.6660897731781006,-1.4957226514816284,1
32.728,LAND,-0.42951807379722595,-0.6660897731781006,-1.4957226514816284,1
32.728,LAND,-0.42951807379722595,-0.6660897731781006,-1.4957226514816284,1
32.732,LAND,-0.42951807379722595,-0.6660897731781006,-1.4957226514816284,1
32.744,LAND,-0.42951807379722595,-0.6660897731781006,-1.4957226514816284,1
32.748,LAND,-0.42881083488464355,-0.6685143709182739,-1.4999409914016724,1
32.748,LAND,-0.42881083488464355,-0.6685143709182739,-1.4999409914016724,1
32.748,LAND,-0.42881083488464355,-0.6685143709182739,-1.4999409914016724,1
32.764,LAND,-0.42881083488464355,-0.6685143709182739,-1.4999409914016724,1
32.764,LAND,-0.4280403256416321,-0.6722147464752197,-1.5062854290008545,1
32.764,LAND,-0.4280403256416321,-0.6722147464752197,-1.5062854290008545,1
32.768,LAND,-0.4280403256416321,-0.6722147464752197,-1.5062854290008545,1
32.784,LAND,-0.4280403256416321,-0.6722147464752197,-1.5062854290008545,1
32.784,LAND,-0.4277242124080658,-0.6747238636016846,-1.5105394124984741,1
32.788,LAND,-0.4277242124080658,-0.6747238636016846,-1.5105394124984741,1
32.788,LAND,-0.4277242124080658,-0.6747238636016846,-1.5105394124984741,1
32.804,LAND,-0.4275397062301636,-0.6785557270050049,-1.5169167518615723,1
32.804,LAND,-0.4275397062301636,-0.6785557270050049,-1.5169167518615723,1
32.804,LAND,-0.4275397062301636,-0.6785557270050049,-1.5169167518615723,1
32.804,LAND,-0.4275397062301636,-0.6785557270050049,-1.5169167518615723,1
32.824,LAND,-0.4275397062301636,-0.6785557270050049,-1.5169167518615723,1
32.828,LAND,-0.42761287093162537,-0.6811622977256775,-1.5211751461029053,1
32.832,LAND,-0.42761287093162537,-0.6811622977256775,-1.5211751461029053,1
32.832,LAND,-0.42761287093162537,-0.6811622977256775,-1.5211751461029053,1
32.844,LAND,-0.42761287093162537,-0.6811622977256775,-1.5211751461029053,1
32.848,LAND,-0.42802125215530396,-0.6851531267166138,-1.5275893211364746,1
32.852,LAND,-0.42802125215530396,-0.6851531267166138,-1.5275893211364746,1
32.856,LAND,-0.42802125215530396,-0.6851531267166138,-1.5275893211364746,1
32.864,LAND,-0.42802125215530396,-0.6851531267166138,-1.5275893211364746,1
32.864,LAND,-0.42849409580230713,-0.6878670454025269,-1.5318700075149536,1
32.864,LAND,-0.42849409580230713,-0.6878670454025269,-1.5318700075149536,1
32.864,LAND,-0.42849409580230713,-0.6878670454025269,-1.5318700075149536,1
32.884,LAND,-0.4295128285884857,-0.6920231580734253,-1.5382928848266602,1
32.888,LAND,-0.4295128285884857,-0.6920231580734253,-1.5382928848266602,1
32.888,LAND,-0.4295128285884857,-0.6920231580734253,-1.5382928848266602,1
32.892,LAND,-0.4295128285884857,-0.6920231580734253,-1.5382928848266602,1
32.904,LAND,-0.43039870262145996,-0.6948525309562683,-1.542592167854309,1
32.908,LAND,-0.43039870262145996,-0.6948525309562683,-1.542592167854309,1
32.912,LAND,-0.43039870262145996,-0.6948525309562683,-1.542592167854309,1
32.912,LAND,-0.43039870262145996,-0.6948525309562683,-1.542592167854309,1
32.924,LAND,-0.43193402886390686,-0.6991779804229736,-1.5490596294403076,1
32.924,LAND,-0.43193402886390686,-0.6991779804229736,-1.5490596294403076,1
32.928,LAND,-0.43193402886390686,-0.6991779804229736,-1.5490596294403076,1
32.936,LAND,-0.43193402886390686,-0.6991779804229736,-1.5490596294403076,1
32.944,LAND,-0.43210113048553467,-0.7014246582984924,-1.552688717842102,1
32.948,LAND,-0.43210113048553467,-0.7014246582984924,-1.552688717842102,1
32.948,LAND,-0.43210113048553467,-0.7014246582984924,-1.552688717842102,1
32.948,LAND,-0.43210113048553467,-0.7014246582984924,-1.552688717842102,1
32.964,LAND,-0.43210113048553467,-0.7014246582984924,-1.552688717842102,1
32.968,LAND,-0.4323805272579193,-0.7049161791801453,-1.5583062171936035,1
32.972,LAND,-0.4323805272579193,-0.7049161791801453,-1.5583062171936035,1
32.976,LAND,-0.4323805272579193,-0.7049161791801453,-1.5583062171936035,1
32.984,LAND,-0.43257781863212585,-0.7073227167129517,-1.5621469020843506,1
32.988,LAND,-0.43257781863212585,-0.7073227167129517,-1.5621469020843506,1
32.988,LAND,-0.43257781863212585,-0.7073227167129517,-1.5621469020843506,1
32.992,LAND,-0.43257781863212585,-0.7073227167129517,-1.5621469020843506,1
33.004,LAND,-0.43289411067962646,-0.7110591530799866,-1.5680612325668335,1
33.008,LAND,-0.43289411067962646,-0.7110591530799866,-1.5680612325668335,1
33.008,LAND,-0.43289411067962646,-0.7110591530799866,-1.5680612325668335,1
33.012,LAND,-0.43289411067962646,-0.7110591530799866,-1.5680612325668335,1
33.024,LAND,-0.43289411067962646,-0.7110591530799866,-1.5680612325668335,1
33.028,LAND,-0.43311381340026855,-0.7136257290840149,-1.572119951248169,1
33.032,LAND,-0.43311381340026855,-0.7136257290840149,-1.572119951248169,1
33.036,LAND,-0.43311381340026855,-0.7136257290840149,-1.572119951248169,1
33.044,LAND,-0.43311381340026855,-0.7136257290840149,-1.572119951248169,1
33.048,LAND,-0.4334595203399658,-0.7175980806350708,-1.578345775604248,1
33.052,LAND,-0.4334595203399658,-0.7175980806350708,-1.578345775604248,1
33.056,LAND,-0.4334595203399658,-0.7175980806350708,-1.578345775604248,1
33.064,LAND,-0.4336963891983032,-0.7203266620635986,-1.5826116800308228,1
33.068,LAND,-0.4336963891983032,-0.7203266620635986,-1.5826116800308228,1
33.068,LAND,-0.4336963891983032,-0.7203266620635986,-1.5826116800308228,1
33.076,LAND,-0.4336963891983032,-0.7203266620635986,-1.5826116800308228,1
33.084,LAND,-0.4336963891983032,-0.7203266620635986,-1.5826116800308228,1
33.084,LAND,-0.43405619263648987,-0.724528431892395,-1.589145541191101,1
33.088,LAND,-0.43405619263648987,-0.724528431892395,-1.589145541191101,1
33.088,LAND,-0.43405619263648987,-0.724528431892395,-1.589145541191101,1
33.104,LAND,-0.43405619263648987,-0.724528431892395,-1.589145541191101,1
33.108,LAND,-0.43429288268089294,-0.7273963093757629,-1.5935733318328857,1
33.112,LAND,-0.43429288268089294,-0.7273963093757629,-1.5935733318328857,1
33.116,LAND,-0.43429288268089294,-0.7273963093757629,-1.5935733318328857,1
33.124,LAND,-0.43429288268089294,-0.7273963093757629,-1.5935733318328857,1
33.128,LAND,-0.43464773893356323,-0.7317957282066345,-1.6003330945968628,1
33.132,LAND,-0.43464773893356323,-0.7317957282066345,-1.6003330945968628,1
33.136,LAND,-0.43464773893356323,-0.7317957282066345,-1.6003330945968628,1
33.144,LAND,-0.43464773893356323,-0.7317957282066345,-1.6003330945968628,1
33.148,LAND,-0.43486976623535156,-0.7347925901412964,-1.6048980951309204,1
33.152,LAND,-0.43486976623535156,-0.7347925901412964,-1.6048980951309204,1
33.156,LAND,-0.43486976623535156,-0.7347925901412964,-1.6048980951309204,1
33.164,LAND,-0.43486976623535156,-0.7347925901412964,-1.6048980951309204,1
33.168,LAND,-0.43517863750457764,-0.7393720149993896,-1.6118186712265015,1
33.172,LAND,-0.43517863750457764,-0.7393720149993896,-1.6118186712265015,1
33.176,LAND,-0.43517863750457764,-0.7393720149993896,-1.6118186712265015,1
33.184,LAND,-0.4353671073913574,-0.7424793839454651,-1.6164978742599487,1
33.188,LAND,-0.4353671073913574,-0.7424793839454651,-1.6164978742599487,1
33.188,LAND,-0.4353671073913574,-0.7424793839454651,-1.6164978742599487,1
33.192,LAND,-0.4353671073913574,-0.7424793839454651,-1.6164978742599487,1
33.204,LAND,-0.4356168806552887,-0.7472163438796997,-1.6235920190811157,1
33.208,LAND,-0.4356168806552887,-0.7472163438796997,-1.6235920190811157,1
33.212,LAND,-0.4356168806552887,-0.7472163438796997,-1.6235920190811157,1
33.216,LAND,-0.4356168806552887,-0.7472163438796997,-1.6235920190811157,1
33.224,LAND,-0.43575993180274963,-0.7504254579544067,-1.628358006477356,1
33.228,LAND,-0.43575993180274963,-0.7504254579544067,-1.628358006477356,1
33.228,LAND,-0.43575993180274963,-0.7504254579544067,-1.628358006477356,1
33.236,LAND,-0.43575993180274963,-0.7504254579544067,-1.628358006477356,1
33.244,LAND,-0.43575993180274963,-0.7504254579544067,-1.628358006477356,1
33.248,LAND,-0.43594110012054443,-0.7553139925003052,-1.6355881690979004,1
33.252,LAND,-0.43594110012054443,-0.7553139925003052,-1.6355881690979004,1
33.256,LAND,-0.43594110012054443,-0.7553139925003052,-1.6355881690979004,1
33.264,LAND,-0.43594110012054443,-0.7553139925003052,-1.6355881690979004,1
33.268,LAND,-0.43603572249412537,-0.7586227655410767,-1.6404287815093994,1
33.272,LAND,-0.43603572249412537,-0.7586227655410767,-1.6404287815093994,1
33.276,LAND,-0.43603572249412537,-0.7586227655410767,-1.6404287815093994,1
33.284,LAND,-0.43603572249412537,-0.7586227655410767,-1.6404287815093994,1
33.288,LAND,-0.43613147735595703,-0.7636584639549255,-1.6477580070495605,1
33.288,LAND,-0.43613147735595703,-0.7636584639549255,-1.6477580070495605,1
33.296,LAND,-0.43613147735595703,-0.7636584639549255,-1.6477580070495605,1
33.304,LAND,-0.43613147735595703,-0.7636584639549255,-1.6477580070495605,1
33.308,LAND,-0.43616458773612976,-0.7670589685440063,-1.652683973312378,1
33.312,LAND,-0.43616458773612976,-0.7670589685440063,-1.652683973312378,1
33.316,LAND,-0.43616458773612976,-0.7670589685440063,-1.652683973312378,1
33.324,LAND,-0.43616458773612976,-0.7670589685440063,-1.652683973312378,1
33.328,LAND,-0.4361722767353058,-0.7722323536872864,-1.660101294517517,1
33.332,LAND,-0.4361722767353058,-0.7722323536872864,-1.660101294517517,1
33.332,LAND,-0.4361722767353058,-0.7722323536872864,-1.660101294517517,1
33.344,LAND,-0.4361722767353058,-0.7722323536872864,-1.660101294517517,1
33.344,LAND,-0.43564915657043457,-0.7749410271644592,-1.664281964302063,1
33.344,LAND,-0.43564915657043457,-0.7749410271644592,-1.664281964302063,1
33.356,LAND,-0.43564915657043457,-0.7749410271644592,-1.664281964302063,1
33.364,LAND,-0.43564915657043457,-0.7749410271644592,-1.664281964302063,1
33.368,LAND,-0.4348519444465637,-0.7791125178337097,-1.6706650257110596,1
33.372,LAND,-0.4348519444465637,-0.7791125178337097,-1.6706650257110596,1
33.376,LAND,-0.4348519444465637,-0.7791125178337097,-1.6706650257110596,1
33.384,LAND,-0.4343019127845764,-0.781967282295227,-1.6749608516693115,1
33.388,LAND,-0.4343019127845764,-0.781967282295227,-1.6749608516693115,1
33.392,LAND,-0.4343019127845764,-0.781967282295227,-1.6749608516693115,1
33.396,LAND,-0.4343019127845764,-0.781967282295227,-1.6749608516693115,1
33.404,LAND,-0.4343019127845764,-0.781967282295227,-1.6749608516693115,1
33.404,LAND,-0.4334479868412018,-0.7863569259643555,-1.681518793106079,1
33.412,LAND,-0.4334479868412018,-0.7863569259643555,-1.681518793106079,1
33.416,LAND,-0.4334479868412018,-0.7863569259643555,-1.681518793106079,1
33.424,LAND,-0.43285953998565674,-0.7893437147140503,-1.6859692335128784,1
33.428,LAND,-0.43285953998565674,-0.7893437147140503,-1.6859692335128784,1
33.432,LAND,-0.43285953998565674,-0.7893437147140503,-1.6859692335128784,1
33.436,LAND,-0.43285953998565674,-0.7893437147140503,-1.6859692335128784,1
33.444,LAND,-0.43285953998565674,-0.7893437147140503,-1.6859692335128784,1
33.448,LAND,-0.4319510757923126,-0.7939202785491943,-1.6927213668823242,1
33.452,LAND,-0.4319510757923126,-0.7939202785491943,-1.6927213668823242,1
33.456,LAND,-0.4319510757923126,-0.7939202785491943,-1.6927213668823242,1
33.464,LAND,-0.4319510757923126,-0.7939202785491943,-1.6927213668823242,1
33.468,LAND,-0.4313288629055023,-0.797032356262207,-1.6972829103469849,1
33.468,LAND,-0.4313288629055023,-0.797032356262207,-1.6972829103469849,1
33.476,LAND,-0.4313288629055023,-0.797032356262207,-1.6972829103469849,1
33.484,LAND,-0.4313288629055023,-0.797032356262207,-1.6972829103469849,1
33.488,LAND,-0.4303634464740753,-0.8017838001251221,-1.7042218446731567,1
33.488,LAND,-0.4303634464740753,-0.8017838001251221,-1.7042218446731567,1
33.496,LAND,-0.4303634464740753,-0.8017838001251221,-1.7042218446731567,1
33.504,LAND,-0.4303634464740753,-0.8017838001251221,-1.7042218446731567,1
33.508,LAND,-0.4296949505805969,-0.805003821849823,-1.7088783979415894,1
33.512,LAND,-0.4296949505805969,-0.805003821849823,-1.7088783979415894,1
33.516,LAND,-0.4296949505805969,-0.805003821849823,-1.7088783979415894,1
33.524,LAND,-0.4296949505805969,-0.805003821849823,-1.7088783979415894,1
33.528,LAND,-0.4286576807498932,-0.8099068999290466,-1.7159502506256104,1
33.532,LAND,-0.4286576807498932,-0.8099068999290466,-1.7159502506256104,1
33.536,LAND,-0.4286576807498932,-0.8099068999290466,-1.7159502506256104,1
33.544,LAND,-0.4286576807498932,-0.8099068999290466,-1.7159502506256104,1
33.548,LAND,-0.4279344379901886,-0.8132213354110718,-1.720716953277588,1
33.552,LAND,-0.4279344379901886,-0.8132213354110718,-1.720716953277588,1
33.556,LAND,-0.4279344379901886,-0.8132213354110718,-1.720716953277588,1
33.564,LAND,-0.4279344379901886,-0.8132213354110718,-1.720716953277588,1
33.568,LAND,-0.42679861187934875,-0.8182578086853027,-1.7279059886932373,1
33.572,LAND,-0.42679861187934875,-0.8182578086853027,-1.7279059886932373,1
33.576,LAND,-0.42679861187934875,-0.8182578086853027,-1.7279059886932373,1
33.584,LAND,-0.42679861187934875,-0.8182578086853027,-1.7279059886932373,1
33.588,LAND,-0.426005095243454,-0.8216581344604492,-1.7327378988265991,1
33.592,LAND,-0.426005095243454,-0.8216581344604492,-1.7327378988265991,1
33.592,LAND,-0.426005095243454,-0.8216581344604492,-1.7327378988265991,1
33.604,LAND,-0.426005095243454,-0.8216581344604492,-1.7327378988265991,1
33.608,LAND,-0.42475512623786926,-0.8268194198608398,-1.740058422088623,1
33.612,LAND,-0.42475512623786926,-0.8268194198608398,-1.740058422088623,1
33.616,LAND,-0.42475512623786926,-0.8268194198608398,-1.740058422088623,1
33.624,LAND,-0.42475512623786926,-0.8268194198608398,-1.740058422088623,1
33.628,LAND,-0.42387983202934265,-0.8302965760231018,-1.7449464797973633,1
33.632,LAND,-0.42387983202934265,-0.8302965760231018,-1.7449464797973633,1
33.636,LAND,-0.42387983202934265,-0.8302965760231018,-1.7449464797973633,1
33.644,LAND,-0.42387983202934265,-0.8302965760231018,-1.7449464797973633,1
33.648,LAND,-0.4225085377693176,-0.8355655074119568,-1.7523378133773804,1
33.652,LAND,-0.4225085377693176,-0.8355655074119568,-1.7523378133773804,1
33.656,LAND,-0.4225085377693176,-0.8355655074119568,-1.7523378133773804,1
33.664,LAND,-0.4225085377693176,-0.8355655074119568,-1.7523378133773804,1
33.668,LAND,-0.42155203223228455,-0.839112401008606,-1.7572932243347168,1
33.672,LAND,-0.42155203223228455,-0.839112401008606,-1.7572932243347168,1
33.676,LAND,-0.42155203223228455,-0.839112401008606,-1.7572932243347168,1
33.684,LAND,-0.42155203223228455,-0.839112401008606,-1.7572932243347168,1
33.688,LAND,-0.42004474997520447,-0.8444886803627014,-1.7647318840026855,1
33.688,LAND,-0.42004474997520447,-0.8444886803627014,-1.7647318840026855,1
33.696,LAND,-0.42004474997520447,-0.8444886803627014,-1.7647318840026855,1
33.704,LAND,-0.42004474997520447,-0.8444886803627014,-1.7647318840026855,1
33.708,LAND,-0.41899141669273376,-0.8481091260910034,-1.7697094678878784,1
33.712,LAND,-0.41899141669273376,-0.8481091260910034,-1.7697094678878784,1
33.716,LAND,-0.41899141669273376,-0.8481091260910034,-1.7697094678878784,1
33.724,LAND,-0.41899141669273376,-0.8481091260910034,-1.7697094678878784,1
33.728,LAND,-0.4173448383808136,-0.853591799736023,-1.7772184610366821,1
33.732,LAND,-0.4173448383808136,-0.853591799736023,-1.7772184610366821,1
33.736,LAND,-0.4173448383808136,-0.853591799736023,-1.7772184610366821,1
33.744,LAND,-0.4159870743751526,-0.8563789129257202,-1.7814542055130005,1
33.748,LAND,-0.4159870743751526,-0.8563789129257202,-1.7814542055130005,1
33.752,LAND,-0.4159870743751526,-0.8563789129257202,-1.7814542055130005,1
33.756,LAND,-0.4159870743751526,-0.8563789129257202,-1.7814542055130005,1
33.764,LAND,-0.4159870743751526,-0.8563789129257202,-1.7814542055130005,1
33.768,LAND,-0.4139076769351959,-0.86067134141922,-1.7879220247268677,1
33.772,LAND,-0.4139076769351959,-0.86067134141922,-1.7879220247268677,1
33.776,LAND,-0.4139076769351959,-0.86067134141922,-1.7879220247268677,1
33.784,LAND,-0.4139076769351959,-0.86067134141922,-1.7879220247268677,1
33.788,LAND,-0.41248273849487305,-0.8636020421981812,-1.7922865152359009,1
33.788,LAND,-0.41248273849487305,-0.8636020421981812,-1.7922865152359009,1
33.792,LAND,-0.41248273849487305,-0.8636020421981812,-1.7922865152359009,1
33.804,LAND,-0.41248273849487305,-0.8636020421981812,-1.7922865152359009,1
33.808,LAND,-0.41028380393981934,-0.8680940866470337,-1.7989211082458496,1
33.812,LAND,-0.41028380393981934,-0.8680940866470337,-1.7989211082458496,1
33.816,LAND,-0.41028380393981934,-0.8680940866470337,-1.7989211082458496,1
33.824,LAND,-0.41028380393981934,-0.8680940866470337,-1.7989211082458496,1
33.824,LAND,-0.4087657630443573,-0.8711497187614441,-1.803420066833496,1
33.832,LAND,-0.4087657630443573,-0.8711497187614441,-1.803420066833496,1
33.836,LAND,-0.4087657630443573,-0.8711497187614441,-1.803420066833496,1
33.844,LAND,-0.4087657630443573,-0.8711497187614441,-1.803420066833496,1
33.848,LAND,-0.40640774369239807,-0.8758267760276794,-1.8102655410766602,1
33.852,LAND,-0.40640774369239807,-0.8758267760276794,-1.8102655410766602,1
33.856,LAND,-0.40640774369239807,-0.8758267760276794,-1.8102655410766602,1
33.864,LAND,-0.40640774369239807,-0.8758267760276794,-1.8102655410766602,1
33.868,LAND,-0.4047669768333435,-0.8790004253387451,-1.8148863315582275,1
33.872,LAND,-0.4047669768333435,-0.8790004253387451,-1.8148863315582275,1
33.876,LAND,-0.4047669768333435,-0.8790004253387451,-1.8148863315582275,1
33.884,LAND,-0.4047669768333435,-0.8790004253387451,-1.8148863315582275,1
33.888,LAND,-0.40220800042152405,-0.8838447332382202,-1.8219115734100342,1
33.892,LAND,-0.40220800042152405,-0.8838447332382202,-1.8219115734100342,1
33.896,LAND,-0.40220800042152405,-0.8838447332382202,-1.8219115734100342,1
33.904,LAND,-0.40220800042152405,-0.8838447332382202,-1.8219115734100342,1
33.908,LAND,-0.40042418241500854,-0.887124240398407,-1.8266459703445435,1
33.912,LAND,-0.40042418241500854,-0.887124240398407,-1.8266459703445435,1
33.916,LAND,-0.40042418241500854,-0.887124240398407,-1.8266459703445435,1
33.924,LAND,-0.40042418241500854,-0.887124240398407,-1.8266459703445435,1
33.928,LAND,-0.3976113796234131,-0.8921166658401489,-1.8338276147842407,1
33.932,LAND,-0.3976113796234131,-0.8921166658401489,-1.8338276147842407,1
33.936,LAND,-0.3976113796234131,-0.8921166658401489,-1.8338276147842407,1
33.944,LAND,-0.3976113796234131,-0.8921166658401489,-1.8338276147842407,1
33.948,LAND,-0.3956421911716461,-0.8954921364784241,-1.8386772871017456,1
33.952,LAND,-0.3956421911716461,-0.8954921364784241,-1.8386772871017456,1
33.956,LAND,-0.3956421911716461,-0.8954921364784241,-1.8386772871017456,1
33.964,LAND,-0.3956421911716461,-0.8954921364784241,-1.8386772871017456,1
33.968,LAND,-0.39253443479537964,-0.9006165266036987,-1.8459899425506592,1
33.972,LAND,-0.39253443479537964,-0.9006165266036987,-1.8459899425506592,1
33.976,LAND,-0.39253443479537964,-0.9006165266036987,-1.8459899425506592,1
33.984,LAND,-0.390349805355072,-0.904071033000946,-1.8509197235107422,1
33.988,LAND,-0.390349805355072,-0.904071033000946,-1.8509197235107422,1
33.988,LAND,-0.390349805355072,-0.904071033000946,-1.8509197235107422,1
33.988,LAND,-0.390349805355072,-0.904071033000946,-1.8509197235107422,1
34.004,LAND,-0.390349805355072,-0.904071033000946,-1.8509197235107422,1
34.008,LAND,-0.38688918948173523,-0.9093021750450134,-1.8583922386169434,1
34.012,LAND,-0.38688918948173523,-0.9093021750450134,-1.8583922386169434,1
34.016,LAND,-0.38688918948173523,-0.9093021750450134,-1.8583922386169434,1
34.024,LAND,-0.38688918948173523,-0.9093021750450134,-1.8583922386169434,1
34.028,LAND,-0.3844471871852875,-0.9128277897834778,-1.8633977174758911,1
34.032,LAND,-0.3844471871852875,-0.9128277897834778,-1.8633977174758911,1
34.036,LAND,-0.3844471871852875,-0.9128277897834778,-1.8633977174758911,1
34.044,LAND,-0.38057467341423035,-0.9181651473045349,-1.870971918106079,1
34.048,LAND,-0.38057467341423035,-0.9181651473045349,-1.870971918106079,1
34.052,LAND,-0.38057467341423035,-0.9181651473045349,-1.870971918106079,1
34.056,LAND,-0.38057467341423035,-0.9181651473045349,-1.870971918106079,1
34.064,LAND,-0.38057467341423035,-0.9181651473045349,-1.870971918106079,1
34.068,LAND,-0.37785664200782776,-0.9217516779899597,-1.876067876815796,1
34.072,LAND,-0.37785664200782776,-0.9217516779899597,-1.876067876815796,1
34.076,LAND,-0.37785664200782776,-0.9217516779899597,-1.876067876815796,1
34.084,LAND,-0.37785664200782776,-0.9217516779899597,-1.876067876815796,1
34.088,LAND,-0.37356263399124146,-0.9271703958511353,-1.8837356567382812,1
34.088,LAND,-0.37356263399124146,-0.9271703958511353,-1.8837356567382812,1
34.096,LAND,-0.37356263399124146,-0.9271703958511353,-1.8837356567382812,1
34.104,LAND,-0.37356263399124146,-0.9271703958511353,-1.8837356567382812,1
34.108,LAND,-0.370543897151947,-0.9308026432991028,-1.8888914585113525,1
34.112,LAND,-0.370543897151947,-0.9308026432991028,-1.8888914585113525,1
34.116,LAND,-0.370543897151947,-0.9308026432991028,-1.8888914585113525,1
34.124,LAND,-0.370543897151947,-0.9308026432991028,-1.8888914585113525,1
34.128,LAND,-0.3657688498497009,-0.936285138130188,-1.896653652191162,1
34.132,LAND,-0.3657688498497009,-0.936285138130188,-1.896653652191162,1
34.136,LAND,-0.3657688498497009,-0.936285138130188,-1.896653652191162,1
34.144,LAND,-0.3657688498497009,-0.936285138130188,-1.896653652191162,1
34.148,LAND,-0.3625740706920624,-0.9388788938522339,-1.9010064601898193,1
34.152,LAND,-0.3625740706920624,-0.9388788938522339,-1.9010064601898193,1
34.156,LAND,-0.3625740706920624,-0.9388788938522339,-1.9010064601898193,1
34.164,LAND,-0.35751616954803467,-0.9428651332855225,-1.9076862335205078,1
34.168,LAND,-0.35751616954803467,-0.9428651332855225,-1.9076862335205078,1
34.168,LAND,-0.35751616954803467,-0.9428651332855225,-1.9076862335205078,1
34.176,LAND,-0.35751616954803467,-0.9428651332855225,-1.9076862335205078,1
34.184,LAND,-0.35751616954803467,-0.9428651332855225,-1.9076862335205078,1
34.188,LAND,-0.3539673984050751,-0.9455795884132385,-1.9122123718261719,1
34.192,LAND,-0.3539673984050751,-0.9455795884132385,-1.9122123718261719,1
34.196,LAND,-0.3539673984050751,-0.9455795884132385,-1.9122123718261719,1
34.204,LAND,-0.34836694598197937,-0.9497277140617371,-1.9191246032714844,1
34.208,LAND,-0.34836694598197937,-0.9497277140617371,-1.9191246032714844,1
34.212,LAND,-0.34836694598197937,-0.9497277140617371,-1.9191246032714844,1
34.216,LAND,-0.34836694598197937,-0.9497277140617371,-1.9191246032714844,1
34.224,LAND,-0.344446063041687,-0.9525393843650818,-1.9238216876983643,1
34.228,LAND,-0.344446063041687,-0.9525393843650818,-1.9238216876983643,1
34.232,LAND,-0.344446063041687,-0.9525393843650818,-1.9238216876983643,1
34.236,LAND,-0.344446063041687,-0.9525393843650818,-1.9238216876983643,1
34.244,LAND,-0.344446063041687,-0.9525393843650818,-1.9238216876983643,1
34.248,LAND,-0.3382883071899414,-0.9568209648132324,-1.9309531450271606,1
34.252,LAND,-0.3382883071899414,-0.9568209648132324,-1.9309531450271606,1
34.256,LAND,-0.3382883071899414,-0.9568209648132324,-1.9309531450271606,1
34.264,LAND,-0.3339991867542267,-0.9597090482711792,-1.9357740879058838,1
34.268,LAND,-0.3339991867542267,-0.9597090482711792,-1.9357740879058838,1
34.268,LAND,-0.3339991867542267,-0.9597090482711792,-1.9357740879058838,1
34.276,LAND,-0.3339991867542267,-0.9597090482711792,-1.9357740879058838,1
34.284,LAND,-0.3339991867542267,-0.9597090482711792,-1.9357740879058838,1
34.288,LAND,-0.3272974491119385,-0.9640695452690125,-1.9430958032608032,1
34.292,LAND,-0.3272974491119385,-0.9640695452690125,-1.9430958032608032,1
34.292,LAND,-0.3272974491119385,-0.9640695452690125,-1.9430958032608032,1
34.304,LAND,-0.32265663146972656,-0.9669948816299438,-1.9480177164077759,1
34.308,LAND,-0.32265663146972656,-0.9669948816299438,-1.9480177164077759,1
34.312,LAND,-0.32265663146972656,-0.9669948816299438,-1.9480177164077759,1
34.316,LAND,-0.32265663146972656,-0.9669948816299438,-1.9480177164077759,1
34.324,LAND,-0.32265663146972656,-0.9669948816299438,-1.9480177164077759,1
34.328,LAND,-0.31544044613838196,-0.9714025855064392,-1.9554592370986938,1
34.332,LAND,-0.31544044613838196,-0.9714025855064392,-1.9554592370986938,1
34.336,LAND,-0.31544044613838196,-0.9714025855064392,-1.9554592370986938,1
34.344,LAND,-0.31544044613838196,-0.9714025855064392,-1.9554592370986938,1
34.348,LAND,-0.3104695975780487,-0.9743463397026062,-1.9604612588882446,1
34.352,LAND,-0.3104695975780487,-0.9743463397026062,-1.9604612588882446,1
34.356,LAND,-0.3104695975780487,-0.9743463397026062,-1.9604612588882446,1
34.364,LAND,-0.3104695975780487,-0.9743463397026062,-1.9604612588882446,1
34.368,LAND,-0.30278247594833374,-0.9787694215774536,-1.9679793119430542,1
34.372,LAND,-0.30278247594833374,-0.9787694215774536,-1.9679793119430542,1
34.376,LAND,-0.30278247594833374,-0.9787694215774536,-1.9679793119430542,1
34.384,LAND,-0.30278247594833374,-0.9787694215774536,-1.9679793119430542,1
34.388,LAND,-0.297504723072052,-0.9817157983779907,-1.9730172157287598,1
34.392,LAND,-0.297504723072052,-0.9817157983779907,-1.9730172157287598,1
34.396,LAND,-0.297504723072052,-0.9817157983779907,-1.9730172157287598,1
34.404,LAND,-0.297504723072052,-0.9817157983779907,-1.9730172157287598,1
34.408,LAND,-0.2893654704093933,-0.9861195683479309,-1.9805870056152344,1
34.412,LAND,-0.2893654704093933,-0.9861195683479309,-1.9805870056152344,1
34.416,LAND,-0.2893654704093933,-0.9861195683479309,-1.9805870056152344,1
34.424,LAND,-0.2893654704093933,-0.9861195683479309,-1.9805870056152344,1
34.428,LAND,-0.2837967872619629,-0.9890455007553101,-1.985642910003662,1
34.432,LAND,-0.2837967872619629,-0.9890455007553101,-1.985642910003662,1
34.436,LAND,-0.2837967872619629,-0.9890455007553101,-1.985642910003662,1
34.444,LAND,-0.2837967872619629,-0.9890455007553101,-1.985642910003662,1
34.448,LAND,-0.2752363085746765,-0.9934129118919373,-1.9932770729064941,1
34.452,LAND,-0.2752363085746765,-0.9934129118919373,-1.9932770729064941,1
34.456,LAND,-0.2752363085746765,-0.9934129118919373,-1.9932770729064941,1
34.464,LAND,-0.2752363085746765,-0.9934129118919373,-1.9932770729064941,1
34.464,LAND,-0.26939430832862854,-0.9963094592094421,-1.998398780822754,1
34.468,LAND,-0.26939430832862854,-0.9963094592094421,-1.998398780822754,1
34.468,LAND,-0.26939430832862854,-0.9963094592094421,-1.998398780822754,1
34.484,LAND,-0.26939430832862854,-0.9963094592094421,-1.998398780822754,1
34.488,LAND,-0.2604433596134186,-1.000632643699646,-2.006101608276367,1
34.492,LAND,-0.2604433596134186,-1.000632643699646,-2.006101608276367,1
34.492,LAND,-0.2604433596134186,-1.000632643699646,-2.006101608276367,1
34.504,LAND,-0.2604433596134186,-1.000632643699646,-2.006101608276367,1
34.508,LAND,-0.25435569882392883,-1.0034925937652588,-2.011282444000244,1
34.512,LAND,-0.25435569882392883,-1.0034925937652588,-2.011282444000244,1
34.516,LAND,-0.25435569882392883,-1.0034925937652588,-2.011282444000244,1
34.524,LAND,-0.2450447380542755,-1.0077561140060425,-2.019094944000244,1
34.528,LAND,-0.2450447380542755,-1.0077561140060425,-2.019094944000244,1
34.532,LAND,-0.2450447380542755,-1.0077561140060425,-2.019094944000244,1
34.536,LAND,-0.2450447380542755,-1.0077561140060425,-2.019094944000244,1
34.544,LAND,-0.2391355037689209,-1.0094538927078247,-2.0235424041748047,1
34.548,LAND,-0.2391355037689209,-1.0094538927078247,-2.0235424041748047,1
34.552,LAND,-0.2391355037689209,-1.0094538927078247,-2.0235424041748047,1
34.556,LAND,-0.2391355037689209,-1.0094538927078247,-2.0235424041748047,1
34.564,LAND,-0.2391355037689209,-1.0094538927078247,-2.0235424041748047,1
34.568,LAND,-0.23008993268013,-1.012049913406372,-2.030380964279175,1
34.572,LAND,-0.23008993268013,-1.012049913406372,-2.030380964279175,1
34.576,LAND,-0.23008993268013,-1.012049913406372,-2.030380964279175,1
34.584,LAND,-0.23008993268013,-1.012049913406372,-2.030380964279175,1
34.588,LAND,-0.22393852472305298,-1.0138112306594849,-2.0350255966186523,1
34.592,LAND,-0.22393852472305298,-1.0138112306594849,-2.0350255966186523,1
34.596,LAND,-0.22393852472305298,-1.0138112306594849,-2.0350255966186523,1
34.604,LAND,-0.22393852472305298,-1.0138112306594849,-2.0350255966186523,1
34.608,LAND,-0.21453717350959778,-1.0164936780929565,-2.04215669631958,1
34.612,LAND,-0.21453717350959778,-1.0164936780929565,-2.04215669631958,1
34.616,LAND,-0.21453717350959778,-1.0164936780929565,-2.04215669631958,1
34.624,LAND,-0.21453717350959778,-1.0164936780929565,-2.04215669631958,1
34.628,LAND,-0.20815573632717133,-1.0183066129684448,-2.0470173358917236,1
34.632,LAND,-0.20815573632717133,-1.0183066129684448,-2.0470173358917236,1
34.636,LAND,-0.20815573632717133,-1.0183066129684448,-2.0470173358917236,1
34.644,LAND,-0.19840674102306366,-1.021032691001892,-2.0544402599334717,1
34.648,LAND,-0.19840674102306366,-1.021032691001892,-2.0544402599334717,1
34.648,LAND,-0.19840674102306366,-1.021032691001892,-2.0544402599334717,1
34.656,LAND,-0.19840674102306366,-1.021032691001892,-2.0544402599334717,1
34.664,LAND,-0.19840674102306366,-1.021032691001892,-2.0544402599334717,1
34.668,LAND,-0.19179703295230865,-1.0228594541549683,-2.0594847202301025,1
34.672,LAND,-0.19179703295230865,-1.0228594541549683,-2.0594847202301025,1
34.676,LAND,-0.19179703295230865,-1.0228594541549683,-2.0594847202301025,1
34.684,LAND,-0.19179703295230865,-1.0228594541549683,-2.0594847202301025,1
34.688,LAND,-0.18213312327861786,-1.0257295370101929,-2.0669848918914795,1
34.692,LAND,-0.18213312327861786,-1.0257295370101929,-2.0669848918914795,1
34.696,LAND,-0.18213312327861786,-1.0257295370101929,-2.0669848918914795,1
34.704,LAND,-0.18213312327861786,-1.0257295370101929,-2.0669848918914795,1
34.708,LAND,-0.17576657235622406,-1.0276695489883423,-2.07193660736084,1
34.712,LAND,-0.17576657235622406,-1.0276695489883423,-2.07193660736084,1
34.716,LAND,-0.17576657235622406,-1.0276695489883423,-2.07193660736084,1
34.724,LAND,-0.17576657235622406,-1.0276695489883423,-2.07193660736084,1
34.728,LAND,-0.1672629565000534,-1.0309041738510132,-2.0786638259887695,1
34.732,LAND,-0.1672629565000534,-1.0309041738510132,-2.0786638259887695,1
34.736,LAND,-0.1672629565000534,-1.0309041738510132,-2.0786638259887695,1
34.744,LAND,-0.1672629565000534,-1.0309041738510132,-2.0786638259887695,1
34.748,LAND,-0.1615864634513855,-1.0331190824508667,-2.083155632019043,1
34.752,LAND,-0.1615864634513855,-1.0331190824508667,-2.083155632019043,1
34.756,LAND,-0.1615864634513855,-1.0331190824508667,-2.083155632019043,1
34.764,LAND,-0.15301059186458588,-1.0365183353424072,-2.089982032775879,1
34.768,LAND,-0.15301059186458588,-1.0365183353424072,-2.089982032775879,1
34.772,LAND,-0.15301059186458588,-1.0365183353424072,-2.089982032775879,1
34.776,LAND,-0.15301059186458588,-1.0365183353424072,-2.089982032775879,1
34.784,LAND,-0.15301059186458588,-1.0365183353424072,-2.089982032775879,1
34.788,LAND,-0.1472906768321991,-1.0388487577438354,-2.094615936279297,1
34.788,LAND,-0.1472906768321991,-1.0388487577438354,-2.094615936279297,1
34.796,LAND,-0.1472906768321991,-1.0388487577438354,-2.094615936279297,1
34.804,LAND,-0.1472906768321991,-1.0388487577438354,-2.094615936279297,1
34.808,LAND,-0.1387399286031723,-1.042462944984436,-2.1016910076141357,1
34.812,LAND,-0.1387399286031723,-1.042462944984436,-2.1016910076141357,1
34.816,LAND,-0.1387399286031723,-1.042462944984436,-2.1016910076141357,1
34.824,LAND,-0.13305257260799408,-1.0449481010437012,-2.106482744216919,1
34.828,LAND,-0.13305257260799408,-1.0449481010437012,-2.106482744216919,1
34.832,LAND,-0.13305257260799408,-1.0449481010437012,-2.106482744216919,1
34.836,LAND,-0.13305257260799408,-1.0449481010437012,-2.106482744216919,1
34.844,LAND,-0.124575674533844,-1.0488005876541138,-2.1137895584106445,1
34.848,LAND,-0.124575674533844,-1.0488005876541138,-2.1137895584106445,1
34.848,LAND,-0.124575674533844,-1.0488005876541138,-2.1137895584106445,1
34.852,LAND,-0.124575674533844,-1.0488005876541138,-2.1137895584106445,1
34.864,LAND,-0.124575674533844,-1.0488005876541138,-2.1137895584106445,1
34.868,LAND,-0.11914636194705963,-1.0515120029449463,-2.1185662746429443,1
34.872,LAND,-0.11914636194705963,-1.0515120029449463,-2.1185662746429443,1
34.876,LAND,-0.11914636194705963,-1.0515120029449463,-2.1185662746429443,1
34.884,LAND,-0.11111364513635635,-1.0557239055633545,-2.1257734298706055,1
34.888,LAND,-0.11111364513635635,-1.0557239055633545,-2.1257734298706055,1
34.888,LAND,-0.11111364513635635,-1.0557239055633545,-2.1257734298706055,1
34.896,LAND,-0.11111364513635635,-1.0557239055633545,-2.1257734298706055,1
34.904,LAND,-0.11111364513635635,-1.0557239055633545,-2.1257734298706055,1
34.908,LAND,-0.1058262288570404,-1.0586246252059937,-2.130610942840576,1
34.912,LAND,-0.1058262288570404,-1.0586246252059937,-2.130610942840576,1
34.916,LAND,-0.1058262288570404,-1.0586246252059937,-2.130610942840576,1
34.924,LAND,-0.1058262288570404,-1.0586246252059937,-2.130610942840576,1
34.928,LAND,-0.09800492972135544,-1.0631331205368042,-2.137871026992798,1
34.932,LAND,-0.09800492972135544,-1.0631331205368042,-2.137871026992798,1
34.936,LAND,-0.09800492972135544,-1.0631331205368042,-2.137871026992798,1
34.944,LAND,-0.09800492972135544,-1.0631331205368042,-2.137871026992798,1
34.948,LAND,-0.09333240985870361,-1.0648870468139648,-2.1419339179992676,1
34.952,LAND,-0.09333240985870361,-1.0648870468139648,-2.1419339179992676,1
34.956,LAND,-0.09333240985870361,-1.0648870468139648,-2.1419339179992676,1
34.964,LAND,-0.08642236143350601,-1.06778085231781,-2.1481521129608154,1
34.968,LAND,-0.08642236143350601,-1.06778085231781,-2.1481521129608154,1
34.972,LAND,-0.08642236143350601,-1.06778085231781,-2.1481521129608154,1
34.976,LAND,-0.08642236143350601,-1.06778085231781,-2.1481521129608154,1
34.984,LAND,-0.08642236143350601,-1.06778085231781,-2.1481521129608154,1
34.988,LAND,-0.0818839743733406,-1.0698788166046143,-2.1523451805114746,1
34.988,LAND,-0.0818839743733406,-1.0698788166046143,-2.1523451805114746,1
34.996,LAND,-0.0818839743733406,-1.0698788166046143,-2.1523451805114746,1
35.004,LAND,-0.0818839743733406,-1.0698788166046143,-2.1523451805114746,1
35.008,LAND,-0.07519709318876266,-1.073279619216919,-2.1587438583374023,1
35.012,LAND,-0.07519709318876266,-1.073279619216919,-2.1587438583374023,1
35.016,LAND,-0.07519709318876266,-1.073279619216919,-2.1587438583374023,1
35.024,LAND,-0.07519709318876266,-1.073279619216919,-2.1587438583374023,1
35.024,LAND,-0.070809006690979,-1.0757107734680176,-2.1630749702453613,1
35.036,LAND,-0.070809006690979,-1.0757107734680176,-2.1630749702453613,1
35.044,LAND,-0.070809006690979,-1.0757107734680176,-2.1630749702453613,1
35.048,LAND,-0.06413523852825165,-1.0794905424118042,-2.1696293354034424,1
35.048,LAND,-0.06413523852825165,-1.0794905424118042,-2.1696293354034424,1
35.048,LAND,-0.06413523852825165,-1.0794905424118042,-2.1696293354034424,1
35.072,LAND,-0.06413523852825165,-1.0794905424118042,-2.1696293354034424,1
35.076,LAND,-0.05959261581301689,-1.0820746421813965,-2.174074411392212,1
35.084,LAND,-0.05959261581301689,-1.0820746421813965,-2.174074411392212,1
35.084,LAND,-0.05959261581301689,-1.0820746421813965,-2.174074411392212,1
35.084,LAND,-0.05959261581301689,-1.0820746421813965,-2.174074411392212,1
35.084,LAND,-0.05959261581301689,-1.0820746421813965,-2.174074411392212,1
35.084,LAND,-0.05959261581301689,-1.0820746421813965,-2.174074411392212,1
35.084,LAND,-0.05959261581301689,-1.0820746421813965,-2.174074411392212,1
35.092,LAND,-0.04790284484624863,-1.0887380838394165,-2.185382843017578,1
35.092,LAND,-0.04790284484624863,-1.0887380838394165,-2.185382843017578,1
35.092,LAND,-0.04790284484624863,-1.0887380838394165,-2.185382843017578,1
35.108,LAND,-0.04790284484624863,-1.0887380838394165,-2.185382843017578,1
35.108,LAND,-0.04790284484624863,-1.0887380838394165,-2.185382843017578,1
35.128,LAND,-0.04066171497106552,-1.0928680896759033,-2.192281484603882,1
35.128,LAND,-0.04066171497106552,-1.0928680896759033,-2.192281484603882,1
35.128,LAND,-0.04066171497106552,-1.0928680896759033,-2.192281484603882,1
35.148,LAND,-0.04066171497106552,-1.0928680896759033,-2.192281484603882,1
35.148,LAND,-0.035743288695812225,-1.0956671237945557,-2.1969354152679443,1
35.148,LAND,-0.035743288695812225,-1.0956671237945557,-2.1969354152679443,1
35.156,LAND,-0.035743288695812225,-1.0956671237945557,-2.1969354152679443,1
35.16,LAND,-0.035743288695812225,-1.0956671237945557,-2.1969354152679443,1
35.164,LAND,-0.035743288695812225,-1.0956671237945557,-2.1969354152679443,1
35.164,LAND,-0.028231311589479446,-1.0999341011047363,-2.2039482593536377,1
35.168,LAND,-0.028231311589479446,-1.0999341011047363,-2.2039482593536377,1
35.168,LAND,-0.028231311589479446,-1.0999341011047363,-2.2039482593536377,1
35.168,LAND,-0.028231311589479446,-1.0999341011047363,-2.2039482593536377,1
35.168,LAND,-0.023137148469686508,-1.102817416191101,-2.2086760997772217,1
35.168,LAND,-0.023137148469686508,-1.102817416191101,-2.2086760997772217,1
35.172,LAND,-0.023137148469686508,-1.102817416191101,-2.2086760997772217,1
35.212,LAND,-0.023137148469686508,-1.102817416191101,-2.2086760997772217,1
35.22,LAND,-0.015366137027740479,-1.1071969270706177,-2.215837240219116,1
35.22,LAND,-0.015366137027740479,-1.1071969270706177,-2.215837240219116,1
35.232,LAND,-0.015366137027740479,-1.1071969270706177,-2.215837240219116,1
35.232,LAND,-0.01010268833488226,-1.1101505756378174,-2.2206244468688965,1
35.236,LAND,-0.01010268833488226,-1.1101505756378174,-2.2206244468688965,1
35.244,LAND,-0.01010268833488226,-1.1101505756378174,-2.2206244468688965,1
35.244,LAND,-0.01010268833488226,-1.1101505756378174,-2.2206244468688965,1
35.252,LAND,-0.0020794549491256475,-1.114633321762085,-2.227877140045166,1
35.256,LAND,-0.0020794549491256475,-1.114633321762085,-2.227877140045166,1
35.256,LAND,-0.0020794549491256475,-1.114633321762085,-2.227877140045166,1
35.256,LAND,-0.0020794549491256475,-1.114633321762085,-2.227877140045166,1
35.256,LAND,0.006092407740652561,-1.1191844940185547,-2.2351996898651123,1
35.256,LAND,0.006092407740652561,-1.1191844940185547,-2.2351996898651123,1
35.26,LAND,0.006092407740652561,-1.1191844940185547,-2.2351996898651123,1
35.26,LAND,0.006092407740652561,-1.1191844940185547,-2.2351996898651123,1
35.26,LAND,0.011621172539889812,-1.1222585439682007,-2.24010968208313,1
35.26,LAND,0.011621172539889812,-1.1222585439682007,-2.24010968208313,1
35.26,LAND,0.011621172539889812,-1.1222585439682007,-2.24010968208313,1
35.26,LAND,0.011621172539889812,-1.1222585439682007,-2.24010968208313,1
35.264,LAND,0.011621172539889812,-1.1222585439682007,-2.24010968208313,1
35.312,LAND,0.011621172539889812,-1.1222585439682007,-2.24010968208313,1
35.312,LAND,0.01721232570707798,-1.1253477334976196,-2.245049238204956,1
35.312,LAND,0.01721232570707798,-1.1253477334976196,-2.245049238204956,1
35.328,LAND,0.01721232570707798,-1.1253477334976196,-2.245049238204956,1
35.328,LAND,0.025715554133057594,-1.1300163269042969,-2.2525150775909424,1
35.34,LAND,0.025715554133057594,-1.1300163269042969,-2.2525150775909424,1
35.34,LAND,0.025715554133057594,-1.1300163269042969,-2.2525150775909424,1
35.34,LAND,0.025715554133057594,-1.1300163269042969,-2.2525150775909424,1
35.34,LAND,0.030396372079849243,-1.1318964958190918,-2.2566118240356445,1
35.356,LAND,0.030396372079849243,-1.1318964958190918,-2.2566118240356445,1
35.36,LAND,0.030396372079849243,-1.1318964958190918,-2.2566118240356445,1
35.364,LAND,0.037610240280628204,-1.134852647781372,-2.2628841400146484,1
35.364,LAND,0.037610240280628204,-1.134852647781372,-2.2628841400146484,1
35.364,LAND,0.037610240280628204,-1.134852647781372,-2.2628841400146484,1
35.364,LAND,0.037610240280628204,-1.134852647781372,-2.2628841400146484,1
35.384,LAND,0.042542655020952225,-1.1369105577468872,-2.2671477794647217,1
35.384,LAND,0.042542655020952225,-1.1369105577468872,-2.2671477794647217,1
35.384,LAND,0.042542655020952225,-1.1369105577468872,-2.2671477794647217,1
35.384,LAND,0.042542655020952225,-1.1369105577468872,-2.2671477794647217,1
35.384,LAND,0.042542655020952225,-1.1369105577468872,-2.2671477794647217,1
35.384,LAND,0.05014154687523842,-1.1401286125183105,-2.273625135421753,1
35.384,LAND,0.05014154687523842,-1.1401286125183105,-2.273625135421753,1
35.392,LAND,0.05014154687523842,-1.1401286125183105,-2.273625135421753,1
35.428,LAND,0.05794529244303703,-1.143478512763977,-2.2802541255950928,1
35.428,LAND,0.05794529244303703,-1.143478512763977,-2.2802541255950928,1
35.432,LAND,0.05794529244303703,-1.143478512763977,-2.2802541255950928,1
35.44,LAND,0.05794529244303703,-1.143478512763977,-2.2802541255950928,1
35.448,LAND,0.06325991451740265,-1.145780324935913,-2.284752607345581,1
35.448,LAND,0.06325991451740265,-1.145780324935913,-2.284752607345581,1
35.46,LAND,0.06325991451740265,-1.145780324935913,-2.284752607345581,1
35.464,LAND,0.06325991451740265,-1.145780324935913,-2.284752607345581,1
35.468,LAND,0.06325991451740265,-1.145780324935913,-2.284752607345581,1
35.468,LAND,0.06325991451740265,-1.145780324935913,-2.284752607345581,1
35.468,LAND,0.06866254657506943,-1.148138403892517,-2.289278268814087,1
35.468,LAND,0.06866254657506943,-1.148138403892517,-2.289278268814087,1
35.488,LAND,0.06866254657506943,-1.148138403892517,-2.289278268814087,1
35.488,LAND,0.07692994922399521,-1.151766300201416,-2.296175003051758,1
35.488,LAND,0.07692994922399521,-1.151766300201416,-2.296175003051758,1
35.488,LAND,0.07692994922399521,-1.151766300201416,-2.296175003051758,1
35.488,LAND,0.0825423151254654,-1.1542391777038574,-2.300839900970459,1
35.488,LAND,0.0825423151254654,-1.1542391777038574,-2.300839900970459,1
35.488,LAND,0.0825423151254654,-1.1542391777038574,-2.300839900970459,1
35.488,LAND,0.0825423151254654,-1.1542391777038574,-2.300839900970459,1
35.532,LAND,0.0825423151254654,-1.1542391777038574,-2.300839900970459,1
35.536,LAND,0.09111394733190536,-1.1580266952514648,-2.307870864868164,1
35.536,LAND,0.09111394733190536,-1.1580266952514648,-2.307870864868164,1
35.544,LAND,0.09111394733190536,-1.1580266952514648,-2.307870864868164,1
35.544,LAND,0.09692942351102829,-1.1605992317199707,-2.3126108646392822,1
35.544,LAND,0.09692942351102829,-1.1605992317199707,-2.3126108646392822,1
35.564,LAND,0.09692942351102829,-1.1605992317199707,-2.3126108646392822,1
35.564,LAND,0.09692942351102829,-1.1605992317199707,-2.3126108646392822,1
35.564,LAND,0.09692942351102829,-1.1605992317199707,-2.3126108646392822,1
35.564,LAND,0.10579130798578262,-1.1645231246948242,-2.319803476333618,1
35.584,LAND,0.10579130798578262,-1.1645231246948242,-2.319803476333618,1
35.584,LAND,0.10579130798578262,-1.1645231246948242,-2.319803476333618,1
35.592,LAND,0.11179976910352707,-1.1671719551086426,-2.324615955352783,1
35.604,LAND,0.11179976910352707,-1.1671719551086426,-2.324615955352783,1
35.604,LAND,0.11179976910352707,-1.1671719551086426,-2.324615955352783,1
35.616,LAND,0.11179976910352707,-1.1671719551086426,-2.324615955352783,1
35.62,LAND,0.12096647173166275,-1.1711915731430054,-2.3319106101989746,1
35.624,LAND,0.12096647173166275,-1.1711915731430054,-2.3319106101989746,1
35.624,LAND,0.12096647173166275,-1.1711915731430054,-2.3319106101989746,1
35.624,LAND,0.12096647173166275,-1.1711915731430054,-2.3319106101989746,1
35.636,LAND,0.12716954946517944,-1.1739099025726318,-2.3368027210235596,1
35.636,LAND,0.12716954946517944,-1.1739099025726318,-2.3368027210235596,1
35.648,LAND,0.12716954946517944,-1.1739099025726318,-2.3368027210235596,1
35.656,LAND,0.12716954946517944,-1.1739099025726318,-2.3368027210235596,1
35.664,LAND,0.1366088092327118,-1.1780368089675903,-2.344179391860962,1
35.664,LAND,0.1366088092327118,-1.1780368089675903,-2.344179391860962,1
35.668,LAND,0.1366088092327118,-1.1780368089675903,-2.344179391860962,1
35.668,LAND,0.1366088092327118,-1.1780368089675903,-2.344179391860962,1
35.672,LAND,0.14298895001411438,-1.180818796157837,-2.349139451980591,1
35.672,LAND,0.14298895001411438,-1.180818796157837,-2.349139451980591,1
35.676,LAND,0.14298895001411438,-1.180818796157837,-2.349139451980591,1
35.676,LAND,0.14298895001411438,-1.180818796157837,-2.349139451980591,1
35.696,LAND,0.15269580483436584,-1.185034155845642,-2.356611728668213,1
35.696,LAND,0.15269580483436584,-1.185034155845642,-2.356611728668213,1
35.716,LAND,0.15269580483436584,-1.185034155845642,-2.356611728668213,1
35.716,LAND,0.15269580483436584,-1.185034155845642,-2.356611728668213,1
35.724,LAND,0.15269580483436584,-1.185034155845642,-2.356611728668213,1
35.728,LAND,0.15269580483436584,-1.185034155845642,-2.356611728668213,1
35.728,LAND,0.15269580483436584,-1.185034155845642,-2.356611728668213,1
35.732,LAND,0.1625465750694275,-1.1892863512039185,-2.3641462326049805,1
35.764,LAND,0.16919709742069244,-1.1921484470367432,-2.3692095279693604,1
35.764,LAND,0.16919709742069244,-1.1921484470367432,-2.3692095279693604,1
35.764,LAND,0.16919709742069244,-1.1921484470367432,-2.3692095279693604,1
35.776,LAND,0.16919709742069244,-1.1921484470367432,-2.3692095279693604,1
35.776,LAND,0.1745254397392273,-1.193838357925415,-2.3733701705932617,1
35.792,LAND,0.1745254397392273,-1.193838357925415,-2.3733701705932617,1
35.792,LAND,0.1745254397392273,-1.193838357925415,-2.3733701705932617,1
35.8,LAND,0.1745254397392273,-1.193838357925415,-2.3733701705932617,1
35.8,LAND,0.18274568021297455,-1.1965125799179077,-2.379733085632324,1
35.808,LAND,0.18274568021297455,-1.1965125799179077,-2.379733085632324,1
35.808,LAND,0.18274568021297455,-1.1965125799179077,-2.379733085632324,1
35.812,LAND,0.18274568021297455,-1.1965125799179077,-2.379733085632324,1
35.812,LAND,0.18274568021297455,-1.1965125799179077,-2.379733085632324,1
35.812,LAND,0.1912185698747635,-1.1993266344070435,-2.386262893676758,1
35.812,LAND,0.1912185698747635,-1.1993266344070435,-2.386262893676758,1
35.816,LAND,0.1912185698747635,-1.1993266344070435,-2.386262893676758,1
35.816,LAND,0.19699467718601227,-1.2012748718261719,-2.3906643390655518,1
35.816,LAND,0.19699467718601227,-1.2012748718261719,-2.3906643390655518,1
35.856,LAND,0.19699467718601227,-1.2012748718261719,-2.3906643390655518,1
35.856,LAND,0.19699467718601227,-1.2012748718261719,-2.3906643390655518,1
35.86,LAND,0.20287972688674927,-1.2032828330993652,-2.3951315879821777,1
35.864,LAND,0.20287972688674927,-1.2032828330993652,-2.3951315879821777,1
35.864,LAND,0.20287972688674927,-1.2032828330993652,-2.3951315879821777,1
35.884,LAND,0.20287972688674927,-1.2032828330993652,-2.3951315879821777,1
35.896,LAND,0.21190868318080902,-1.2063989639282227,-2.401944875717163,1
35.9,LAND,0.21190868318080902,-1.2063989639282227,-2.401944875717163,1
35.904,LAND,0.21190868318080902,-1.2063989639282227,-2.401944875717163,1
35.904,LAND,0.21190868318080902,-1.2063989639282227,-2.401944875717163,1
35.908,LAND,0.21190868318080902,-1.2063989639282227,-2.401944875717163,1
35.908,LAND,0.22114208340644836,-1.2096270322799683,-2.408848762512207,1
35.912,LAND,0.22114208340644836,-1.2096270322799683,-2.408848762512207,1
35.912,LAND,0.22114208340644836,-1.2096270322799683,-2.408848762512207,1
35.912,LAND,0.22114208340644836,-1.2096270322799683,-2.408848762512207,1
35.916,LAND,0.22742508351802826,-1.2118369340896606,-2.413513660430908,1
35.924,LAND,0.22742508351802826,-1.2118369340896606,-2.413513660430908,1
35.924,LAND,0.22742508351802826,-1.2118369340896606,-2.413513660430908,1
35.924,LAND,0.23379720747470856,-1.2140876054763794,-2.4182331562042236,1
35.936,LAND,0.23379720747470856,-1.2140876054763794,-2.4182331562042236,1
35.936,LAND,0.23379720747470856,-1.2140876054763794,-2.4182331562042236,1
35.964,LAND,0.23379720747470856,-1.2140876054763794,-2.4182331562042236,1
35.964,LAND,0.24351517856121063,-1.2175323963165283,-2.4253640174865723,1
35.964,LAND,0.24351517856121063,-1.2175323963165283,-2.4253640174865723,1
35.988,LAND,0.24351517856121063,-1.2175323963165283,-2.4253640174865723,1
35.988,LAND,0.24351517856121063,-1.2175323963165283,-2.4253640174865723,1
35.996,LAND,0.2500993609428406,-1.219865322113037,-2.4301648139953613,1
35.996,LAND,0.2500993609428406,-1.219865322113037,-2.4301648139953613,1
35.996,LAND,0.2500993609428406,-1.219865322113037,-2.4301648139953613,1
35.996,LAND,0.2500993609428406,-1.219865322113037,-2.4301648139953613,1
36.016,LAND,0.2601291835308075,-1.2234212160110474,-2.437443494796753,1
36.016,LAND,0.2601291835308075,-1.2234212160110474,-2.437443494796753,1
36.02,LAND,0.2601291835308075,-1.2234212160110474,-2.437443494796753,1
36.024,LAND,0.2601291835308075,-1.2234212160110474,-2.437443494796753,1
36.036,LAND,0.2601291835308075,-1.2234212160110474,-2.437443494796753,1
36.036,LAND,0.2601291835308075,-1.2234212160110474,-2.437443494796753,1
36.044,LAND,0.26691973209381104,-1.2258305549621582,-2.4423301219940186,1
36.056,LAND,0.26691973209381104,-1.2258305549621582,-2.4423301219940186,1
36.064,LAND,0.26691973209381104,-1.2258305549621582,-2.4423301219940186,1
36.064,LAND,0.2772538661956787,-1.2294819355010986,-2.449709415435791,1
36.068,LAND,0.2772538661956787,-1.2294819355010986,-2.449709415435791,1
36.08,LAND,0.2772538661956787,-1.2294819355010986,-2.449709415435791,1
36.08,LAND,0.28424718976020813,-1.2319499254226685,-2.4546852111816406,1
36.096,LAND,0.28424718976020813,-1.2319499254226685,-2.4546852111816406,1
36.096,LAND,0.28424718976020813,-1.2319499254226685,-2.4546852111816406,1
36.108,LAND,0.28424718976020813,-1.2319499254226685,-2.4546852111816406,1
36.108,LAND,0.29488077759742737,-1.2356928586959839,-2.4621949195861816,1
36.108,LAND,0.29488077759742737,-1.2356928586959839,-2.4621949195861816,1
36.108,LAND,0.29488077759742737,-1.2356928586959839,-2.4621949195861816,1
36.112,LAND,0.30205920338630676,-1.238215684890747,-2.4672346115112305,1
36.112,LAND,0.30205920338630676,-1.238215684890747,-2.4672346115112305,1
36.116,LAND,0.30205920338630676,-1.238215684890747,-2.4672346115112305,1
36.116,LAND,0.3129596710205078,-1.2420427799224854,-2.474853038787842,1
36.148,LAND,0.3129596710205078,-1.2420427799224854,-2.474853038787842,1
36.148,LAND,0.3240072727203369,-1.2459179162979126,-2.4825098514556885,1
36.156,LAND,0.3240072727203369,-1.2459179162979126,-2.4825098514556885,1
36.156,LAND,0.3240072727203369,-1.2459179162979126,-2.4825098514556885,1
36.168,LAND,0.3240072727203369,-1.2459179162979126,-2.4825098514556885,1
36.168,LAND,0.3240072727203369,-1.2459179162979126,-2.4825098514556885,1
36.172,LAND,0.3314555883407593,-1.248521089553833,-2.4876441955566406,1
36.172,LAND,0.3314555883407593,-1.248521089553833,-2.4876441955566406,1
36.188,LAND,0.3314555883407593,-1.248521089553833,-2.4876441955566406,1
36.192,LAND,0.3373698890209198,-1.2499420642852783,-2.4917991161346436,1
36.192,LAND,0.3373698890209198,-1.2499420642852783,-2.4917991161346436,1
36.196,LAND,0.3373698890209198,-1.2499420642852783,-2.4917991161346436,1
36.204,LAND,0.346456378698349,-1.2521954774856567,-2.4981327056884766,1
36.204,LAND,0.346456378698349,-1.2521954774856567,-2.4981327056884766,1
36.208,LAND,0.346456378698349,-1.2521954774856567,-2.4981327056884766,1
36.212,LAND,0.346456378698349,-1.2521954774856567,-2.4981327056884766,1
36.224,LAND,0.346456378698349,-1.2521954774856567,-2.4981327056884766,1
36.224,LAND,0.35267558693885803,-1.253783106803894,-2.502445936203003,1
36.228,LAND,0.35267558693885803,-1.253783106803894,-2.502445936203003,1
36.236,LAND,0.35267558693885803,-1.253783106803894,-2.502445936203003,1
36.236,LAND,0.35267558693885803,-1.253783106803894,-2.502445936203003,1
36.236,LAND,0.3622293770313263,-1.25627601146698,-2.5090558528900146,1
36.236,LAND,0.3622293770313263,-1.25627601146698,-2.5090558528900146,1
36.252,LAND,0.3622293770313263,-1.25627601146698,-2.5090558528900146,1
36.252,LAND,0.3687373399734497,-1.2580034732818604,-2.5135295391082764,1
36.26,LAND,0.3687373399734497,-1.2580034732818604,-2.5135295391082764,1
36.264,LAND,0.3687373399734497,-1.2580034732818604,-2.5135295391082764,1
36.264,LAND,0.3687373399734497,-1.2580034732818604,-2.5135295391082764,1
36.276,LAND,0.37870872020721436,-1.260690450668335,-2.5203375816345215,1
36.28,LAND,0.37870872020721436,-1.260690450668335,-2.5203375816345215,1
36.28,LAND,0.37870872020721436,-1.260690450668335,-2.5203375816345215,1
36.28,LAND,0.37870872020721436,-1.260690450668335,-2.5203375816345215,1
36.288,LAND,0.37870872020721436,-1.260690450668335,-2.5203375816345215,1
36.288,LAND,0.3854789733886719,-1.2625365257263184,-2.5249509811401367,1
36.288,LAND,0.3854789733886719,-1.2625365257263184,-2.5249509811401367,1
36.288,LAND,0.3854789733886719,-1.2625365257263184,-2.5249509811401367,1
36.308,LAND,0.3854789733886719,-1.2625365257263184,-2.5249509811401367,1
36.308,LAND,0.3958076238632202,-1.2653836011886597,-2.531942367553711,1
36.308,LAND,0.3958076238632202,-1.2653836011886597,-2.531942367553711,1
36.312,LAND,0.3958076238632202,-1.2653836011886597,-2.531942367553711,1
36.312,LAND,0.3958076238632202,-1.2653836011886597,-2.531942367553711,1
36.316,LAND,0.40281733870506287,-1.267333984375,-2.5366666316986084,1
36.32,LAND,0.40281733870506287,-1.267333984375,-2.5366666316986084,1
36.328,LAND,0.40281733870506287,-1.267333984375,-2.5366666316986084,1
36.328,LAND,0.41350287199020386,-1.2703423500061035,-2.543846845626831,1
36.332,LAND,0.41350287199020386,-1.2703423500061035,-2.543846845626831,1
36.336,LAND,0.41350287199020386,-1.2703423500061035,-2.543846845626831,1
36.348,LAND,0.41350287199020386,-1.2703423500061035,-2.543846845626831,1
36.36,LAND,0.4207364320755005,-1.2723991870880127,-2.5486721992492676,1
36.36,LAND,0.4207364320755005,-1.2723991870880127,-2.5486721992492676,1
36.364,LAND,0.4207364320755005,-1.2723991870880127,-2.5486721992492676,1
36.372,LAND,0.4207364320755005,-1.2723991870880127,-2.5486721992492676,1
36.372,LAND,0.4207364320755005,-1.2723991870880127,-2.5486721992492676,1
36.372,LAND,0.4317522943019867,-1.2755496501922607,-2.555975914001465,1
36.376,LAND,0.4317522943019867,-1.2755496501922607,-2.555975914001465,1
36.384,LAND,0.4317522943019867,-1.2755496501922607,-2.555975914001465,1
36.388,LAND,0.4391988217830658,-1.2776927947998047,-2.5609025955200195,1
36.388,LAND,0.4391988217830658,-1.2776927947998047,-2.5609025955200195,1
36.396,LAND,0.4391988217830658,-1.2776927947998047,-2.5609025955200195,1
36.396,LAND,0.4391988217830658,-1.2776927947998047,-2.5609025955200195,1
36.4,LAND,0.4505225419998169,-1.280951738357544,-2.568342447280884,1
36.404,LAND,0.4505225419998169,-1.280951738357544,-2.568342447280884,1
36.404,LAND,0.4505225419998169,-1.280951738357544,-2.568342447280884,1
36.404,LAND,0.4505225419998169,-1.280951738357544,-2.568342447280884,1
36.412,LAND,0.4581785500049591,-1.283165693283081,-2.5733511447906494,1
36.412,LAND,0.4581785500049591,-1.283165693283081,-2.5733511447906494,1
36.416,LAND,0.4581785500049591,-1.283165693283081,-2.5733511447906494,1
36.416,LAND,0.4581785500049591,-1.283165693283081,-2.5733511447906494,1
36.432,LAND,0.4698167145252228,-1.2865395545959473,-2.5809357166290283,1
36.432,LAND,0.4698167145252228,-1.2865395545959473,-2.5809357166290283,1
36.432,LAND,0.4698167145252228,-1.2865395545959473,-2.5809357166290283,1
36.432,LAND,0.4698167145252228,-1.2865395545959473,-2.5809357166290283,1
36.464,LAND,0.4698167145252228,-1.2865395545959473,-2.5809357166290283,1
36.468,LAND,0.47766613960266113,-1.2888176441192627,-2.5860233306884766,1
36.468,LAND,0.47766613960266113,-1.2888176441192627,-2.5860233306884766,1
36.476,LAND,0.47766613960266113,-1.2888176441192627,-2.5860233306884766,1
36.484,LAND,0.4895666837692261,-1.2922717332839966,-2.5936944484710693,1
36.484,LAND,0.4895666837692261,-1.2922717332839966,-2.5936944484710693,1
36.488,LAND,0.4895666837692261,-1.2922717332839966,-2.5936944484710693,1
36.496,LAND,0.4895666837692261,-1.2922717332839966,-2.5936944484710693,1
36.504,LAND,0.4895666837692261,-1.2922717332839966,-2.5936944484710693,1
36.504,LAND,0.4975951611995697,-1.2946041822433472,-2.5988588333129883,1
36.512,LAND,0.4975951611995697,-1.2946041822433472,-2.5988588333129883,1
36.516,LAND,0.4975951611995697,-1.2946041822433472,-2.5988588333129883,1
36.524,LAND,0.5097678899765015,-1.2981348037719727,-2.606614828109741,1
36.524,LAND,0.5097678899765015,-1.2981348037719727,-2.606614828109741,1
36.528,LAND,0.5097678899765015,-1.2981348037719727,-2.606614828109741,1
36.528,LAND,0.5097678899765015,-1.2981348037719727,-2.606614828109741,1
36.544,LAND,0.5161532163619995,-1.2993696928024292,-2.6107723712921143,1
36.544,LAND,0.5161532163619995,-1.2993696928024292,-2.6107723712921143,1
36.544,LAND,0.5161532163619995,-1.2993696928024292,-2.6107723712921143,1
36.544,LAND,0.5161532163619995,-1.2993696928024292,-2.6107723712921143,1
36.564,LAND,0.5260140299797058,-1.3013536930084229,-2.617157459259033,1
36.568,LAND,0.5260140299797058,-1.3013536930084229,-2.617157459259033,1
36.568,LAND,0.5260140299797058,-1.3013536930084229,-2.617157459259033,1
36.568,LAND,0.5260140299797058,-1.3013536930084229,-2.617157459259033,1
36.584,LAND,0.5260140299797058,-1.3013536930084229,-2.617157459259033,1
36.588,LAND,0.5327462553977966,-1.302748680114746,-2.621490955352783,1
36.588,LAND,0.5327462553977966,-1.302748680114746,-2.621490955352783,1
36.588,LAND,0.5327462553977966,-1.302748680114746,-2.621490955352783,1
36.604,LAND,0.5327462553977966,-1.302748680114746,-2.621490955352783,1
36.604,LAND,0.5430946946144104,-1.3049532175064087,-2.6281440258026123,1
36.604,LAND,0.5430946946144104,-1.3049532175064087,-2.6281440258026123,1
36.608,LAND,0.5430946946144104,-1.3049532175064087,-2.6281440258026123,1
36.624,LAND,0.5430946946144104,-1.3049532175064087,-2.6281440258026123,1
36.624,LAND,0.5501440167427063,-1.3064885139465332,-2.63266658782959,1
36.624,LAND,0.5501440167427063,-1.3064885139465332,-2.63266658782959,1
36.624,LAND,0.5501440167427063,-1.3064885139465332,-2.63266658782959,1
36.644,LAND,0.5501440167427063,-1.3064885139465332,-2.63266658782959,1
36.644,LAND,0.5609441995620728,-1.3088960647583008,-2.639528274536133,1
36.644,LAND,0.5609441995620728,-1.3088960647583008,-2.639528274536133,1
36.644,LAND,0.5609441995620728,-1.3088960647583008,-2.639528274536133,1
36.664,LAND,0.5609441995620728,-1.3088960647583008,-2.639528274536133,1
36.668,LAND,0.5682792663574219,-1.3105624914169312,-2.6441843509674072,1
36.668,LAND,0.5682792663574219,-1.3105624914169312,-2.6441843509674072,1
36.668,LAND,0.5682792663574219,-1.3105624914169312,-2.6441843509674072,1
36.684,LAND,0.57948237657547,-1.3131473064422607,-2.6512556076049805,1
36.688,LAND,0.57948237657547,-1.3131473064422607,-2.6512556076049805,1
36.688,LAND,0.57948237657547,-1.3131473064422607,-2.6512556076049805,1
36.688,LAND,0.57948237657547,-1.3131473064422607,-2.6512556076049805,1
36.704,LAND,0.5870758295059204,-1.314916968345642,-2.6560137271881104,1
36.708,LAND,0.5870758295059204,-1.314916968345642,-2.6560137271881104,1
36.712,LAND,0.5870758295059204,-1.314916968345642,-2.6560137271881104,1
36.716,LAND,0.5870758295059204,-1.314916968345642,-2.6560137271881104,1
36.724,LAND,0.5870758295059204,-1.314916968345642,-2.6560137271881104,1
36.724,LAND,0.5986459255218506,-1.3176381587982178,-2.663254737854004,1
36.728,LAND,0.5986459255218506,-1.3176381587982178,-2.663254737854004,1
36.728,LAND,0.5986459255218506,-1.3176381587982178,-2.663254737854004,1
36.744,LAND,0.6064790487289429,-1.319498062133789,-2.6681482791900635,1
36.744,LAND,0.6064790487289429,-1.319498062133789,-2.6681482791900635,1
36.744,LAND,0.6064790487289429,-1.319498062133789,-2.6681482791900635,1
36.744,LAND,0.6064790487289429,-1.319498062133789,-2.6681482791900635,1
36.764,LAND,0.6064790487289429,-1.319498062133789,-2.6681482791900635,1
36.768,LAND,0.6183942556381226,-1.3223471641540527,-2.675522565841675,1
36.768,LAND,0.6183942556381226,-1.3223471641540527,-2.675522565841675,1
36.772,LAND,0.6183942556381226,-1.3223471641540527,-2.675522565841675,1
36.784,LAND,0.6264415383338928,-1.3242768049240112,-2.680497407913208,1
36.788,LAND,0.6264415383338928,-1.3242768049240112,-2.680497407913208,1
36.792,LAND,0.6264415383338928,-1.3242768049240112,-2.680497407913208,1
36.792,LAND,0.6264415383338928,-1.3242768049240112,-2.680497407913208,1
36.804,LAND,0.6386626958847046,-1.3272206783294678,-2.6880204677581787,1
36.804,LAND,0.6386626958847046,-1.3272206783294678,-2.6880204677581787,1
36.804,LAND,0.6386626958847046,-1.3272206783294678,-2.6880204677581787,1
36.808,LAND,0.6386626958847046,-1.3272206783294678,-2.6880204677581787,1
36.824,LAND,0.6386626958847046,-1.3272206783294678,-2.6880204677581787,1
36.828,LAND,0.646908700466156,-1.3292150497436523,-2.6930673122406006,1
36.832,LAND,0.646908700466156,-1.3292150497436523,-2.6930673122406006,1
36.836,LAND,0.646908700466156,-1.3292150497436523,-2.6930673122406006,1
36.844,LAND,0.6594220399856567,-1.332242727279663,-2.700709342956543,1
36.844,LAND,0.6594220399856567,-1.332242727279663,-2.700709342956543,1
36.852,LAND,0.6594220399856567,-1.332242727279663,-2.700709342956543,1
36.856,LAND,0.6594220399856567,-1.332242727279663,-2.700709342956543,1
36.864,LAND,0.6594220399856567,-1.332242727279663,-2.700709342956543,1
36.868,LAND,0.6678662896156311,-1.3342987298965454,-2.70585560798645,1
36.872,LAND,0.6678662896156311,-1.3342987298965454,-2.70585560798645,1
36.876,LAND,0.6678662896156311,-1.3342987298965454,-2.70585560798645,1
36.884,LAND,0.6678662896156311,-1.3342987298965454,-2.70585560798645,1
36.888,LAND,0.680671751499176,-1.3374217748641968,-2.713582992553711,1
36.892,LAND,0.680671751499176,-1.3374217748641968,-2.713582992553711,1
36.896,LAND,0.680671751499176,-1.3374217748641968,-2.713582992553711,1
36.904,LAND,0.680671751499176,-1.3374217748641968,-2.713582992553711,1
36.908,LAND,0.6892974972724915,-1.3395262956619263,-2.7187793254852295,1
36.912,LAND,0.6892974972724915,-1.3395262956619263,-2.7187793254852295,1
36.916,LAND,0.6892974972724915,-1.3395262956619263,-2.7187793254852295,1
36.924,LAND,0.6892974972724915,-1.3395262956619263,-2.7187793254852295,1
36.928,LAND,0.7023712992668152,-1.342719316482544,-2.726623058319092,1
36.928,LAND,0.7023712992668152,-1.342719316482544,-2.726623058319092,1
36.936,LAND,0.7023712992668152,-1.342719316482544,-2.726623058319092,1
36.944,LAND,0.7091380953788757,-1.3438602685928345,-2.7307870388031006,1
36.948,LAND,0.7091380953788757,-1.3438602685928345,-2.7307870388031006,1
36.952,LAND,0.7091380953788757,-1.3438602685928345,-2.7307870388031006,1
36.956,LAND,0.7091380953788757,-1.3438602685928345,-2.7307870388031006,1
36.964,LAND,0.7091380953788757,-1.3438602685928345,-2.7307870388031006,1
36.968,LAND,0.7195819020271301,-1.345695972442627,-2.7372124195098877,1
36.972,LAND,0.7195819020271301,-1.345695972442627,-2.7372124195098877,1
36.976,LAND,0.7195819020271301,-1.345695972442627,-2.7372124195098877,1
36.984,LAND,0.7195819020271301,-1.345695972442627,-2.7372124195098877,1
36.988,LAND,0.726718544960022,-1.3469938039779663,-2.741600275039673,1
36.988,LAND,0.726718544960022,-1.3469938039779663,-2.741600275039673,1
36.992,LAND,0.726718544960022,-1.3469938039779663,-2.741600275039673,1
37.004,LAND,0.726718544960022,-1.3469938039779663,-2.741600275039673,1
37.008,LAND,0.7376698851585388,-1.3490492105484009,-2.7482733726501465,1
37.008,LAND,0.7376698851585388,-1.3490492105484009,-2.7482733726501465,1
37.016,LAND,0.7376698851585388,-1.3490492105484009,-2.7482733726501465,1
37.024,LAND,0.7376698851585388,-1.3490492105484009,-2.7482733726501465,1
37.028,LAND,0.7451310157775879,-1.3504763841629028,-2.752817392349243,1
37.032,LAND,0.7451310157775879,-1.3504763841629028,-2.752817392349243,1
37.036,LAND,0.7451310157775879,-1.3504763841629028,-2.752817392349243,1
37.044,LAND,0.7451310157775879,-1.3504763841629028,-2.752817392349243,1
37.048,LAND,0.7565533518791199,-1.3527024984359741,-2.759751319885254,1
37.052,LAND,0.7565533518791199,-1.3527024984359741,-2.759751319885254,1
37.056,LAND,0.7565533518791199,-1.3527024984359741,-2.759751319885254,1
37.064,LAND,0.7643172144889832,-1.3542362451553345,-2.764436721801758,1
37.068,LAND,0.7643172144889832,-1.3542362451553345,-2.764436721801758,1
37.072,LAND,0.7643172144889832,-1.3542362451553345,-2.764436721801758,1
37.076,LAND,0.7643172144889832,-1.3542362451553345,-2.764436721801758,1
37.084,LAND,0.7643172144889832,-1.3542362451553345,-2.764436721801758,1
37.088,LAND,0.7761737108230591,-1.3566076755523682,-2.7715864181518555,1
37.092,LAND,0.7761737108230591,-1.3566076755523682,-2.7715864181518555,1
37.096,LAND,0.7761737108230591,-1.3566076755523682,-2.7715864181518555,1
37.104,LAND,0.7761737108230591,-1.3566076755523682,-2.7715864181518555,1
37.108,LAND,0.7842077016830444,-1.358232021331787,-2.7764313220977783,1
37.112,LAND,0.7842077016830444,-1.358232021331787,-2.7764313220977783,1
37.116,LAND,0.7842077016830444,-1.358232021331787,-2.7764313220977783,1
37.124,LAND,0.7842077016830444,-1.358232021331787,-2.7764313220977783,1
37.128,LAND,0.7964429259300232,-1.3607208728790283,-2.78374981880188,1
37.132,LAND,0.7964429259300232,-1.3607208728790283,-2.78374981880188,1
37.136,LAND,0.7964429259300232,-1.3607208728790283,-2.78374981880188,1
37.144,LAND,0.7964429259300232,-1.3607208728790283,-2.78374981880188,1
37.148,LAND,0.8047209978103638,-1.3624227046966553,-2.7886946201324463,1
37.152,LAND,0.8047209978103638,-1.3624227046966553,-2.7886946201324463,1
37.156,LAND,0.8047209978103638,-1.3624227046966553,-2.7886946201324463,1
37.164,LAND,0.8173105716705322,-1.3650330305099487,-2.7961716651916504,1
37.168,LAND,0.8173105716705322,-1.3650330305099487,-2.7961716651916504,1
37.172,LAND,0.8173105716705322,-1.3650330305099487,-2.7961716651916504,1
37.176,LAND,0.8173105716705322,-1.3650330305099487,-2.7961716651916504,1
37.184,LAND,0.825805127620697,-1.366811990737915,-2.8012049198150635,1
37.188,LAND,0.825805127620697,-1.366811990737915,-2.8012049198150635,1
37.188,LAND,0.825805127620697,-1.366811990737915,-2.8012049198150635,1
37.192,LAND,0.825805127620697,-1.366811990737915,-2.8012049198150635,1
37.204,LAND,0.825805127620697,-1.366811990737915,-2.8012049198150635,1
37.208,LAND,0.8387048244476318,-1.3695276975631714,-2.808849573135376,1
37.212,LAND,0.8387048244476318,-1.3695276975631714,-2.808849573135376,1
37.216,LAND,0.8387048244476318,-1.3695276975631714,-2.808849573135376,1
37.224,LAND,0.847407341003418,-1.3713569641113281,-2.8139657974243164,1
37.228,LAND,0.847407341003418,-1.3713569641113281,-2.8139657974243164,1
37.228,LAND,0.847407341003418,-1.3713569641113281,-2.8139657974243164,1
37.236,LAND,0.847407341003418,-1.3713569641113281,-2.8139657974243164,1
37.244,LAND,0.8606105446815491,-1.3741296529769897,-2.8217148780822754,1
37.248,LAND,0.8606105446815491,-1.3741296529769897,-2.8217148780822754,1
37.252,LAND,0.8606105446815491,-1.3741296529769897,-2.8217148780822754,1
37.256,LAND,0.8606105446815491,-1.3741296529769897,-2.8217148780822754,1
37.264,LAND,0.8695045113563538,-1.3759993314743042,-2.8269338607788086,1
37.268,LAND,0.8695045113563538,-1.3759993314743042,-2.8269338607788086,1
37.272,LAND,0.8695045113563538,-1.3759993314743042,-2.8269338607788086,1
37.276,LAND,0.8695045113563538,-1.3759993314743042,-2.8269338607788086,1
37.284,LAND,0.8829779624938965,-1.378832459449768,-2.8348047733306885,1
37.288,LAND,0.8829779624938965,-1.378832459449768,-2.8348047733306885,1
37.288,LAND,0.8829779624938965,-1.378832459449768,-2.8348047733306885,1
37.292,LAND,0.8829779624938965,-1.378832459449768,-2.8348047733306885,1
37.304,LAND,0.8920431137084961,-1.3807390928268433,-2.8400866985321045,1
37.308,LAND,0.8920431137084961,-1.3807390928268433,-2.8400866985321045,1
37.312,LAND,0.8920431137084961,-1.3807390928268433,-2.8400866985321045,1
37.316,LAND,0.8920431137084961,-1.3807390928268433,-2.8400866985321045,1
37.324,LAND,0.8920431137084961,-1.3807390928268433,-2.8400866985321045,1
37.328,LAND,0.9046748280525208,-1.3831466436386108,-2.847482204437256,1
37.332,LAND,0.9046748280525208,-1.3831466436386108,-2.847482204437256,1
37.336,LAND,0.9046748280525208,-1.3831466436386108,-2.847482204437256,1
37.344,LAND,0.9046748280525208,-1.3831466436386108,-2.847482204437256,1
37.348,LAND,0.9118001461029053,-1.3841710090637207,-2.8516814708709717,1
37.352,LAND,0.9118001461029053,-1.3841710090637207,-2.8516814708709717,1
37.356,LAND,0.9118001461029053,-1.3841710090637207,-2.8516814708709717,1
37.364,LAND,0.9227774739265442,-1.385809302330017,-2.858154773712158,1
37.368,LAND,0.9227774739265442,-1.385809302330017,-2.858154773712158,1
37.368,LAND,0.9227774739265442,-1.385809302330017,-2.858154773712158,1
37.368,LAND,0.9227774739265442,-1.385809302330017,-2.858154773712158,1
37.384,LAND,0.9302805066108704,-1.386963963508606,-2.8625760078430176,1
37.388,LAND,0.9302805066108704,-1.386963963508606,-2.8625760078430176,1
37.388,LAND,0.9302805066108704,-1.386963963508606,-2.8625760078430176,1
37.396,LAND,0.9302805066108704,-1.386963963508606,-2.8625760078430176,1
37.404,LAND,0.9302805066108704,-1.386963963508606,-2.8625760078430176,1
37.408,LAND,0.9417921900749207,-1.388792634010315,-2.869319200515747,1
37.412,LAND,0.9417921900749207,-1.388792634010315,-2.869319200515747,1
37.416,LAND,0.9417921900749207,-1.388792634010315,-2.869319200515747,1
37.424,LAND,0.9496262669563293,-1.3900686502456665,-2.8739027976989746,1
37.428,LAND,0.9496262669563293,-1.3900686502456665,-2.8739027976989746,1
37.432,LAND,0.9496262669563293,-1.3900686502456665,-2.8739027976989746,1
37.436,LAND,0.9496262669563293,-1.3900686502456665,-2.8739027976989746,1
37.444,LAND,0.9616130590438843,-1.3920649290084839,-2.8809151649475098,1
37.448,LAND,0.9616130590438843,-1.3920649290084839,-2.8809151649475098,1
37.452,LAND,0.9616130590438843,-1.3920649290084839,-2.8809151649475098,1
37.456,LAND,0.9616130590438843,-1.3920649290084839,-2.8809151649475098,1
37.464,LAND,0.9616130590438843,-1.3920649290084839,-2.8809151649475098,1
37.468,LAND,0.9697538614273071,-1.3934385776519775,-2.8856382369995117,1
37.472,LAND,0.9697538614273071,-1.3934385776519775,-2.8856382369995117,1
37.476,LAND,0.9697538614273071,-1.3934385776519775,-2.8856382369995117,1
37.484,LAND,0.9697538614273071,-1.3934385776519775,-2.8856382369995117,1
37.488,LAND,0.9821695685386658,-1.395561933517456,-2.8928415775299072,1
37.492,LAND,0.9821695685386658,-1.395561933517456,-2.8928415775299072,1
37.496,LAND,0.9821695685386658,-1.395561933517456,-2.8928415775299072,1
37.504,LAND,0.9821695685386658,-1.395561933517456,-2.8928415775299072,1
37.508,LAND,0.990577220916748,-1.3970146179199219,-2.8977222442626953,1
37.508,LAND,0.990577220916748,-1.3970146179199219,-2.8977222442626953,1
37.512,LAND,0.990577220916748,-1.3970146179199219,-2.8977222442626953,1
37.524,LAND,0.990577220916748,-1.3970146179199219,-2.8977222442626953,1
37.528,LAND,1.0033891201019287,-1.3992366790771484,-2.9051170349121094,1
37.528,LAND,1.0033891201019287,-1.3992366790771484,-2.9051170349121094,1
37.536,LAND,1.0033891201019287,-1.3992366790771484,-2.9051170349121094,1
37.544,LAND,1.0033891201019287,-1.3992366790771484,-2.9051170349121094,1
37.548,LAND,1.0120515823364258,-1.4007452726364136,-2.9101028442382812,1
37.552,LAND,1.0120515823364258,-1.4007452726364136,-2.9101028442382812,1
37.552,LAND,1.0120515823364258,-1.4007452726364136,-2.9101028442382812,1
37.564,LAND,1.0120515823364258,-1.4007452726364136,-2.9101028442382812,1
37.568,LAND,1.0252236127853394,-1.403059720993042,-2.917656660079956,1
37.572,LAND,1.0252236127853394,-1.403059720993042,-2.917656660079956,1
37.576,LAND,1.0252236127853394,-1.403059720993042,-2.917656660079956,1
37.584,LAND,1.034116268157959,-1.4046318531036377,-2.922731637954712,1
37.588,LAND,1.034116268157959,-1.4046318531036377,-2.922731637954712,1
37.592,LAND,1.034116268157959,-1.4046318531036377,-2.922731637954712,1
37.596,LAND,1.034116268157959,-1.4046318531036377,-2.922731637954712,1
37.604,LAND,1.034116268157959,-1.4046318531036377,-2.922731637954712,1
37.608,LAND,1.047614574432373,-1.4070298671722412,-2.9304473400115967,1
37.612,LAND,1.047614574432373,-1.4070298671722412,-2.9304473400115967,1
37.616,LAND,1.047614574432373,-1.4070298671722412,-2.9304473400115967,1
37.624,LAND,1.056714415550232,-1.408652663230896,-2.935633897781372,1
37.628,LAND,1.056714415550232,-1.408652663230896,-2.935633897781372,1
37.632,LAND,1.056714415550232,-1.408652663230896,-2.935633897781372,1
37.632,LAND,1.056714415550232,-1.408652663230896,-2.935633897781372,1
37.644,LAND,1.056714415550232,-1.408652663230896,-2.935633897781372,1
37.648,LAND,1.0705145597457886,-1.4111213684082031,-2.9434757232666016,1
37.652,LAND,1.0705145597457886,-1.4111213684082031,-2.9434757232666016,1
37.656,LAND,1.0705145597457886,-1.4111213684082031,-2.9434757232666016,1
37.664,LAND,1.0705145597457886,-1.4111213684082031,-2.9434757232666016,1
37.668,LAND,1.0798064470291138,-1.4127863645553589,-2.948761224746704,1
37.672,LAND,1.0798064470291138,-1.4127863645553589,-2.948761224746704,1
37.676,LAND,1.0798064470291138,-1.4127863645553589,-2.948761224746704,1
37.684,LAND,1.0798064470291138,-1.4127863645553589,-2.948761224746704,1
37.684,LAND,1.0938712358474731,-1.4153087139129639,-2.9567551612854004,1
37.688,LAND,1.0938712358474731,-1.4153087139129639,-2.9567551612854004,1
37.696,LAND,1.0938712358474731,-1.4153087139129639,-2.9567551612854004,1
37.704,LAND,1.1033291816711426,-1.4170066118240356,-2.962113618850708,1
37.708,LAND,1.1033291816711426,-1.4170066118240356,-2.962113618850708,1
37.712,LAND,1.1033291816711426,-1.4170066118240356,-2.962113618850708,1
37.716,LAND,1.1033291816711426,-1.4170066118240356,-2.962113618850708,1
37.724,LAND,1.1033291816711426,-1.4170066118240356,-2.962113618850708,1
37.728,LAND,1.1176387071609497,-1.419577956199646,-2.970227003097534,1
37.732,LAND,1.1176387071609497,-1.419577956199646,-2.970227003097534,1
37.736,LAND,1.1176387071609497,-1.419577956199646,-2.970227003097534,1
37.744,LAND,1.1176387071609497,-1.419577956199646,-2.970227003097534,1
37.748,LAND,1.1249531507492065,-1.420400619506836,-2.974452257156372,1
37.752,LAND,1.1249531507492065,-1.420400619506836,-2.974452257156372,1
37.756,LAND,1.1249531507492065,-1.420400619506836,-2.974452257156372,1
37.764,LAND,1.1249531507492065,-1.420400619506836,-2.974452257156372,1
37.768,LAND,1.1362334489822388,-1.4217408895492554,-2.980978012084961,1
37.772,LAND,1.1362334489822388,-1.4217408895492554,-2.980978012084961,1
37.776,LAND,1.1362334489822388,-1.4217408895492554,-2.980978012084961,1
37.784,LAND,1.1362334489822388,-1.4217408895492554,-2.980978012084961,1
37.788,LAND,1.1439456939697266,-1.4227005243301392,-2.9854445457458496,1
37.792,LAND,1.1439456939697266,-1.4227005243301392,-2.9854445457458496,1
37.796,LAND,1.1439456939697266,-1.4227005243301392,-2.9854445457458496,1
37.804,LAND,1.1439456939697266,-1.4227005243301392,-2.9854445457458496,1
37.804,LAND,1.1557813882827759,-1.424226999282837,-2.992250919342041,1
37.812,LAND,1.1557813882827759,-1.424226999282837,-2.992250919342041,1
37.816,LAND,1.1557813882827759,-1.424226999282837,-2.992250919342041,1
37.824,LAND,1.1557813882827759,-1.424226999282837,-2.992250919342041,1
37.828,LAND,1.1638431549072266,-1.4252943992614746,-2.996894359588623,1
37.832,LAND,1.1638431549072266,-1.4252943992614746,-2.996894359588623,1
37.836,LAND,1.1638431549072266,-1.4252943992614746,-2.996894359588623,1
37.844,LAND,1.1761698722839355,-1.4269630908966064,-3.004002332687378,1
37.848,LAND,1.1761698722839355,-1.4269630908966064,-3.004002332687378,1
37.852,LAND,1.1761698722839355,-1.4269630908966064,-3.004002332687378,1
37.856,LAND,1.1761698722839355,-1.4269630908966064,-3.004002332687378,1
37.864,LAND,1.1761698722839355,-1.4269630908966064,-3.004002332687378,1
37.868,LAND,1.1845381259918213,-1.4281178712844849,-3.0087954998016357,1
37.872,LAND,1.1845381259918213,-1.4281178712844849,-3.0087954998016357,1
37.876,LAND,1.1845381259918213,-1.4281178712844849,-3.0087954998016357,1
37.884,LAND,1.1845381259918213,-1.4281178712844849,-3.0087954998016357,1
37.888,LAND,1.1973148584365845,-1.4299145936965942,-3.016127347946167,1
37.892,LAND,1.1973148584365845,-1.4299145936965942,-3.016127347946167,1
37.896,LAND,1.1973148584365845,-1.4299145936965942,-3.016127347946167,1
37.904,LAND,1.1973148584365845,-1.4299145936965942,-3.016127347946167,1
37.908,LAND,1.2059710025787354,-1.4311556816101074,-3.021103858947754,1
37.912,LAND,1.2059710025787354,-1.4311556816101074,-3.021103858947754,1
37.916,LAND,1.2059710025787354,-1.4311556816101074,-3.021103858947754,1
37.924,LAND,1.2059710025787354,-1.4311556816101074,-3.021103858947754,1
37.928,LAND,1.2191401720046997,-1.4330735206604004,-3.028639316558838,1
37.932,LAND,1.2191401720046997,-1.4330735206604004,-3.028639316558838,1
37.936,LAND,1.2191401720046997,-1.4330735206604004,-3.028639316558838,1
37.944,LAND,1.2191401720046997,-1.4330735206604004,-3.028639316558838,1
37.948,LAND,1.2280441522598267,-1.4343866109848022,-3.0337424278259277,1
37.952,LAND,1.2280441522598267,-1.4343866109848022,-3.0337424278259277,1
37.956,LAND,1.2280441522598267,-1.4343866109848022,-3.0337424278259277,1
37.964,LAND,1.2415685653686523,-1.4363982677459717,-3.0415024757385254,1
37.968,LAND,1.2415685653686523,-1.4363982677459717,-3.0415024757385254,1
37.972,LAND,1.2415685653686523,-1.4363982677459717,-3.0415024757385254,1
37.976,LAND,1.2415685653686523,-1.4363982677459717,-3.0415024757385254,1
37.984,LAND,1.2506911754608154,-1.437756896018982,-3.0467023849487305,1
37.988,LAND,1.2506911754608154,-1.437756896018982,-3.0467023849487305,1
37.992,LAND,1.2506911754608154,-1.437756896018982,-3.0467023849487305,1
37.992,LAND,1.2506911754608154,-1.437756896018982,-3.0467023849487305,1
38.004,LAND,1.2645342350006104,-1.4398316144943237,-3.054598331451416,1
38.008,LAND,1.2645342350006104,-1.4398316144943237,-3.054598331451416,1
38.008,LAND,1.2645342350006104,-1.4398316144943237,-3.054598331451416,1
38.008,LAND,1.2645342350006104,-1.4398316144943237,-3.054598331451416,1
38.024,LAND,1.2645342350006104,-1.4398316144943237,-3.054598331451416,1
38.028,LAND,1.2738662958145142,-1.4412323236465454,-3.0599238872528076,1
38.032,LAND,1.2738662958145142,-1.4412323236465454,-3.0599238872528076,1
38.036,LAND,1.2738662958145142,-1.4412323236465454,-3.0599238872528076,1
38.044,LAND,1.2880109548568726,-1.4433636665344238,-3.0679478645324707,1
38.044,LAND,1.2880109548568726,-1.4433636665344238,-3.0679478645324707,1
38.048,LAND,1.2880109548568726,-1.4433636665344238,-3.0679478645324707,1
38.056,LAND,1.2880109548568726,-1.4433636665344238,-3.0679478645324707,1
38.064,LAND,1.2880109548568726,-1.4433636665344238,-3.0679478645324707,1
38.068,LAND,1.297529935836792,-1.4448033571243286,-3.0733563899993896,1
38.072,LAND,1.297529935836792,-1.4448033571243286,-3.0733563899993896,1
38.076,LAND,1.297529935836792,-1.4448033571243286,-3.0733563899993896,1
38.084,LAND,1.3119527101516724,-1.44698965549469,-3.0815436840057373,1
38.088,LAND,1.3119527101516724,-1.44698965549469,-3.0815436840057373,1
38.088,LAND,1.3119527101516724,-1.44698965549469,-3.0815436840057373,1
38.088,LAND,1.3119527101516724,-1.44698965549469,-3.0815436840057373,1
38.104,LAND,1.3119527101516724,-1.44698965549469,-3.0815436840057373,1
38.108,LAND,1.3216488361358643,-1.4484652280807495,-3.0870118141174316,1
38.112,LAND,1.3216488361358643,-1.4484652280807495,-3.0870118141174316,1
38.116,LAND,1.3216488361358643,-1.4484652280807495,-3.0870118141174316,1
38.124,LAND,1.3216488361358643,-1.4484652280807495,-3.0870118141174316,1
38.128,LAND,1.3363234996795654,-1.4507009983062744,-3.0952939987182617,1
38.132,LAND,1.3363234996795654,-1.4507009983062744,-3.0952939987182617,1
38.136,LAND,1.3363234996795654,-1.4507009983062744,-3.0952939987182617,1
38.144,LAND,1.343885064125061,-1.4513957500457764,-3.0996062755584717,1
38.148,LAND,1.343885064125061,-1.4513957500457764,-3.0996062755584717,1
38.152,LAND,1.343885064125061,-1.4513957500457764,-3.0996062755584717,1
38.156,LAND,1.343885064125061,-1.4513957500457764,-3.0996062755584717,1
38.164,LAND,1.343885064125061,-1.4513957500457764,-3.0996062755584717,1
38.164,LAND,1.3555376529693604,-1.4525364637374878,-3.1062135696411133,1
38.172,LAND,1.3555376529693604,-1.4525364637374878,-3.1062135696411133,1
38.176,LAND,1.3555376529693604,-1.4525364637374878,-3.1062135696411133,1
38.184,LAND,1.3555376529693604,-1.4525364637374878,-3.1062135696411133,1
38.188,LAND,1.3635034561157227,-1.453352451324463,-3.110745668411255,1
38.192,LAND,1.3635034561157227,-1.453352451324463,-3.110745668411255,1
38.196,LAND,1.3635034561157227,-1.453352451324463,-3.110745668411255,1
38.204,LAND,1.3635034561157227,-1.453352451324463,-3.110745668411255,1
38.208,LAND,1.3757176399230957,-1.4546475410461426,-3.1177194118499756,1
38.212,LAND,1.3757176399230957,-1.4546475410461426,-3.1177194118499756,1
38.216,LAND,1.3757176399230957,-1.4546475410461426,-3.1177194118499756,1
38.224,LAND,1.384029746055603,-1.4555553197860718,-3.1224453449249268,1
38.228,LAND,1.384029746055603,-1.4555553197860718,-3.1224453449249268,1
38.232,LAND,1.384029746055603,-1.4555553197860718,-3.1224453449249268,1
38.236,LAND,1.384029746055603,-1.4555553197860718,-3.1224453449249268,1
38.244,LAND,1.384029746055603,-1.4555553197860718,-3.1224453449249268,1
38.248,LAND,1.396751046180725,-1.456986427307129,-3.1296966075897217,1
38.252,LAND,1.396751046180725,-1.456986427307129,-3.1296966075897217,1
38.256,LAND,1.396751046180725,-1.456986427307129,-3.1296966075897217,1
38.264,LAND,1.396751046180725,-1.456986427307129,-3.1296966075897217,1
38.268,LAND,1.4053866863250732,-1.4579825401306152,-3.1346333026885986,1
38.272,LAND,1.4053866863250732,-1.4579825401306152,-3.1346333026885986,1
38.276,LAND,1.4053866863250732,-1.4579825401306152,-3.1346333026885986,1
38.284,LAND,1.4053866863250732,-1.4579825401306152,-3.1346333026885986,1
38.288,LAND,1.4185539484024048,-1.4595286846160889,-3.1421260833740234,1
38.292,LAND,1.4185539484024048,-1.4595286846160889,-3.1421260833740234,1
38.296,LAND,1.4185539484024048,-1.4595286846160889,-3.1421260833740234,1
38.304,LAND,1.4185539484024048,-1.4595286846160889,-3.1421260833740234,1
38.308,LAND,1.427466630935669,-1.4605929851531982,-3.147216320037842,1
38.312,LAND,1.427466630935669,-1.4605929851531982,-3.147216320037842,1
38.316,LAND,1.427466630935669,-1.4605929851531982,-3.147216320037842,1
38.324,LAND,1.427466630935669,-1.4605929851531982,-3.147216320037842,1
38.328,LAND,1.4410375356674194,-1.4622414112091064,-3.1549806594848633,1
38.332,LAND,1.4410375356674194,-1.4622414112091064,-3.1549806594848633,1
38.336,LAND,1.4410375356674194,-1.4622414112091064,-3.1549806594848633,1
38.344,LAND,1.4410375356674194,-1.4622414112091064,-3.1549806594848633,1
38.348,LAND,1.4502084255218506,-1.4633687734603882,-3.1601953506469727,1
38.352,LAND,1.4502084255218506,-1.4633687734603882,-3.1601953506469727,1
38.356,LAND,1.4502084255218506,-1.4633687734603882,-3.1601953506469727,1
38.364,LAND,1.4641335010528564,-1.4650989770889282,-3.1681315898895264,1
38.368,LAND,1.4641335010528564,-1.4650989770889282,-3.1681315898895264,1
38.368,LAND,1.4641335010528564,-1.4650989770889282,-3.1681315898895264,1
38.376,LAND,1.4641335010528564,-1.4650989770889282,-3.1681315898895264,1
38.384,LAND,1.4641335010528564,-1.4650989770889282,-3.1681315898895264,1
38.388,LAND,1.4735256433486938,-1.4662747383117676,-3.1734931468963623,1
38.392,LAND,1.4735256433486938,-1.4662747383117676,-3.1734931468963623,1
38.396,LAND,1.4735256433486938,-1.4662747383117676,-3.1734931468963623,1
38.404,LAND,1.4877662658691406,-1.4680731296539307,-3.1815741062164307,1
38.408,LAND,1.4877662658691406,-1.4680731296539307,-3.1815741062164307,1
38.412,LAND,1.4877662658691406,-1.4680731296539307,-3.1815741062164307,1
38.416,LAND,1.4877662658691406,-1.4680731296539307,-3.1815741062164307,1
38.424,LAND,1.4877662658691406,-1.4680731296539307,-3.1815741062164307,1
38.428,LAND,1.4973617792129517,-1.4692922830581665,-3.1870293617248535,1
38.432,LAND,1.4973617792129517,-1.4692922830581665,-3.1870293617248535,1
38.436,LAND,1.4973617792129517,-1.4692922830581665,-3.1870293617248535,1
38.444,LAND,1.4973617792129517,-1.4692922830581665,-3.1870293617248535,1
38.448,LAND,1.5119010210037231,-1.4711380004882812,-3.1953015327453613,1
38.452,LAND,1.5119010210037231,-1.4711380004882812,-3.1953015327453613,1
38.456,LAND,1.5119010210037231,-1.4711380004882812,-3.1953015327453613,1
38.464,LAND,1.5119010210037231,-1.4711380004882812,-3.1953015327453613,1
38.468,LAND,1.5216875076293945,-1.4723838567733765,-3.2008397579193115,1
38.472,LAND,1.5216875076293945,-1.4723838567733765,-3.2008397579193115,1
38.476,LAND,1.5216875076293945,-1.4723838567733765,-3.2008397579193115,1
38.484,LAND,1.5216875076293945,-1.4723838567733765,-3.2008397579193115,1
38.488,LAND,1.5364936590194702,-1.474277138710022,-3.2092437744140625,1
38.492,LAND,1.5364936590194702,-1.474277138710022,-3.2092437744140625,1
38.496,LAND,1.5364936590194702,-1.474277138710022,-3.2092437744140625,1
38.504,LAND,1.5364936590194702,-1.474277138710022,-3.2092437744140625,1
38.508,LAND,1.5464496612548828,-1.4755467176437378,-3.2149033546447754,1
38.512,LAND,1.5464496612548828,-1.4755467176437378,-3.2149033546447754,1
38.516,LAND,1.5464496612548828,-1.4755467176437378,-3.2149033546447754,1
38.524,LAND,1.5464496612548828,-1.4755467176437378,-3.2149033546447754,1
38.528,LAND,1.561501383781433,-1.477461576461792,-3.2234108448028564,1
38.532,LAND,1.561501383781433,-1.477461576461792,-3.2234108448028564,1
38.536,LAND,1.561501383781433,-1.477461576461792,-3.2234108448028564,1
38.544,LAND,1.561501383781433,-1.477461576461792,-3.2234108448028564,1
38.548,LAND,1.5691828727722168,-1.4779915809631348,-3.2278263568878174,1
38.552,LAND,1.5691828727722168,-1.4779915809631348,-3.2278263568878174,1
38.556,LAND,1.5691828727722168,-1.4779915809631348,-3.2278263568878174,1
38.564,LAND,1.5810097455978394,-1.4788789749145508,-3.23465633392334,1
38.568,LAND,1.5810097455978394,-1.4788789749145508,-3.23465633392334,1
38.572,LAND,1.5810097455978394,-1.4788789749145508,-3.23465633392334,1
38.576,LAND,1.5810097455978394,-1.4788789749145508,-3.23465633392334,1
38.584,LAND,1.5890889167785645,-1.479526162147522,-3.239298105239868,1
38.588,LAND,1.5890889167785645,-1.479526162147522,-3.239298105239868,1
38.592,LAND,1.5890889167785645,-1.479526162147522,-3.239298105239868,1
38.596,LAND,1.5890889167785645,-1.479526162147522,-3.239298105239868,1
38.604,LAND,1.5890889167785645,-1.479526162147522,-3.239298105239868,1
38.608,LAND,1.6014846563339233,-1.4805755615234375,-3.246450901031494,1
38.612,LAND,1.6014846563339233,-1.4805755615234375,-3.246450901031494,1
38.616,LAND,1.6014846563339233,-1.4805755615234375,-3.246450901031494,1
38.624,LAND,1.6014846563339233,-1.4805755615234375,-3.246450901031494,1
38.628,LAND,1.6099181175231934,-1.481319785118103,-3.251335382461548,1
38.632,LAND,1.6099181175231934,-1.481319785118103,-3.251335382461548,1
38.636,LAND,1.6099181175231934,-1.481319785118103,-3.251335382461548,1
38.644,LAND,1.6099181175231934,-1.481319785118103,-3.251335382461548,1
38.648,LAND,1.6228066682815552,-1.482498049736023,-3.258765935897827,1
38.652,LAND,1.6228066682815552,-1.482498049736023,-3.258765935897827,1
38.656,LAND,1.6228066682815552,-1.482498049736023,-3.258765935897827,1
38.664,LAND,1.6228066682815552,-1.482498049736023,-3.258765935897827,1
38.668,LAND,1.6315505504608154,-1.4833177328109741,-3.263824462890625,1
38.672,LAND,1.6315505504608154,-1.4833177328109741,-3.263824462890625,1
38.676,LAND,1.6315505504608154,-1.4833177328109741,-3.263824462890625,1
38.684,LAND,1.6448798179626465,-1.484597086906433,-3.2715635299682617,1
38.688,LAND,1.6448798179626465,-1.484597086906433,-3.2715635299682617,1
38.692,LAND,1.6448798179626465,-1.484597086906433,-3.2715635299682617,1
38.696,LAND,1.6448798179626465,-1.484597086906433,-3.2715635299682617,1
38.704,LAND,1.6448798179626465,-1.484597086906433,-3.2715635299682617,1
38.708,LAND,1.653903841972351,-1.4854782819747925,-3.2767746448516846,1
38.712,LAND,1.653903841972351,-1.4854782819747925,-3.2767746448516846,1
38.716,LAND,1.653903841972351,-1.4854782819747925,-3.2767746448516846,1
38.724,LAND,1.653903841972351,-1.4854782819747925,-3.2767746448516846,1
38.728,LAND,1.667622685432434,-1.4868532419204712,-3.284724235534668,1
38.732,LAND,1.667622685432434,-1.4868532419204712,-3.284724235534668,1
38.732,LAND,1.667622685432434,-1.4868532419204712,-3.284724235534668,1
38.744,LAND,1.6768807172775269,-1.4878004789352417,-3.290109634399414,1
38.748,LAND,1.6768807172775269,-1.4878004789352417,-3.290109634399414,1
38.752,LAND,1.6768807172775269,-1.4878004789352417,-3.290109634399414,1
38.756,LAND,1.6768807172775269,-1.4878004789352417,-3.290109634399414,1
38.764,LAND,1.690935730934143,-1.4892722368240356,-3.2982425689697266,1
38.764,LAND,1.690935730934143,-1.4892722368240356,-3.2982425689697266,1
38.768,LAND,1.690935730934143,-1.4892722368240356,-3.2982425689697266,1
38.772,LAND,1.690935730934143,-1.4892722368240356,-3.2982425689697266,1
38.784,LAND,1.690935730934143,-1.4892722368240356,-3.2982425689697266,1
38.788,LAND,1.7004090547561646,-1.4902719259262085,-3.303746461868286,1
38.792,LAND,1.7004090547561646,-1.4902719259262085,-3.303746461868286,1
38.792,LAND,1.7004090547561646,-1.4902719259262085,-3.303746461868286,1
38.804,LAND,1.7147713899612427,-1.4918044805526733,-3.3121063709259033,1
38.808,LAND,1.7147713899612427,-1.4918044805526733,-3.3121063709259033,1
38.812,LAND,1.7147713899612427,-1.4918044805526733,-3.3121063709259033,1
38.812,LAND,1.7147713899612427,-1.4918044805526733,-3.3121063709259033,1
38.824,LAND,1.7244389057159424,-1.4928468465805054,-3.3177073001861572,1
38.828,LAND,1.7244389057159424,-1.4928468465805054,-3.3177073001861572,1
38.832,LAND,1.7244389057159424,-1.4928468465805054,-3.3177073001861572,1
38.836,LAND,1.7244389057159424,-1.4928468465805054,-3.3177073001861572,1
38.844,LAND,1.7390735149383545,-1.4944366216659546,-3.326211929321289,1
38.844,LAND,1.7390735149383545,-1.4944366216659546,-3.326211929321289,1
38.852,LAND,1.7390735149383545,-1.4944366216659546,-3.326211929321289,1
38.852,LAND,1.7390735149383545,-1.4944366216659546,-3.326211929321289,1
38.864,LAND,1.7489128112792969,-1.4955132007598877,-3.331941843032837,1
38.868,LAND,1.7489128112792969,-1.4955132007598877,-3.331941843032837,1
38.872,LAND,1.7489128112792969,-1.4955132007598877,-3.331941843032837,1
38.876,LAND,1.7489128112792969,-1.4955132007598877,-3.331941843032837,1
38.884,LAND,1.7638020515441895,-1.497151494026184,-3.3405654430389404,1
38.888,LAND,1.7638020515441895,-1.497151494026184,-3.3405654430389404,1
38.892,LAND,1.7638020515441895,-1.497151494026184,-3.3405654430389404,1
38.896,LAND,1.7638020515441895,-1.497151494026184,-3.3405654430389404,1
38.904,LAND,1.7638020515441895,-1.497151494026184,-3.3405654430389404,1
38.908,LAND,1.7738059759140015,-1.498254656791687,-3.3463737964630127,1
38.912,LAND,1.7738059759140015,-1.498254656791687,-3.3463737964630127,1
38.916,LAND,1.7738059759140015,-1.498254656791687,-3.3463737964630127,1
38.924,LAND,1.7738059759140015,-1.498254656791687,-3.3463737964630127,1
38.928,LAND,1.7889186143875122,-1.49993097782135,-3.355177640914917,1
38.932,LAND,1.7889186143875122,-1.49993097782135,-3.355177640914917,1
38.936,LAND,1.7889186143875122,-1.49993097782135,-3.355177640914917,1
38.944,LAND,1.7965476512908936,-1.5003058910369873,-3.359739303588867,1
38.944,LAND,1.7965476512908936,-1.5003058910369873,-3.359739303588867,1
38.952,LAND,1.7965476512908936,-1.5003058910369873,-3.359739303588867,1
38.956,LAND,1.7965476512908936,-1.5003058910369873,-3.359739303588867,1
38.964,LAND,1.8083068132400513,-1.5009506940841675,-3.36679744720459,1
38.968,LAND,1.8083068132400513,-1.5009506940841675,-3.36679744720459,1
38.972,LAND,1.8083068132400513,-1.5009506940841675,-3.36679744720459,1
38.972,LAND,1.8083068132400513,-1.5009506940841675,-3.36679744720459,1
38.984,LAND,1.8083068132400513,-1.5009506940841675,-3.36679744720459,1
38.988,LAND,1.8163410425186157,-1.5014363527297974,-3.3716418743133545,1
38.992,LAND,1.8163410425186157,-1.5014363527297974,-3.3716418743133545,1
38.996,LAND,1.8163410425186157,-1.5014363527297974,-3.3716418743133545,1
39.0,LAND,1.8286784887313843,-1.5022367238998413,-3.3790462017059326,1
39.004,LAND,1.8286784887313843,-1.5022367238998413,-3.3790462017059326,1
39.004,LAND,1.8286784887313843,-1.5022367238998413,-3.3790462017059326,1
39.004,LAND,1.8286784887313843,-1.5022367238998413,-3.3790462017059326,1
39.004,LAND,1.8286784887313843,-1.5022367238998413,-3.3790462017059326,1
39.008,LAND,1.8370720148086548,-1.5028150081634521,-3.3841006755828857,1
39.028,LAND,1.8370720148086548,-1.5028150081634521,-3.3841006755828857,1
39.04,LAND,1.8370720148086548,-1.5028150081634521,-3.3841006755828857,1
39.044,LAND,1.8370720148086548,-1.5028150081634521,-3.3841006755828857,1
39.048,LAND,1.8499059677124023,-1.5037450790405273,-3.391855239868164,1
39.056,LAND,1.8499059677124023,-1.5037450790405273,-3.391855239868164,1
39.056,LAND,1.8499059677124023,-1.5037450790405273,-3.391855239868164,1
39.068,LAND,1.858609914779663,-1.5044020414352417,-3.397088050842285,1
39.068,LAND,1.858609914779663,-1.5044020414352417,-3.397088050842285,1
39.068,LAND,1.858609914779663,-1.5044020414352417,-3.397088050842285,1
39.068,LAND,1.858609914779663,-1.5044020414352417,-3.397088050842285,1
39.072,LAND,1.871883511543274,-1.505436897277832,-3.405097246170044,1
39.084,LAND,1.871883511543274,-1.505436897277832,-3.405097246170044,1
39.092,LAND,1.871883511543274,-1.505436897277832,-3.405097246170044,1
39.092,LAND,1.871883511543274,-1.505436897277832,-3.405097246170044,1
39.092,LAND,1.8808643817901611,-1.5061602592468262,-3.410539388656616,1
39.092,LAND,1.8808643817901611,-1.5061602592468262,-3.410539388656616,1
39.1,LAND,1.8808643817901611,-1.5061602592468262,-3.410539388656616,1
39.1,LAND,1.8808643817901611,-1.5061602592468262,-3.410539388656616,1
39.12,LAND,1.894526720046997,-1.507287621498108,-3.418781042098999,1
39.124,LAND,1.894526720046997,-1.507287621498108,-3.418781042098999,1
39.124,LAND,1.894526720046997,-1.507287621498108,-3.418781042098999,1
39.14,LAND,1.894526720046997,-1.507287621498108,-3.418781042098999,1
39.14,LAND,1.894526720046997,-1.507287621498108,-3.418781042098999,1
39.144,LAND,1.903751015663147,-1.5080658197402954,-3.4243686199188232,1
39.148,LAND,1.903751015663147,-1.5080658197402954,-3.4243686199188232,1
39.148,LAND,1.903751015663147,-1.5080658197402954,-3.4243686199188232,1
39.148,LAND,1.903751015663147,-1.5080658197402954,-3.4243686199188232,1
39.148,LAND,1.9177441596984863,-1.5092685222625732,-3.432880163192749,1
39.148,LAND,1.9177441596984863,-1.5092685222625732,-3.432880163192749,1
39.148,LAND,1.9177441596984863,-1.5092685222625732,-3.432880163192749,1
39.188,LAND,1.9177441596984863,-1.5092685222625732,-3.432880163192749,1
39.192,LAND,1.927186131477356,-1.5100898742675781,-3.438600540161133,1
39.192,LAND,1.927186131477356,-1.5100898742675781,-3.438600540161133,1
39.192,LAND,1.927186131477356,-1.5100898742675781,-3.438600540161133,1
39.192,LAND,1.94148850440979,-1.5113497972488403,-3.4472930431365967,1
39.192,LAND,1.94148850440979,-1.5113497972488403,-3.4472930431365967,1
39.192,LAND,1.94148850440979,-1.5113497972488403,-3.4472930431365967,1
39.192,LAND,1.94148850440979,-1.5113497972488403,-3.4472930431365967,1
39.224,LAND,1.9511122703552246,-1.5122076272964478,-3.453160285949707,1
39.228,LAND,1.9511122703552246,-1.5122076272964478,-3.453160285949707,1
39.236,LAND,1.9511122703552246,-1.5122076272964478,-3.453160285949707,1
39.24,LAND,1.9511122703552246,-1.5122076272964478,-3.453160285949707,1
39.24,LAND,1.9656734466552734,-1.5135273933410645,-3.462010145187378,1
39.24,LAND,1.9656734466552734,-1.5135273933410645,-3.462010145187378,1
39.244,LAND,1.9656734466552734,-1.5135273933410645,-3.462010145187378,1
39.256,LAND,1.9656734466552734,-1.5135273933410645,-3.462010145187378,1
39.264,LAND,1.9754574298858643,-1.514417052268982,-3.467977523803711,1
39.264,LAND,1.9754574298858643,-1.514417052268982,-3.467977523803711,1
39.264,LAND,1.9754574298858643,-1.514417052268982,-3.467977523803711,1
39.28,LAND,1.9754574298858643,-1.514417052268982,-3.467977523803711,1
39.284,LAND,1.9902364015579224,-1.515760064125061,-3.477020025253296,1
39.284,LAND,1.9902364015579224,-1.515760064125061,-3.477020025253296,1
39.284,LAND,1.9902364015579224,-1.515760064125061,-3.477020025253296,1
39.284,LAND,1.9902364015579224,-1.515760064125061,-3.477020025253296,1
39.284,LAND,2.0001797676086426,-1.516668677330017,-3.483076333999634,1
39.284,LAND,2.0001797676086426,-1.516668677330017,-3.483076333999634,1
39.316,LAND,2.0001797676086426,-1.516668677330017,-3.483076333999634,1
39.316,LAND,2.0001797676086426,-1.516668677330017,-3.483076333999634,1
39.32,LAND,2.015195369720459,-1.5180500745773315,-3.4922502040863037,1
39.332,LAND,2.015195369720459,-1.5180500745773315,-3.4922502040863037,1
39.336,LAND,2.015195369720459,-1.5180500745773315,-3.4922502040863037,1
39.34,LAND,2.015195369720459,-1.5180500745773315,-3.4922502040863037,1
39.344,LAND,2.022660732269287,-1.518304705619812,-3.4969642162323,1
39.344,LAND,2.022660732269287,-1.518304705619812,-3.4969642162323,1
39.344,LAND,2.022660732269287,-1.518304705619812,-3.4969642162323,1
39.344,LAND,2.022660732269287,-1.518304705619812,-3.4969642162323,1
39.352,LAND,2.0341625213623047,-1.5187697410583496,-3.5041956901550293,1
39.372,LAND,2.0341625213623047,-1.5187697410583496,-3.5041956901550293,1
39.372,LAND,2.0341625213623047,-1.5187697410583496,-3.5041956901550293,1
39.372,LAND,2.0341625213623047,-1.5187697410583496,-3.5041956901550293,1
39.372,LAND,2.042029619216919,-1.5191255807876587,-3.5091605186462402,1
39.372,LAND,2.042029619216919,-1.5191255807876587,-3.5091605186462402,1
39.4,LAND,2.042029619216919,-1.5191255807876587,-3.5091605186462402,1
39.404,LAND,2.042029619216919,-1.5191255807876587,-3.5091605186462402,1
39.404,LAND,2.042029619216919,-1.5191255807876587,-3.5091605186462402,1
39.404,LAND,2.0541069507598877,-1.5197170972824097,-3.5168142318725586,1
39.404,LAND,2.0541069507598877,-1.5197170972824097,-3.5168142318725586,1
39.404,LAND,2.0541069507598877,-1.5197170972824097,-3.5168142318725586,1
39.428,LAND,2.062337636947632,-1.520145058631897,-3.5219995975494385,1
39.432,LAND,2.062337636947632,-1.520145058631897,-3.5219995975494385,1
39.436,LAND,2.062337636947632,-1.520145058631897,-3.5219995975494385,1
39.436,LAND,2.062337636947632,-1.520145058631897,-3.5219995975494385,1
39.436,LAND,2.0749306678771973,-1.5208383798599243,-3.5299506187438965,1
39.44,LAND,2.0749306678771973,-1.5208383798599243,-3.5299506187438965,1
39.46,LAND,2.0749306678771973,-1.5208383798599243,-3.5299506187438965,1
39.464,LAND,2.0749306678771973,-1.5208383798599243,-3.5299506187438965,1
39.468,LAND,2.0749306678771973,-1.5208383798599243,-3.5299506187438965,1
39.476,LAND,2.08347225189209,-1.5213311910629272,-3.53536319732666,1
39.48,LAND,2.08347225189209,-1.5213311910629272,-3.53536319732666,1
39.48,LAND,2.08347225189209,-1.5213311910629272,-3.53536319732666,1
39.48,LAND,2.08347225189209,-1.5213311910629272,-3.53536319732666,1
39.48,LAND,2.0964906215667725,-1.522118330001831,-3.5435779094696045,1
39.48,LAND,2.0964906215667725,-1.522118330001831,-3.5435779094696045,1
39.48,LAND,2.0964906215667725,-1.522118330001831,-3.5435779094696045,1
39.48,LAND,2.0964906215667725,-1.522118330001831,-3.5435779094696045,1
39.512,LAND,2.0964906215667725,-1.522118330001831,-3.5435779094696045,1
39.516,LAND,2.105299711227417,-1.5226764678955078,-3.5491554737091064,1
39.52,LAND,2.105299711227417,-1.5226764678955078,-3.5491554737091064,1
39.52,LAND,2.105299711227417,-1.5226764678955078,-3.5491554737091064,1
39.52,LAND,2.118696451187134,-1.5235557556152344,-3.557623863220215,1
39.524,LAND,2.118696451187134,-1.5235557556152344,-3.557623863220215,1
39.528,LAND,2.118696451187134,-1.5235557556152344,-3.557623863220215,1
39.544,LAND,2.118696451187134,-1.5235557556152344,-3.557623863220215,1
39.544,LAND,2.1277432441711426,-1.5241693258285522,-3.5633444786071777,1
39.548,LAND,2.1277432441711426,-1.5241693258285522,-3.5633444786071777,1
39.564,LAND,2.1277432441711426,-1.5241693258285522,-3.5633444786071777,1
39.572,LAND,2.1277432441711426,-1.5241693258285522,-3.5633444786071777,1
39.572,LAND,2.141474485397339,-1.5251224040985107,-3.5720574855804443,1
39.572,LAND,2.141474485397339,-1.5251224040985107,-3.5720574855804443,1
39.576,LAND,2.141474485397339,-1.5251224040985107,-3.5720574855804443,1
39.576,LAND,2.141474485397339,-1.5251224040985107,-3.5720574855804443,1
39.576,LAND,2.1507346630096436,-1.5257785320281982,-3.577930450439453,1
39.576,LAND,2.1507346630096436,-1.5257785320281982,-3.577930450439453,1
39.58,LAND,2.1507346630096436,-1.5257785320281982,-3.577930450439453,1
39.588,LAND,2.1647629737854004,-1.5267870426177979,-3.5868289470672607,1
39.6,LAND,2.1647629737854004,-1.5267870426177979,-3.5868289470672607,1
39.612,LAND,2.1647629737854004,-1.5267870426177979,-3.5868289470672607,1
39.612,LAND,2.1647629737854004,-1.5267870426177979,-3.5868289470672607,1
39.616,LAND,2.1742165088653564,-1.5274784564971924,-3.592841148376465,1
39.62,LAND,2.1742165088653564,-1.5274784564971924,-3.592841148376465,1
39.62,LAND,2.1742165088653564,-1.5274784564971924,-3.592841148376465,1
39.62,LAND,2.1742165088653564,-1.5274784564971924,-3.592841148376465,1
39.624,LAND,2.1885204315185547,-1.528544306755066,-3.601912260055542,1
39.652,LAND,2.1885204315185547,-1.528544306755066,-3.601912260055542,1
39.66,LAND,2.1885204315185547,-1.528544306755066,-3.601912260055542,1
39.668,LAND,2.1885204315185547,-1.528544306755066,-3.601912260055542,1
39.668,LAND,2.1981239318847656,-1.5292741060256958,-3.6080098152160645,1
39.68,LAND,2.1981239318847656,-1.5292741060256958,-3.6080098152160645,1
39.68,LAND,2.1981239318847656,-1.5292741060256958,-3.6080098152160645,1
39.68,LAND,2.1981239318847656,-1.5292741060256958,-3.6080098152160645,1
39.696,LAND,2.1981239318847656,-1.5292741060256958,-3.6080098152160645,1
39.696,LAND,2.2126517295837402,-1.5303987264633179,-3.61725115776062,1
39.696,LAND,2.2126517295837402,-1.5303987264633179,-3.61725115776062,1
39.696,LAND,2.2126517295837402,-1.5303987264633179,-3.61725115776062,1
39.7,LAND,2.2224013805389404,-1.5311570167541504,-3.623445510864258,1
39.712,LAND,2.2224013805389404,-1.5311570167541504,-3.623445510864258,1
39.712,LAND,2.2224013805389404,-1.5311570167541504,-3.623445510864258,1
39.712,LAND,2.2224013805389404,-1.5311570167541504,-3.623445510864258,1
39.736,LAND,2.237133741378784,-1.5323084592819214,-3.6328001022338867,1
39.736,LAND,2.237133741378784,-1.5323084592819214,-3.6328001022338867,1
39.736,LAND,2.237133741378784,-1.5323084592819214,-3.6328001022338867,1
39.736,LAND,2.237133741378784,-1.5323084592819214,-3.6328001022338867,1
39.752,LAND,2.2444067001342773,-1.5324691534042358,-3.637638807296753,1
39.752,LAND,2.2444067001342773,-1.5324691534042358,-3.637638807296753,1
39.752,LAND,2.2444067001342773,-1.5324691534042358,-3.637638807296753,1
39.756,LAND,2.2444067001342773,-1.5324691534042358,-3.637638807296753,1
39.756,LAND,2.2444067001342773,-1.5324691534042358,-3.637638807296753,1
39.756,LAND,2.2556040287017822,-1.5327730178833008,-3.645081043243408,1
39.756,LAND,2.2556040287017822,-1.5327730178833008,-3.645081043243408,1
39.756,LAND,2.2556040287017822,-1.5327730178833008,-3.645081043243408,1
39.756,LAND,2.2556040287017822,-1.5327730178833008,-3.645081043243408,1
39.756,LAND,2.263274669647217,-1.533019781112671,-3.6501827239990234,1
39.756,LAND,2.263274669647217,-1.533019781112671,-3.6501827239990234,1
39.808,LAND,2.263274669647217,-1.533019781112671,-3.6501827239990234,1
39.816,LAND,2.2750637531280518,-1.5334382057189941,-3.6580519676208496,1
39.816,LAND,2.2750637531280518,-1.5334382057189941,-3.6580519676208496,1
39.816,LAND,2.2750637531280518,-1.5334382057189941,-3.6580519676208496,1
39.82,LAND,2.2750637531280518,-1.5334382057189941,-3.6580519676208496,1
39.82,LAND,2.2830934524536133,-1.5337451696395874,-3.663408041000366,1
39.82,LAND,2.2830934524536133,-1.5337451696395874,-3.663408041000366,1
39.844,LAND,2.2830934524536133,-1.5337451696395874,-3.663408041000366,1
39.844,LAND,2.2830934524536133,-1.5337451696395874,-3.663408041000366,1
39.844,LAND,2.2830934524536133,-1.5337451696395874,-3.663408041000366,1
39.86,LAND,2.2953810691833496,-1.5342525243759155,-3.6715872287750244,1
39.868,LAND,2.2953810691833496,-1.5342525243759155,-3.6715872287750244,1
39.88,LAND,2.2953810691833496,-1.5342525243759155,-3.6715872287750244,1
39.88,LAND,2.303724765777588,-1.5346198081970215,-3.677156686782837,1
39.88,LAND,2.303724765777588,-1.5346198081970215,-3.677156686782837,1
39.888,LAND,2.303724765777588,-1.5346198081970215,-3.677156686782837,1
39.888,LAND,2.303724765777588,-1.5346198081970215,-3.677156686782837,1
39.888,LAND,2.316455841064453,-1.5352122783660889,-3.685621500015259,1
39.888,LAND,2.316455841064453,-1.5352122783660889,-3.685621500015259,1
39.916,LAND,2.316455841064453,-1.5352122783660889,-3.685621500015259,1
39.916,LAND,2.316455841064453,-1.5352122783660889,-3.685621500015259,1
39.916,LAND,2.316455841064453,-1.5352122783660889,-3.685621500015259,1
39.916,LAND,2.325075149536133,-1.5356332063674927,-3.691352128982544,1
39.916,LAND,2.325075149536133,-1.5356332063674927,-3.691352128982544,1
39.916,LAND,2.325075149536133,-1.5356332063674927,-3.691352128982544,1
39.916,LAND,2.3381869792938232,-1.536304235458374,-3.700085163116455,1
39.952,LAND,2.3381869792938232,-1.536304235458374,-3.700085163116455,1
39.952,LAND,2.3381869792938232,-1.536304235458374,-3.700085163116455,1
39.964,LAND,2.3381869792938232,-1.536304235458374,-3.700085163116455,1
39.972,LAND,2.3381869792938232,-1.536304235458374,-3.700085163116455,1
39.972,LAND,2.3470449447631836,-1.5367685556411743,-3.7059760093688965,1
39.98,LAND,2.3470449447631836,-1.5367685556411743,-3.7059760093688965,1
39.992,LAND,2.3470449447631836,-1.5367685556411743,-3.7059760093688965,1
39.996,LAND,2.360492467880249,-1.5374877452850342,-3.714951992034912,1
39.996,LAND,2.360492467880249,-1.5374877452850342,-3.714951992034912,1
39.996,LAND,2.360492467880249,-1.5374877452850342,-3.714951992034912,1
39.996,LAND,2.360492467880249,-1.5374877452850342,-3.714951992034912,1
40.016,LAND,2.360492467880249,-1.5374877452850342,-3.714951992034912,1
40.016,LAND,2.3695566654205322,-1.5379834175109863,-3.721022129058838,1
40.02,LAND,2.3695566654205322,-1.5379834175109863,-3.721022129058838,1
40.032,LAND,2.3695566654205322,-1.5379834175109863,-3.721022129058838,1
40.032,LAND,2.3695566654205322,-1.5379834175109863,-3.721022129058838,1
40.032,LAND,2.3832879066467285,-1.5387511253356934,-3.7301864624023438,1
40.032,LAND,2.3832879066467285,-1.5387511253356934,-3.7301864624023438,1
40.032,LAND,2.3832879066467285,-1.5387511253356934,-3.7301864624023438,1
40.032,LAND,2.3832879066467285,-1.5387511253356934,-3.7301864624023438,1
40.032,LAND,2.392531394958496,-1.5392719507217407,-3.7363736629486084,1
40.032,LAND,2.392531394958496,-1.5392719507217407,-3.7363736629486084,1
40.076,LAND,2.392531394958496,-1.5392719507217407,-3.7363736629486084,1
40.084,LAND,2.406519651412964,-1.540076732635498,-3.7457351684570312,1
40.088,LAND,2.406519651412964,-1.540076732635498,-3.7457351684570312,1
40.088,LAND,2.406519651412964,-1.540076732635498,-3.7457351684570312,1
40.092,LAND,2.406519651412964,-1.540076732635498,-3.7457351684570312,1
40.096,LAND,2.406519651412964,-1.540076732635498,-3.7457351684570312,1
40.104,LAND,2.420626163482666,-1.5408986806869507,-3.7551960945129395,1
40.108,LAND,2.420626163482666,-1.5408986806869507,-3.7551960945129395,1
40.108,LAND,2.420626163482666,-1.5408986806869507,-3.7551960945129395,1
40.12,LAND,2.43011474609375,-1.5414535999298096,-3.7615790367126465,1
40.124,LAND,2.43011474609375,-1.5414535999298096,-3.7615790367126465,1
40.124,LAND,2.43011474609375,-1.5414535999298096,-3.7615790367126465,1
40.136,LAND,2.43011474609375,-1.5414535999298096,-3.7615790367126465,1
40.136,LAND,2.43011474609375,-1.5414535999298096,-3.7615790367126465,1
40.136,LAND,2.439657688140869,-1.5420112609863281,-3.767970561981201,1
40.144,LAND,2.439657688140869,-1.5420112609863281,-3.767970561981201,1
40.148,LAND,2.439657688140869,-1.5420112609863281,-3.767970561981201,1
40.156,LAND,2.4540789127349854,-1.5428640842437744,-3.7776567935943604,1
40.156,LAND,2.4540789127349854,-1.5428640842437744,-3.7776567935943604,1
40.156,LAND,2.4540789127349854,-1.5428640842437744,-3.7776567935943604,1
40.164,LAND,2.4540789127349854,-1.5428640842437744,-3.7776567935943604,1
40.164,LAND,2.4540789127349854,-1.5428640842437744,-3.7776567935943604,1
40.164,LAND,2.4611010551452637,-1.5428110361099243,-3.7826716899871826,1
40.18,LAND,2.4611010551452637,-1.5428110361099243,-3.7826716899871826,1
40.184,LAND,2.4611010551452637,-1.5428110361099243,-3.7826716899871826,1
40.192,LAND,2.4611010551452637,-1.5428110361099243,-3.7826716899871826,1
40.196,LAND,2.4719269275665283,-1.5427964925765991,-3.7903802394866943,1
40.196,LAND,2.4719269275665283,-1.5427964925765991,-3.7903802394866943,1
40.2,LAND,2.4719269275665283,-1.5427964925765991,-3.7903802394866943,1
40.2,LAND,2.479346990585327,-1.542833685874939,-3.7956573963165283,1
40.2,LAND,2.479346990585327,-1.542833685874939,-3.7956573963165283,1
40.204,LAND,2.479346990585327,-1.542833685874939,-3.7956573963165283,1
40.208,LAND,2.479346990585327,-1.542833685874939,-3.7956573963165283,1
40.208,LAND,2.490748167037964,-1.5429505109786987,-3.8037848472595215,1
40.208,LAND,2.490748167037964,-1.5429505109786987,-3.8037848472595215,1
40.216,LAND,2.490748167037964,-1.5429505109786987,-3.8037848472595215,1
40.22,LAND,2.490748167037964,-1.5429505109786987,-3.8037848472595215,1
40.22,LAND,2.490748167037964,-1.5429505109786987,-3.8037848472595215,1
40.22,LAND,2.4985172748565674,-1.5430717468261719,-3.8092942237854004,1
40.22,LAND,2.4985172748565674,-1.5430717468261719,-3.8092942237854004,1
40.236,LAND,2.4985172748565674,-1.5430717468261719,-3.8092942237854004,1
40.256,LAND,2.510423421859741,-1.5433015823364258,-3.8177545070648193,1
40.256,LAND,2.510423421859741,-1.5433015823364258,-3.8177545070648193,1
40.256,LAND,2.510423421859741,-1.5433015823364258,-3.8177545070648193,1
40.256,LAND,2.510423421859741,-1.5433015823364258,-3.8177545070648193,1
40.26,LAND,2.510423421859741,-1.5433015823364258,-3.8177545070648193,1
40.26,LAND,2.518501043319702,-1.5434809923171997,-3.8235137462615967,1
40.264,LAND,2.518501043319702,-1.5434809923171997,-3.8235137462615967,1
40.264,LAND,2.518501043319702,-1.5434809923171997,-3.8235137462615967,1
40.272,LAND,2.5308282375335693,-1.5437904596328735,-3.832282781600952,1
40.284,LAND,2.5308282375335693,-1.5437904596328735,-3.832282781600952,1
40.284,LAND,2.5308282375335693,-1.5437904596328735,-3.832282781600952,1
40.292,LAND,2.5308282375335693,-1.5437904596328735,-3.832282781600952,1
40.292,LAND,2.5391786098480225,-1.5440248250961304,-3.8382246494293213,1
40.296,LAND,2.5391786098480225,-1.5440248250961304,-3.8382246494293213,1
40.304,LAND,2.5391786098480225,-1.5440248250961304,-3.8382246494293213,1
40.304,LAND,2.5391786098480225,-1.5440248250961304,-3.8382246494293213,1
40.312,LAND,2.551887273788452,-1.5444087982177734,-3.847285747528076,1
40.312,LAND,2.551887273788452,-1.5444087982177734,-3.847285747528076,1
40.312,LAND,2.551887273788452,-1.5444087982177734,-3.847285747528076,1
40.316,LAND,2.551887273788452,-1.5444087982177734,-3.847285747528076,1
40.316,LAND,2.551887273788452,-1.5444087982177734,-3.847285747528076,1
40.316,LAND,2.560471534729004,-1.5446851253509521,-3.8533780574798584,1
40.324,LAND,2.560471534729004,-1.5446851253509521,-3.8533780574798584,1
40.34,LAND,2.560471534729004,-1.5446851253509521,-3.8533780574798584,1
40.364,LAND,2.560471534729004,-1.5446851253509521,-3.8533780574798584,1
40.368,LAND,2.573493003845215,-1.5451397895812988,-3.862659454345703,1
40.368,LAND,2.573493003845215,-1.5451397895812988,-3.862659454345703,1
40.368,LAND,2.573493003845215,-1.5451397895812988,-3.862659454345703,1
40.384,LAND,2.5822675228118896,-1.5454624891281128,-3.868932008743286,1
40.388,LAND,2.5822675228118896,-1.5454624891281128,-3.868932008743286,1
40.392,LAND,2.5822675228118896,-1.5454624891281128,-3.868932008743286,1
40.396,LAND,2.5822675228118896,-1.5454624891281128,-3.868932008743286,1
40.404,LAND,2.595562219619751,-1.5459685325622559,-3.8784117698669434,1
40.408,LAND,2.595562219619751,-1.5459685325622559,-3.8784117698669434,1
40.412,LAND,2.595562219619751,-1.5459685325622559,-3.8784117698669434,1
40.416,LAND,2.595562219619751,-1.5459685325622559,-3.8784117698669434,1
40.424,LAND,2.595562219619751,-1.5459685325622559,-3.8784117698669434,1
40.428,LAND,2.604520797729492,-1.5463249683380127,-3.8848044872283936,1
40.432,LAND,2.604520797729492,-1.5463249683380127,-3.8848044872283936,1
40.436,LAND,2.604520797729492,-1.5463249683380127,-3.8848044872283936,1
40.444,LAND,2.604520797729492,-1.5463249683380127,-3.8848044872283936,1
40.448,LAND,2.6180620193481445,-1.546877145767212,-3.894500970840454,1
40.448,LAND,2.6180620193481445,-1.546877145767212,-3.894500970840454,1
40.452,LAND,2.6180620193481445,-1.546877145767212,-3.894500970840454,1
40.464,LAND,2.627173900604248,-1.5472545623779297,-3.9010021686553955,1
40.468,LAND,2.627173900604248,-1.5472545623779297,-3.9010021686553955,1
40.472,LAND,2.627173900604248,-1.5472545623779297,-3.9010021686553955,1
40.476,LAND,2.627173900604248,-1.5472545623779297,-3.9010021686553955,1
40.484,LAND,2.640937566757202,-1.547837257385254,-3.910853147506714,1
40.488,LAND,2.640937566757202,-1.547837257385254,-3.910853147506714,1
40.488,LAND,2.640937566757202,-1.547837257385254,-3.910853147506714,1
40.492,LAND,2.640937566757202,-1.547837257385254,-3.910853147506714,1
40.504,LAND,2.640937566757202,-1.547837257385254,-3.910853147506714,1
40.508,LAND,2.6501755714416504,-1.5482292175292969,-3.9174840450286865,1
40.512,LAND,2.6501755714416504,-1.5482292175292969,-3.9174840450286865,1
40.516,LAND,2.6501755714416504,-1.5482292175292969,-3.9174840450286865,1
40.524,LAND,2.664125680923462,-1.548827052116394,-3.927485704421997,1
40.528,LAND,2.664125680923462,-1.548827052116394,-3.927485704421997,1
40.528,LAND,2.664125680923462,-1.548827052116394,-3.927485704421997,1
40.532,LAND,2.664125680923462,-1.548827052116394,-3.927485704421997,1
40.544,LAND,2.664125680923462,-1.548827052116394,-3.927485704421997,1
40.544,LAND,2.6707923412323,-1.5486938953399658,-3.932644844055176,1
40.544,LAND,2.6707923412323,-1.5486938953399658,-3.932644844055176,1
40.548,LAND,2.6707923412323,-1.5486938953399658,-3.932644844055176,1
40.564,LAND,2.6707923412323,-1.5486938953399658,-3.932644844055176,1
40.568,LAND,2.6811068058013916,-1.5485584735870361,-3.9406328201293945,1
40.568,LAND,2.6811068058013916,-1.5485584735870361,-3.9406328201293945,1
40.572,LAND,2.6811068058013916,-1.5485584735870361,-3.9406328201293945,1
40.584,LAND,2.6881697177886963,-1.5485038757324219,-3.9460675716400146,1
40.588,LAND,2.6881697177886963,-1.5485038757324219,-3.9460675716400146,1
40.588,LAND,2.6881697177886963,-1.5485038757324219,-3.9460675716400146,1
40.592,LAND,2.6881697177886963,-1.5485038757324219,-3.9460675716400146,1
40.604,LAND,2.6881697177886963,-1.5485038757324219,-3.9460675716400146,1
40.608,LAND,2.6990206241607666,-1.5484726428985596,-3.954437732696533,1
40.612,LAND,2.6990206241607666,-1.5484726428985596,-3.954437732696533,1
40.612,LAND,2.6990206241607666,-1.5484726428985596,-3.954437732696533,1
40.624,LAND,2.6990206241607666,-1.5484726428985596,-3.954437732696533,1
40.624,LAND,2.7064192295074463,-1.5484803915023804,-3.960157871246338,1
40.628,LAND,2.7064192295074463,-1.5484803915023804,-3.960157871246338,1
40.628,LAND,2.7064192295074463,-1.5484803915023804,-3.960157871246338,1
40.644,LAND,2.7064192295074463,-1.5484803915023804,-3.960157871246338,1
40.644,LAND,2.7177648544311523,-1.5485469102859497,-3.968897819519043,1
40.648,LAND,2.7177648544311523,-1.5485469102859497,-3.968897819519043,1
40.648,LAND,2.7177648544311523,-1.5485469102859497,-3.968897819519043,1
40.664,LAND,2.7177648544311523,-1.5485469102859497,-3.968897819519043,1
40.668,LAND,2.7254695892333984,-1.548625111579895,-3.974832773208618,1
40.668,LAND,2.7254695892333984,-1.548625111579895,-3.974832773208618,1
40.672,LAND,2.7254695892333984,-1.548625111579895,-3.974832773208618,1
40.684,LAND,2.7372238636016846,-1.5487838983535767,-3.9839160442352295,1
40.688,LAND,2.7372238636016846,-1.5487838983535767,-3.9839160442352295,1
40.688,LAND,2.7372238636016846,-1.5487838983535767,-3.9839160442352295,1
40.688,LAND,2.7372238636016846,-1.5487838983535767,-3.9839160442352295,1
40.704,LAND,2.745185613632202,-1.5489171743392944,-3.9900379180908203,1
40.708,LAND,2.745185613632202,-1.5489171743392944,-3.9900379180908203,1
40.708,LAND,2.745185613632202,-1.5489171743392944,-3.9900379180908203,1
40.708,LAND,2.745185613632202,-1.5489171743392944,-3.9900379180908203,1
40.724,LAND,2.757293701171875,-1.5491482019424438,-3.9993772506713867,1
40.728,LAND,2.757293701171875,-1.5491482019424438,-3.9993772506713867,1
40.732,LAND,2.757293701171875,-1.5491482019424438,-3.9993772506713867,1
40.736,LAND,2.757293701171875,-1.5491482019424438,-3.9993772506713867,1
40.744,LAND,2.765472412109375,-1.5493208169937134,-4.005703449249268,1
40.748,LAND,2.765472412109375,-1.5493208169937134,-4.005703449249268,1
40.748,LAND,2.765472412109375,-1.5493208169937134,-4.005703449249268,1
40.752,LAND,2.765472412109375,-1.5493208169937134,-4.005703449249268,1
40.764,LAND,2.7778844833374023,-1.5496066808700562,-4.01530122756958,1
40.768,LAND,2.7778844833374023,-1.5496066808700562,-4.01530122756958,1
40.768,LAND,2.7778844833374023,-1.5496066808700562,-4.01530122756958,1
40.768,LAND,2.7778844833374023,-1.5496066808700562,-4.01530122756958,1
40.784,LAND,2.7778844833374023,-1.5496066808700562,-4.01530122756958,1
40.784,LAND,2.7862470149993896,-1.5498117208480835,-4.021778583526611,1
40.784,LAND,2.7862470149993896,-1.5498117208480835,-4.021778583526611,1
40.784,LAND,2.7862470149993896,-1.5498117208480835,-4.021778583526611,1
40.804,LAND,2.7862470149993896,-1.5498117208480835,-4.021778583526611,1
40.808,LAND,2.798915386199951,-1.550147294998169,-4.031623840332031,1
40.808,LAND,2.798915386199951,-1.550147294998169,-4.031623840332031,1
40.816,LAND,2.798915386199951,-1.550147294998169,-4.031623840332031,1
40.824,LAND,2.798915386199951,-1.550147294998169,-4.031623840332031,1
40.828,LAND,2.807443141937256,-1.55038321018219,-4.038224697113037,1
40.828,LAND,2.807443141937256,-1.55038321018219,-4.038224697113037,1
40.836,LAND,2.807443141937256,-1.55038321018219,-4.038224697113037,1
40.844,LAND,2.8203413486480713,-1.5507456064224243,-4.04824161529541,1
40.848,LAND,2.8203413486480713,-1.5507456064224243,-4.04824161529541,1
40.852,LAND,2.8203413486480713,-1.5507456064224243,-4.04824161529541,1
40.856,LAND,2.8203413486480713,-1.5507456064224243,-4.04824161529541,1
40.864,LAND,2.829033374786377,-1.5509953498840332,-4.054974555969238,1
40.868,LAND,2.829033374786377,-1.5509953498840332,-4.054974555969238,1
40.872,LAND,2.829033374786377,-1.5509953498840332,-4.054974555969238,1
40.876,LAND,2.829033374786377,-1.5509953498840332,-4.054974555969238,1
40.884,LAND,2.8421671390533447,-1.5513887405395508,-4.065149307250977,1
40.884,LAND,2.8421671390533447,-1.5513887405395508,-4.065149307250977,1
40.892,LAND,2.8421671390533447,-1.5513887405395508,-4.065149307250977,1
40.896,LAND,2.8421671390533447,-1.5513887405395508,-4.065149307250977,1
40.904,LAND,2.8421671390533447,-1.5513887405395508,-4.065149307250977,1
40.916,LAND,2.8509788513183594,-1.5516663789749146,-4.071996688842773,1
40.92,LAND,2.8509788513183594,-1.5516663789749146,-4.071996688842773,1
40.928,LAND,2.8509788513183594,-1.5516663789749146,-4.071996688842773,1
40.936,LAND,2.8642609119415283,-1.5520960092544556,-4.082339286804199,1
40.944,LAND,2.8642609119415283,-1.5520960092544556,-4.082339286804199,1
40.944,LAND,2.8642609119415283,-1.5520960092544556,-4.082339286804199,1
40.944,LAND,2.8642609119415283,-1.5520960092544556,-4.082339286804199,1
40.948,LAND,2.8642609119415283,-1.5520960092544556,-4.082339286804199,1
40.948,LAND,2.8705170154571533,-1.5518560409545898,-4.087666988372803,1
40.948,LAND,2.8705170154571533,-1.5518560409545898,-4.087666988372803,1
40.96,LAND,2.8705170154571533,-1.5518560409545898,-4.087666988372803,1
40.964,LAND,2.8802006244659424,-1.5515648126602173,-4.095911979675293,1
40.98,LAND,2.8802006244659424,-1.5515648126602173,-4.095911979675293,1
40.98,LAND,2.8802006244659424,-1.5515648126602173,-4.095911979675293,1
40.98,LAND,2.8802006244659424,-1.5515648126602173,-4.095911979675293,1
40.988,LAND,2.8802006244659424,-1.5515648126602173,-4.095911979675293,1
41.0,LAND,2.8868367671966553,-1.551411747932434,-4.101543426513672,1
41.0,LAND,2.8868367671966553,-1.551411747932434,-4.101543426513672,1
41.008,LAND,2.8868367671966553,-1.551411747932434,-4.101543426513672,1
41.008,LAND,2.8868367671966553,-1.551411747932434,-4.101543426513672,1
41.008,LAND,2.8970677852630615,-1.551247477531433,-4.110184192657471,1
41.012,LAND,2.8970677852630615,-1.551247477531433,-4.110184192657471,1
41.012,LAND,2.8970677852630615,-1.551247477531433,-4.110184192657471,1
41.016,LAND,2.9040515422821045,-1.551178216934204,-4.116082191467285,1
41.02,LAND,2.9040515422821045,-1.551178216934204,-4.116082191467285,1
41.024,LAND,2.9040515422821045,-1.551178216934204,-4.116082191467285,1
41.028,LAND,2.9040515422821045,-1.551178216934204,-4.116082191467285,1
41.044,LAND,2.9147515296936035,-1.551124930381775,-4.125107288360596,1
41.048,LAND,2.9147515296936035,-1.551124930381775,-4.125107288360596,1
41.052,LAND,2.9147515296936035,-1.551124930381775,-4.125107288360596,1
41.056,LAND,2.9147515296936035,-1.551124930381775,-4.125107288360596,1
41.064,LAND,2.9147515296936035,-1.551124930381775,-4.125107288360596,1
41.068,LAND,2.922022819519043,-1.5511302947998047,-4.131217002868652,1
41.072,LAND,2.922022819519043,-1.5511302947998047,-4.131217002868652,1
41.076,LAND,2.922022819519043,-1.5511302947998047,-4.131217002868652,1
41.084,LAND,2.9331138134002686,-1.5511865615844727,-4.140565395355225,1
41.088,LAND,2.9331138134002686,-1.5511865615844727,-4.140565395355225,1
41.092,LAND,2.9331138134002686,-1.5511865615844727,-4.140565395355225,1
41.096,LAND,2.9331138134002686,-1.5511865615844727,-4.140565395355225,1
41.104,LAND,2.9406239986419678,-1.5512462854385376,-4.146884918212891,1
41.108,LAND,2.9406239986419678,-1.5512462854385376,-4.146884918212891,1
41.112,LAND,2.9406239986419678,-1.5512462854385376,-4.146884918212891,1
41.116,LAND,2.9406239986419678,-1.5512462854385376,-4.146884918212891,1
41.124,LAND,2.9406239986419678,-1.5512462854385376,-4.146884918212891,1
41.128,LAND,2.952058792114258,-1.551377773284912,-4.156493186950684,1
41.132,LAND,2.952058792114258,-1.551377773284912,-4.156493186950684,1
41.136,LAND,2.952058792114258,-1.551377773284912,-4.156493186950684,1
41.144,LAND,2.952058792114258,-1.551377773284912,-4.156493186950684,1
41.148,LAND,2.9597787857055664,-1.5514864921569824,-4.162998199462891,1
41.152,LAND,2.9597787857055664,-1.5514864921569824,-4.162998199462891,1
41.156,LAND,2.9597787857055664,-1.5514864921569824,-4.162998199462891,1
41.164,LAND,2.9597787857055664,-1.5514864921569824,-4.162998199462891,1
41.168,LAND,2.971499443054199,-1.5516763925552368,-4.172880172729492,1
41.172,LAND,2.971499443054199,-1.5516763925552368,-4.172880172729492,1
41.176,LAND,2.971499443054199,-1.5516763925552368,-4.172880172729492,1
41.184,LAND,2.971499443054199,-1.5516763925552368,-4.172880172729492,1
41.188,LAND,2.9793951511383057,-1.5518169403076172,-4.179530620574951,1
41.192,LAND,2.9793951511383057,-1.5518169403076172,-4.179530620574951,1
41.192,LAND,2.9793951511383057,-1.5518169403076172,-4.179530620574951,1
41.204,LAND,2.9793951511383057,-1.5518169403076172,-4.179530620574951,1
41.204,LAND,2.9913489818573,-1.5520448684692383,-4.189631938934326,1
41.208,LAND,2.9913489818573,-1.5520448684692383,-4.189631938934326,1
41.212,LAND,2.9913489818573,-1.5520448684692383,-4.189631938934326,1
41.224,LAND,2.999399423599243,-1.552213191986084,-4.1964287757873535,1
41.228,LAND,2.999399423599243,-1.552213191986084,-4.1964287757873535,1
41.232,LAND,2.999399423599243,-1.552213191986084,-4.1964287757873535,1
41.236,LAND,2.999399423599243,-1.552213191986084,-4.1964287757873535,1
41.244,LAND,3.011584997177124,-1.5524816513061523,-4.206709384918213,1
41.248,LAND,3.011584997177124,-1.5524816513061523,-4.206709384918213,1
41.252,LAND,3.011584997177124,-1.5524816513061523,-4.206709384918213,1
41.256,LAND,3.011584997177124,-1.5524816513061523,-4.206709384918213,1
41.264,LAND,3.019770622253418,-1.552673578262329,-4.213638782501221,1
41.268,LAND,3.019770622253418,-1.552673578262329,-4.213638782501221,1
41.272,LAND,3.019770622253418,-1.552673578262329,-4.213638782501221,1
41.276,LAND,3.019770622253418,-1.552673578262329,-4.213638782501221,1
41.284,LAND,3.0321431159973145,-1.5529800653457642,-4.224118709564209,1
41.284,LAND,3.0321431159973145,-1.5529800653457642,-4.224118709564209,1
41.288,LAND,3.0321431159973145,-1.5529800653457642,-4.224118709564209,1
41.292,LAND,3.0321431159973145,-1.5529800653457642,-4.224118709564209,1
41.304,LAND,3.0321431159973145,-1.5529800653457642,-4.224118709564209,1
41.308,LAND,3.04045033454895,-1.5531946420669556,-4.231149673461914,1
41.308,LAND,3.04045033454895,-1.5531946420669556,-4.231149673461914,1
41.316,LAND,3.04045033454895,-1.5531946420669556,-4.231149673461914,1
41.324,LAND,3.04045033454895,-1.5531946420669556,-4.231149673461914,1
41.328,LAND,3.052992582321167,-1.5535236597061157,-4.241808891296387,1
41.332,LAND,3.052992582321167,-1.5535236597061157,-4.241808891296387,1
41.336,LAND,3.052992582321167,-1.5535236597061157,-4.241808891296387,1
41.344,LAND,3.052992582321167,-1.5535236597061157,-4.241808891296387,1
41.348,LAND,3.058720350265503,-1.5532571077346802,-4.2472825050354,1
41.352,LAND,3.058720350265503,-1.5532571077346802,-4.2472825050354,1
41.356,LAND,3.058720350265503,-1.5532571077346802,-4.2472825050354,1
41.364,LAND,3.058720350265503,-1.5532571077346802,-4.2472825050354,1
41.368,LAND,3.067613363265991,-1.5529284477233887,-4.255728721618652,1
41.372,LAND,3.067613363265991,-1.5529284477233887,-4.255728721618652,1
41.376,LAND,3.067613363265991,-1.5529284477233887,-4.255728721618652,1
41.384,LAND,3.067613363265991,-1.5529284477233887,-4.255728721618652,1
41.388,LAND,3.0737290382385254,-1.5527491569519043,-4.26153039932251,1
41.392,LAND,3.0737290382385254,-1.5527491569519043,-4.26153039932251,1
41.392,LAND,3.0737290382385254,-1.5527491569519043,-4.26153039932251,1
41.404,LAND,3.083160877227783,-1.552532434463501,-4.270442962646484,1
41.408,LAND,3.083160877227783,-1.552532434463501,-4.270442962646484,1
41.412,LAND,3.083160877227783,-1.552532434463501,-4.270442962646484,1
41.416,LAND,3.083160877227783,-1.552532434463501,-4.270442962646484,1
41.424,LAND,3.083160877227783,-1.552532434463501,-4.270442962646484,1
41.428,LAND,3.089606523513794,-1.5524252653121948,-4.276498794555664,1
41.428,LAND,3.089606523513794,-1.5524252653121948,-4.276498794555664,1
41.436,LAND,3.089606523513794,-1.5524252653121948,-4.276498794555664,1
41.444,LAND,3.09951114654541,-1.5523085594177246,-4.285797119140625,1
41.448,LAND,3.09951114654541,-1.5523085594177246,-4.285797119140625,1
41.448,LAND,3.09951114654541,-1.5523085594177246,-4.285797119140625,1
41.452,LAND,3.09951114654541,-1.5523085594177246,-4.285797119140625,1
41.464,LAND,3.1062543392181396,-1.552255630493164,-4.292104721069336,1
41.468,LAND,3.1062543392181396,-1.552255630493164,-4.292104721069336,1
41.468,LAND,3.1062543392181396,-1.552255630493164,-4.292104721069336,1
41.472,LAND,3.1062543392181396,-1.552255630493164,-4.292104721069336,1
41.484,LAND,3.1165528297424316,-1.552214503288269,-4.301717758178711,1
41.488,LAND,3.1165528297424316,-1.552214503288269,-4.301717758178711,1
41.488,LAND,3.1165528297424316,-1.552214503288269,-4.301717758178711,1
41.492,LAND,3.1165528297424316,-1.552214503288269,-4.301717758178711,1
41.504,LAND,3.1165528297424316,-1.552214503288269,-4.301717758178711,1
41.508,LAND,3.1235318183898926,-1.5522129535675049,-4.308242321014404,1
41.512,LAND,3.1235318183898926,-1.5522129535675049,-4.308242321014404,1
41.516,LAND,3.1235318183898926,-1.5522129535675049,-4.308242321014404,1
41.524,LAND,3.134167194366455,-1.5522401332855225,-4.318130016326904,1
41.528,LAND,3.134167194366455,-1.5522401332855225,-4.318130016326904,1
41.532,LAND,3.134167194366455,-1.5522401332855225,-4.318130016326904,1
41.536,LAND,3.134167194366455,-1.5522401332855225,-4.318130016326904,1
41.544,LAND,3.134167194366455,-1.5522401332855225,-4.318130016326904,1
41.548,LAND,3.141354560852051,-1.552269697189331,-4.324829578399658,1
41.552,LAND,3.141354560852051,-1.552269697189331,-4.324829578399658,1
41.556,LAND,3.141354560852051,-1.552269697189331,-4.324829578399658,1
41.564,LAND,3.1522724628448486,-1.5523350238800049,-4.335031509399414,1
41.568,LAND,3.1522724628448486,-1.5523350238800049,-4.335031509399414,1
41.568,LAND,3.1522724628448486,-1.5523350238800049,-4.335031509399414,1
41.576,LAND,3.1522724628448486,-1.5523350238800049,-4.335031509399414,1
41.584,LAND,3.1522724628448486,-1.5523350238800049,-4.335031509399414,1
41.588,LAND,3.159634828567505,-1.5523914098739624,-4.341874599456787,1
41.592,LAND,3.159634828567505,-1.5523914098739624,-4.341874599456787,1
41.596,LAND,3.159634828567505,-1.5523914098739624,-4.341874599456787,1
41.604,LAND,3.1708014011383057,-1.5524964332580566,-4.352275371551514,1
41.608,LAND,3.1708014011383057,-1.5524964332580566,-4.352275371551514,1
41.612,LAND,3.1708014011383057,-1.5524964332580566,-4.352275371551514,1
41.612,LAND,3.1708014011383057,-1.5524964332580566,-4.352275371551514,1
41.624,LAND,3.1708014011383057,-1.5524964332580566,-4.352275371551514,1
41.628,LAND,3.1783204078674316,-1.5525767803192139,-4.359272480010986,1
41.632,LAND,3.1783204078674316,-1.5525767803192139,-4.359272480010986,1
41.636,LAND,3.1783204078674316,-1.5525767803192139,-4.359272480010986,1
41.644,LAND,3.1896893978118896,-1.5527151823043823,-4.3698577880859375,1
41.648,LAND,3.1896893978118896,-1.5527151823043823,-4.3698577880859375,1
41.652,LAND,3.1896893978118896,-1.5527151823043823,-4.3698577880859375,1
41.656,LAND,3.1896893978118896,-1.5527151823043823,-4.3698577880859375,1
41.664,LAND,3.1896893978118896,-1.5527151823043823,-4.3698577880859375,1
41.668,LAND,3.197338104248047,-1.552820086479187,-4.377002716064453,1
41.672,LAND,3.197338104248047,-1.552820086479187,-4.377002716064453,1
41.676,LAND,3.197338104248047,-1.552820086479187,-4.377002716064453,1
41.684,LAND,3.197338104248047,-1.552820086479187,-4.377002716064453,1
41.688,LAND,3.208879232406616,-1.5529851913452148,-4.387779712677002,1
41.692,LAND,3.208879232406616,-1.5529851913452148,-4.387779712677002,1
41.696,LAND,3.208879232406616,-1.5529851913452148,-4.387779712677002,1
41.704,LAND,3.216637134552002,-1.553105115890503,-4.395026206970215,1
41.708,LAND,3.216637134552002,-1.553105115890503,-4.395026206970215,1
41.708,LAND,3.216637134552002,-1.553105115890503,-4.395026206970215,1
41.716,LAND,3.216637134552002,-1.553105115890503,-4.395026206970215,1
41.724,LAND,3.228346347808838,-1.5533030033111572,-4.406001091003418,1
41.728,LAND,3.228346347808838,-1.5533030033111572,-4.406001091003418,1
41.728,LAND,3.228346347808838,-1.5533030033111572,-4.406001091003418,1
41.732,LAND,3.228346347808838,-1.5533030033111572,-4.406001091003418,1
41.744,LAND,3.2335379123687744,-1.5529133081436157,-4.411643028259277,1
41.744,LAND,3.2335379123687744,-1.5529133081436157,-4.411643028259277,1
41.752,LAND,3.2335379123687744,-1.5529133081436157,-4.411643028259277,1
41.756,LAND,3.2335379123687744,-1.5529133081436157,-4.411643028259277,1
41.764,LAND,3.2335379123687744,-1.5529133081436157,-4.411643028259277,1
41.768,LAND,3.2416274547576904,-1.5524020195007324,-4.420339107513428,1
41.772,LAND,3.2416274547576904,-1.5524020195007324,-4.420339107513428,1
41.776,LAND,3.2416274547576904,-1.5524020195007324,-4.420339107513428,1
41.784,LAND,3.247204542160034,-1.5521057844161987,-4.426303863525391,1
41.788,LAND,3.247204542160034,-1.5521057844161987,-4.426303863525391,1
41.788,LAND,3.247204542160034,-1.5521057844161987,-4.426303863525391,1
41.792,LAND,3.247204542160034,-1.5521057844161987,-4.426303863525391,1
41.804,LAND,3.2558212280273438,-1.5517090559005737,-4.435410976409912,1
41.808,LAND,3.2558212280273438,-1.5517090559005737,-4.435410976409912,1
41.812,LAND,3.2558212280273438,-1.5517090559005737,-4.435410976409912,1
41.816,LAND,3.2558212280273438,-1.5517090559005737,-4.435410976409912,1
41.824,LAND,3.2617177963256836,-1.551480770111084,-4.441632270812988,1
41.828,LAND,3.2617177963256836,-1.551480770111084,-4.441632270812988,1
41.832,LAND,3.2617177963256836,-1.551480770111084,-4.441632270812988,1
41.832,LAND,3.2617177963256836,-1.551480770111084,-4.441632270812988,1
41.844,LAND,3.2707786560058594,-1.5511876344680786,-4.451147079467773,1
41.848,LAND,3.2707786560058594,-1.5511876344680786,-4.451147079467773,1
41.852,LAND,3.2707786560058594,-1.5511876344680786,-4.451147079467773,1
41.856,LAND,3.2707786560058594,-1.5511876344680786,-4.451147079467773,1
41.864,LAND,3.2769510746002197,-1.551020860671997,-4.4575910568237305,1
41.868,LAND,3.2769510746002197,-1.551020860671997,-4.4575910568237305,1
41.872,LAND,3.2769510746002197,-1.551020860671997,-4.4575910568237305,1
41.872,LAND,3.2769510746002197,-1.551020860671997,-4.4575910568237305,1
41.884,LAND,3.286391019821167,-1.5508005619049072,-4.46744966506958,1
41.884,LAND,3.286391019821167,-1.5508005619049072,-4.46744966506958,1
41.888,LAND,3.286391019821167,-1.5508005619049072,-4.46744966506958,1
41.888,LAND,3.286391019821167,-1.5508005619049072,-4.46744966506958,1
41.904,LAND,3.286391019821167,-1.5508005619049072,-4.46744966506958,1
41.908,LAND,3.2928030490875244,-1.5506736040115356,-4.474139213562012,1
41.912,LAND,3.2928030490875244,-1.5506736040115356,-4.474139213562012,1
41.916,LAND,3.2928030490875244,-1.5506736040115356,-4.474139213562012,1
41.924,LAND,3.2928030490875244,-1.5506736040115356,-4.474139213562012,1
41.928,LAND,3.302579641342163,-1.5505082607269287,-4.484279632568359,1
41.932,LAND,3.302579641342163,-1.5505082607269287,-4.484279632568359,1
41.936,LAND,3.302579641342163,-1.5505082607269287,-4.484279632568359,1
41.944,LAND,3.309192657470703,-1.5504188537597656,-4.491147994995117,1
41.948,LAND,3.309192657470703,-1.5504188537597656,-4.491147994995117,1
41.952,LAND,3.309192657470703,-1.5504188537597656,-4.491147994995117,1
41.956,LAND,3.309192657470703,-1.5504188537597656,-4.491147994995117,1
41.964,LAND,3.309192657470703,-1.5504188537597656,-4.491147994995117,1
41.968,LAND,3.3192386627197266,-1.5503077507019043,-4.501559734344482,1
41.968,LAND,3.3192386627197266,-1.5503077507019043,-4.501559734344482,1
41.976,LAND,3.3192386627197266,-1.5503077507019043,-4.501559734344482,1
41.984,LAND,3.3192386627197266,-1.5503077507019043,-4.501559734344482,1
41.988,LAND,3.326012372970581,-1.5502489805221558,-4.508574962615967,1
41.992,LAND,3.326012372970581,-1.5502489805221558,-4.508574962615967,1
41.996,LAND,3.326012372970581,-1.5502489805221558,-4.508574962615967,1
42.004,LAND,3.326012372970581,-1.5502489805221558,-4.508574962615967,1
42.004,LAND,3.3362855911254883,-1.5501799583435059,-4.519242286682129,1
42.012,LAND,3.3362855911254883,-1.5501799583435059,-4.519242286682129,1
42.016,LAND,3.3362855911254883,-1.5501799583435059,-4.519242286682129,1
42.024,LAND,3.343197822570801,-1.550146222114563,-4.526391506195068,1
42.024,LAND,3.343197822570801,-1.550146222114563,-4.526391506195068,1
42.032,LAND,3.343197822570801,-1.550146222114563,-4.526391506195068,1
42.036,LAND,3.343197822570801,-1.550146222114563,-4.526391506195068,1
42.044,LAND,3.3536593914031982,-1.5501056909561157,-4.537240982055664,1
42.048,LAND,3.3536593914031982,-1.5501056909561157,-4.537240982055664,1
42.052,LAND,3.3536593914031982,-1.5501056909561157,-4.537240982055664,1
42.056,LAND,3.3536593914031982,-1.5501056909561157,-4.537240982055664,1
42.064,LAND,3.3536593914031982,-1.5501056909561157,-4.537240982055664,1
42.068,LAND,3.3606903553009033,-1.5500874519348145,-4.544559001922607,1
42.072,LAND,3.3606903553009033,-1.5500874519348145,-4.544559001922607,1
42.076,LAND,3.3606903553009033,-1.5500874519348145,-4.544559001922607,1
42.084,LAND,3.3606903553009033,-1.5500874519348145,-4.544559001922607,1
42.088,LAND,3.371307849884033,-1.5500681400299072,-4.555599689483643,1
42.088,LAND,3.371307849884033,-1.5500681400299072,-4.555599689483643,1
42.092,LAND,3.371307849884033,-1.5500681400299072,-4.555599689483643,1
42.104,LAND,3.378438711166382,-1.5500596761703491,-4.563016414642334,1
42.108,LAND,3.378438711166382,-1.5500596761703491,-4.563016414642334,1
42.112,LAND,3.378438711166382,-1.5500596761703491,-4.563016414642334,1
42.116,LAND,3.378438711166382,-1.5500596761703491,-4.563016414642334,1
42.124,LAND,3.378438711166382,-1.5500596761703491,-4.563016414642334,1
42.128,LAND,3.3892064094543457,-1.5500580072402954,-4.574246883392334,1
42.132,LAND,3.3892064094543457,-1.5500580072402954,-4.574246883392334,1
42.136,LAND,3.3892064094543457,-1.5500580072402954,-4.574246883392334,1
42.144,LAND,3.3892064094543457,-1.5500580072402954,-4.574246883392334,1
42.148,LAND,3.3938052654266357,-1.5495779514312744,-4.579971790313721,1
42.152,LAND,3.3938052654266357,-1.5495779514312744,-4.579971790313721,1
42.156,LAND,3.3938052654266357,-1.5495779514312744,-4.579971790313721,1
42.164,LAND,3.4009900093078613,-1.5489095449447632,-4.588839054107666,1
42.164,LAND,3.4009900093078613,-1.5489095449447632,-4.588839054107666,1
42.168,LAND,3.4009900093078613,-1.5489095449447632,-4.588839054107666,1
42.176,LAND,3.4009900093078613,-1.5489095449447632,-4.588839054107666,1
42.184,LAND,3.4009900093078613,-1.5489095449447632,-4.588839054107666,1
42.188,LAND,3.405951976776123,-1.5484919548034668,-4.594926357269287,1
42.192,LAND,3.405951976776123,-1.5484919548034668,-4.594926357269287,1
42.196,LAND,3.405951976776123,-1.5484919548034668,-4.594926357269287,1
42.204,LAND,3.405951976776123,-1.5484919548034668,-4.594926357269287,1
42.204,LAND,3.413642406463623,-1.5479087829589844,-4.604256629943848,1
42.212,LAND,3.413642406463623,-1.5479087829589844,-4.604256629943848,1
42.216,LAND,3.413642406463623,-1.5479087829589844,-4.604256629943848,1
42.224,LAND,3.4189224243164062,-1.5475460290908813,-4.610614776611328,1
42.228,LAND,3.4189224243164062,-1.5475460290908813,-4.610614776611328,1
42.232,LAND,3.4189224243164062,-1.5475460290908813,-4.610614776611328,1
42.236,LAND,3.4189224243164062,-1.5475460290908813,-4.610614776611328,1
42.244,LAND,3.4189224243164062,-1.5475460290908813,-4.610614776611328,1
42.248,LAND,3.4270503520965576,-1.547044277191162,-4.620338439941406,1
42.252,LAND,3.4270503520965576,-1.547044277191162,-4.620338439941406,1
42.256,LAND,3.4270503520965576,-1.547044277191162,-4.620338439941406,1
42.264,LAND,3.43259596824646,-1.5467352867126465,-4.626925945281982,1
42.268,LAND,3.43259596824646,-1.5467352867126465,-4.626925945281982,1
42.272,LAND,3.43259596824646,-1.5467352867126465,-4.626925945281982,1
42.276,LAND,3.43259596824646,-1.5467352867126465,-4.626925945281982,1
42.284,LAND,3.43259596824646,-1.5467352867126465,-4.626925945281982,1
42.288,LAND,3.4410979747772217,-1.5463035106658936,-4.637008190155029,1
42.292,LAND,3.4410979747772217,-1.5463035106658936,-4.637008190155029,1
42.292,LAND,3.4410979747772217,-1.5463035106658936,-4.637008190155029,1
42.304,LAND,3.4468746185302734,-1.546036958694458,-4.643829822540283,1
42.308,LAND,3.4468746185302734,-1.546036958694458,-4.643829822540283,1
42.312,LAND,3.4468746185302734,-1.546036958694458,-4.643829822540283,1
42.316,LAND,3.4468746185302734,-1.546036958694458,-4.643829822540283,1
42.324,LAND,3.4468746185302734,-1.546036958694458,-4.643829822540283,1
42.328,LAND,3.455693006515503,-1.5456656217575073,-4.654204368591309,1
42.332,LAND,3.455693006515503,-1.5456656217575073,-4.654204368591309,1
42.336,LAND,3.455693006515503,-1.5456656217575073,-4.654204368591309,1
42.344,LAND,3.455693006515503,-1.5456656217575073,-4.654204368591309,1
42.348,LAND,3.4616658687591553,-1.5454323291778564,-4.661230087280273,1
42.352,LAND,3.4616658687591553,-1.5454323291778564,-4.661230087280273,1
42.356,LAND,3.4616658687591553,-1.5454323291778564,-4.661230087280273,1
42.364,LAND,3.4616658687591553,-1.5454323291778564,-4.661230087280273,1
42.368,LAND,3.4707460403442383,-1.5451030731201172,-4.671899795532227,1
42.372,LAND,3.4707460403442383,-1.5451030731201172,-4.671899795532227,1
42.376,LAND,3.4707460403442383,-1.5451030731201172,-4.671899795532227,1
42.384,LAND,3.4707460403442383,-1.5451030731201172,-4.671899795532227,1
42.388,LAND,3.476872205734253,-1.5448921918869019,-4.679081439971924,1
42.388,LAND,3.476872205734253,-1.5448921918869019,-4.679081439971924,1
42.396,LAND,3.476872205734253,-1.5448921918869019,-4.679081439971924,1
42.404,LAND,3.476872205734253,-1.5448921918869019,-4.679081439971924,1
42.408,LAND,3.4861581325531006,-1.5445747375488281,-4.690000534057617,1
42.412,LAND,3.4861581325531006,-1.5445747375488281,-4.690000534057617,1
42.416,LAND,3.4861581325531006,-1.5445747375488281,-4.690000534057617,1
42.424,LAND,3.4861581325531006,-1.5445747375488281,-4.690000534057617,1
42.428,LAND,3.4924070835113525,-1.5443731546401978,-4.697343826293945,1
42.432,LAND,3.4924070835113525,-1.5443731546401978,-4.697343826293945,1
42.432,LAND,3.4924070835113525,-1.5443731546401978,-4.697343826293945,1
42.444,LAND,3.5018720626831055,-1.5440837144851685,-4.708451271057129,1
42.448,LAND,3.5018720626831055,-1.5440837144851685,-4.708451271057129,1
42.448,LAND,3.5018720626831055,-1.5440837144851685,-4.708451271057129,1
42.456,LAND,3.5018720626831055,-1.5440837144851685,-4.708451271057129,1
42.464,LAND,3.5018720626831055,-1.5440837144851685,-4.708451271057129,1
42.468,LAND,3.5082342624664307,-1.543897271156311,-4.715930461883545,1
42.472,LAND,3.5082342624664307,-1.543897271156311,-4.715930461883545,1
42.476,LAND,3.5082342624664307,-1.543897271156311,-4.715930461883545,1
42.484,LAND,3.5082342624664307,-1.543897271156311,-4.715930461883545,1
42.488,LAND,3.5178489685058594,-1.5436207056045532,-4.727237701416016,1
42.492,LAND,3.5178489685058594,-1.5436207056045532,-4.727237701416016,1
42.492,LAND,3.5178489685058594,-1.5436207056045532,-4.727237701416016,1
42.504,LAND,3.524296998977661,-1.5434458255767822,-4.7348198890686035,1
42.508,LAND,3.524296998977661,-1.5434458255767822,-4.7348198890686035,1
42.508,LAND,3.524296998977661,-1.5434458255767822,-4.7348198890686035,1
42.516,LAND,3.524296998977661,-1.5434458255767822,-4.7348198890686035,1
42.524,LAND,3.534024238586426,-1.5431972742080688,-4.7462944984436035,1
42.528,LAND,3.534024238586426,-1.5431972742080688,-4.7462944984436035,1
42.532,LAND,3.534024238586426,-1.5431972742080688,-4.7462944984436035,1
42.536,LAND,3.534024238586426,-1.5431972742080688,-4.7462944984436035,1
42.544,LAND,3.5379531383514404,-1.5425828695297241,-4.752157211303711,1
42.548,LAND,3.5379531383514404,-1.5425828695297241,-4.752157211303711,1
42.552,LAND,3.5379531383514404,-1.5425828695297241,-4.752157211303711,1
42.556,LAND,3.5379531383514404,-1.5425828695297241,-4.752157211303711,1
42.564,LAND,3.5441322326660156,-1.5417190790176392,-4.761204719543457,1
42.568,LAND,3.5441322326660156,-1.5417190790176392,-4.761204719543457,1
42.572,LAND,3.5441322326660156,-1.5417190790176392,-4.761204719543457,1
42.576,LAND,3.5441322326660156,-1.5417190790176392,-4.761204719543457,1
42.584,LAND,3.5441322326660156,-1.5417190790176392,-4.761204719543457,1
42.588,LAND,3.5484225749969482,-1.541172981262207,-4.76741361618042,1
42.592,LAND,3.5484225749969482,-1.541172981262207,-4.76741361618042,1
42.596,LAND,3.5484225749969482,-1.541172981262207,-4.76741361618042,1
42.604,LAND,3.5550854206085205,-1.5403971672058105,-4.776939868927002,1
42.608,LAND,3.5550854206085205,-1.5403971672058105,-4.776939868927002,1
42.612,LAND,3.5550854206085205,-1.5403971672058105,-4.776939868927002,1
42.616,LAND,3.5550854206085205,-1.5403971672058105,-4.776939868927002,1
42.624,LAND,3.5550854206085205,-1.5403971672058105,-4.776939868927002,1
42.628,LAND,3.559669256210327,-1.5399119853973389,-4.783405780792236,1
42.632,LAND,3.559669256210327,-1.5399119853973389,-4.783405780792236,1
42.636,LAND,3.559669256210327,-1.5399119853973389,-4.783405780792236,1
42.644,LAND,3.559669256210327,-1.5399119853973389,-4.783405780792236,1
42.648,LAND,3.5667436122894287,-1.5392310619354248,-4.793319225311279,1
42.652,LAND,3.5667436122894287,-1.5392310619354248,-4.793319225311279,1
42.656,LAND,3.5667436122894287,-1.5392310619354248,-4.793319225311279,1
42.664,LAND,3.5667436122894287,-1.5392310619354248,-4.793319225311279,1
42.668,LAND,3.5715835094451904,-1.538804531097412,-4.800045490264893,1
42.672,LAND,3.5715835094451904,-1.538804531097412,-4.800045490264893,1
42.676,LAND,3.5715835094451904,-1.538804531097412,-4.800045490264893,1
42.684,LAND,3.5715835094451904,-1.538804531097412,-4.800045490264893,1
42.688,LAND,3.579009771347046,-1.5381945371627808,-4.810299396514893,1
42.692,LAND,3.579009771347046,-1.5381945371627808,-4.810299396514893,1
42.696,LAND,3.579009771347046,-1.5381945371627808,-4.810299396514893,1
42.704,LAND,3.584064245223999,-1.5378111600875854,-4.817262649536133,1
42.704,LAND,3.584064245223999,-1.5378111600875854,-4.817262649536133,1
42.712,LAND,3.584064245223999,-1.5378111600875854,-4.817262649536133,1
42.716,LAND,3.584064245223999,-1.5378111600875854,-4.817262649536133,1
42.724,LAND,3.584064245223999,-1.5378111600875854,-4.817262649536133,1
42.728,LAND,3.5917916297912598,-1.5372658967971802,-4.82785701751709,1
42.732,LAND,3.5917916297912598,-1.5372658967971802,-4.82785701751709,1
42.736,LAND,3.5917916297912598,-1.5372658967971802,-4.82785701751709,1
42.744,LAND,3.5917916297912598,-1.5372658967971802,-4.82785701751709,1
42.748,LAND,3.597031593322754,-1.5369174480438232,-4.835001468658447,1
42.752,LAND,3.597031593322754,-1.5369174480438232,-4.835001468658447,1
42.756,LAND,3.597031593322754,-1.5369174480438232,-4.835001468658447,1
42.764,LAND,3.597031593322754,-1.5369174480438232,-4.835001468658447,1
42.768,LAND,3.605011224746704,-1.5364121198654175,-4.8458733558654785,1
42.772,LAND,3.605011224746704,-1.5364121198654175,-4.8458733558654785,1
42.776,LAND,3.605011224746704,-1.5364121198654175,-4.8458733558654785,1
42.784,LAND,3.605011224746704,-1.5364121198654175,-4.8458733558654785,1
42.788,LAND,3.610395669937134,-1.5360897779464722,-4.85319185256958,1
42.792,LAND,3.610395669937134,-1.5360897779464722,-4.85319185256958,1
42.796,LAND,3.610395669937134,-1.5360897779464722,-4.85319185256958,1
42.804,LAND,3.610395669937134,-1.5360897779464722,-4.85319185256958,1
42.808,LAND,3.6185712814331055,-1.535617709159851,-4.8642802238464355,1
42.812,LAND,3.6185712814331055,-1.535617709159851,-4.8642802238464355,1
42.816,LAND,3.6185712814331055,-1.535617709159851,-4.8642802238464355,1
42.824,LAND,3.6240768432617188,-1.5353080034255981,-4.871768951416016,1
42.828,LAND,3.6240768432617188,-1.5353080034255981,-4.871768951416016,1
42.832,LAND,3.6240768432617188,-1.5353080034255981,-4.871768951416016,1
42.836,LAND,3.6240768432617188,-1.5353080034255981,-4.871768951416016,1
42.844,LAND,3.6324031352996826,-1.5348544120788574,-4.883106231689453,1
42.844,LAND,3.6324031352996826,-1.5348544120788574,-4.883106231689453,1
42.852,LAND,3.6324031352996826,-1.5348544120788574,-4.883106231689453,1
42.856,LAND,3.6324031352996826,-1.5348544120788574,-4.883106231689453,1
42.864,LAND,3.6324031352996826,-1.5348544120788574,-4.883106231689453,1
42.872,LAND,3.6379995346069336,-1.5345609188079834,-4.8907084465026855,1
42.872,LAND,3.6379995346069336,-1.5345609188079834,-4.8907084465026855,1
42.884,LAND,3.6379995346069336,-1.5345609188079834,-4.8907084465026855,1
42.892,LAND,3.6379995346069336,-1.5345609188079834,-4.8907084465026855,1
42.896,LAND,3.646456718444824,-1.5341229438781738,-4.902232646942139,1
42.896,LAND,3.646456718444824,-1.5341229438781738,-4.902232646942139,1
42.904,LAND,3.646456718444824,-1.5341229438781738,-4.902232646942139,1
42.904,LAND,3.646456718444824,-1.5341229438781738,-4.902232646942139,1
42.904,LAND,3.6549746990203857,-1.5336960554122925,-4.913841247558594,1
42.928,LAND,3.6549746990203857,-1.5336960554122925,-4.913841247558594,1
42.928,LAND,3.6549746990203857,-1.5336960554122925,-4.913841247558594,1
42.928,LAND,3.6606998443603516,-1.533419132232666,-4.921645641326904,1
42.936,LAND,3.6606998443603516,-1.533419132232666,-4.921645641326904,1
42.94,LAND,3.6606998443603516,-1.533419132232666,-4.921645641326904,1
42.94,LAND,3.6606998443603516,-1.533419132232666,-4.921645641326904,1
42.964,LAND,3.6639645099639893,-1.5327450037002563,-4.927618980407715,1
42.968,LAND,3.6639645099639893,-1.5327450037002563,-4.927618980407715,1
42.972,LAND,3.6639645099639893,-1.5327450037002563,-4.927618980407715,1
42.976,LAND,3.6639645099639893,-1.5327450037002563,-4.927618980407715,1
42.976,LAND,3.669130802154541,-1.5317820310592651,-4.9368367195129395,1
42.984,LAND,3.669130802154541,-1.5317820310592651,-4.9368367195129395,1
42.984,LAND,3.669130802154541,-1.5317820310592651,-4.9368367195129395,1
42.992,LAND,3.669130802154541,-1.5317820310592651,-4.9368367195129395,1
42.992,LAND,3.672739028930664,-1.5311754941940308,-4.943127155303955,1
42.992,LAND,3.672739028930664,-1.5311754941940308,-4.943127155303955,1
42.992,LAND,3.672739028930664,-1.5311754941940308,-4.943127155303955,1
43.004,LAND,3.672739028930664,-1.5311754941940308,-4.943127155303955,1
43.008,LAND,3.672739028930664,-1.5311754941940308,-4.943127155303955,1
43.008,LAND,3.6783785820007324,-1.5303109884262085,-4.952814102172852,1
43.036,LAND,3.6783785820007324,-1.5303109884262085,-4.952814102172852,1
43.036,LAND,3.6783785820007324,-1.5303109884262085,-4.952814102172852,1
43.044,LAND,3.6822726726531982,-1.5297623872756958,-4.959404468536377,1
43.048,LAND,3.6822726726531982,-1.5297623872756958,-4.959404468536377,1
43.064,LAND,3.6822726726531982,-1.5297623872756958,-4.959404468536377,1
43.064,LAND,3.6822726726531982,-1.5297623872756958,-4.959404468536377,1
43.076,LAND,3.6882998943328857,-1.5289838314056396,-4.9694929122924805,1
43.076,LAND,3.6882998943328857,-1.5289838314056396,-4.9694929122924805,1
43.088,LAND,3.6882998943328857,-1.5289838314056396,-4.9694929122924805,1
43.088,LAND,3.6882998943328857,-1.5289838314056396,-4.9694929122924805,1
43.088,LAND,3.6882998943328857,-1.5289838314056396,-4.9694929122924805,1
43.092,LAND,3.6945290565490723,-1.5282343626022339,-4.979847431182861,1
43.1,LAND,3.6945290565490723,-1.5282343626022339,-4.979847431182861,1
43.1,LAND,3.6945290565490723,-1.5282343626022339,-4.979847431182861,1
43.116,LAND,3.698782205581665,-1.527750849723816,-4.986855983734131,1
43.116,LAND,3.698782205581665,-1.527750849723816,-4.986855983734131,1
43.124,LAND,3.698782205581665,-1.527750849723816,-4.986855983734131,1
43.124,LAND,3.698782205581665,-1.527750849723816,-4.986855983734131,1
43.136,LAND,3.703110694885254,-1.5272839069366455,-4.993946075439453,1
43.148,LAND,3.703110694885254,-1.5272839069366455,-4.993946075439453,1
43.148,LAND,3.703110694885254,-1.5272839069366455,-4.993946075439453,1
43.168,LAND,3.703110694885254,-1.5272839069366455,-4.993946075439453,1
43.168,LAND,3.7097277641296387,-1.5266034603118896,-5.004762649536133,1
43.176,LAND,3.7097277641296387,-1.5266034603118896,-5.004762649536133,1
43.176,LAND,3.7097277641296387,-1.5266034603118896,-5.004762649536133,1
43.192,LAND,3.7097277641296387,-1.5266034603118896,-5.004762649536133,1
43.192,LAND,3.7142138481140137,-1.5261574983596802,-5.012060642242432,1
43.2,LAND,3.7142138481140137,-1.5261574983596802,-5.012060642242432,1
43.208,LAND,3.7142138481140137,-1.5261574983596802,-5.012060642242432,1
43.212,LAND,3.7142138481140137,-1.5261574983596802,-5.012060642242432,1
43.22,LAND,3.7142138481140137,-1.5261574983596802,-5.012060642242432,1
43.224,LAND,3.7210540771484375,-1.5254991054534912,-5.023141860961914,1
43.224,LAND,3.7210540771484375,-1.5254991054534912,-5.023141860961914,1
43.228,LAND,3.7210540771484375,-1.5254991054534912,-5.023141860961914,1
43.228,LAND,3.7210540771484375,-1.5254991054534912,-5.023141860961914,1
43.252,LAND,3.7256784439086914,-1.5250756740570068,-5.030637741088867,1
43.252,LAND,3.7256784439086914,-1.5250756740570068,-5.030637741088867,1
43.256,LAND,3.7256784439086914,-1.5250756740570068,-5.030637741088867,1
43.256,LAND,3.7256784439086914,-1.5250756740570068,-5.030637741088867,1
43.276,LAND,3.7327003479003906,-1.5244598388671875,-5.0420074462890625,1
43.276,LAND,3.7327003479003906,-1.5244598388671875,-5.0420074462890625,1
43.288,LAND,3.7327003479003906,-1.5244598388671875,-5.0420074462890625,1
43.292,LAND,3.737424850463867,-1.5240594148635864,-5.049649238586426,1
43.292,LAND,3.737424850463867,-1.5240594148635864,-5.049649238586426,1
43.296,LAND,3.737424850463867,-1.5240594148635864,-5.049649238586426,1
43.296,LAND,3.7445662021636963,-1.5234670639038086,-5.061247825622559,1
43.3,LAND,3.7445662021636963,-1.5234670639038086,-5.061247825622559,1
43.308,LAND,3.7445662021636963,-1.5234670639038086,-5.061247825622559,1
43.308,LAND,3.7445662021636963,-1.5234670639038086,-5.061247825622559,1
43.316,LAND,3.7493679523468018,-1.5230789184570312,-5.0690412521362305,1
43.32,LAND,3.7493679523468018,-1.5230789184570312,-5.0690412521362305,1
43.32,LAND,3.7566027641296387,-1.5225013494491577,-5.080815315246582,1
43.32,LAND,3.7566027641296387,-1.5225013494491577,-5.080815315246582,1
43.356,LAND,3.7566027641296387,-1.5225013494491577,-5.080815315246582,1
43.356,LAND,3.7639012336730957,-1.5219299793243408,-5.0927414894104,1
43.36,LAND,3.7639012336730957,-1.5219299793243408,-5.0927414894104,1
43.372,LAND,3.7639012336730957,-1.5219299793243408,-5.0927414894104,1
43.372,LAND,3.7639012336730957,-1.5219299793243408,-5.0927414894104,1
43.372,LAND,3.768803596496582,-1.521552324295044,-5.100722312927246,1
43.396,LAND,3.768803596496582,-1.521552324295044,-5.100722312927246,1
43.4,LAND,3.768803596496582,-1.521552324295044,-5.100722312927246,1
43.4,LAND,3.768803596496582,-1.521552324295044,-5.100722312927246,1
43.4,LAND,3.7713372707366943,-1.5207957029342651,-5.108356952667236,1
43.404,LAND,3.7713372707366943,-1.5207957029342651,-5.108356952667236,1
43.404,LAND,3.7713372707366943,-1.5207957029342651,-5.108356952667236,1
43.408,LAND,3.7713372707366943,-1.5207957029342651,-5.108356952667236,1
43.408,LAND,3.7713372707366943,-1.5207957029342651,-5.108356952667236,1
43.408,LAND,3.775373935699463,-1.5197079181671143,-5.119949817657471,1
43.436,LAND,3.775373935699463,-1.5197079181671143,-5.119949817657471,1
43.436,LAND,3.775373935699463,-1.5197079181671143,-5.119949817657471,1
43.44,LAND,3.7782132625579834,-1.519007682800293,-5.127715587615967,1
43.44,LAND,3.7782132625579834,-1.519007682800293,-5.127715587615967,1
43.444,LAND,3.7826733589172363,-1.51799476146698,-5.139499187469482,1
43.468,LAND,3.7826733589172363,-1.51799476146698,-5.139499187469482,1
43.468,LAND,3.7826733589172363,-1.51799476146698,-5.139499187469482,1
43.468,LAND,3.7826733589172363,-1.51799476146698,-5.139499187469482,1
43.468,LAND,3.7857742309570312,-1.5173461437225342,-5.147433280944824,1
43.484,LAND,3.7857742309570312,-1.5173461437225342,-5.147433280944824,1
43.488,LAND,3.7857742309570312,-1.5173461437225342,-5.147433280944824,1
43.488,LAND,3.790600299835205,-1.5164045095443726,-5.159369945526123,1
43.492,LAND,3.790600299835205,-1.5164045095443726,-5.159369945526123,1
43.492,LAND,3.790600299835205,-1.5164045095443726,-5.159369945526123,1
43.492,LAND,3.790600299835205,-1.5164045095443726,-5.159369945526123,1
43.504,LAND,3.790600299835205,-1.5164045095443726,-5.159369945526123,1
43.508,LAND,3.7939295768737793,-1.5158002376556396,-5.167398929595947,1
43.52,LAND,3.7939295768737793,-1.5158002376556396,-5.167398929595947,1
43.52,LAND,3.7939295768737793,-1.5158002376556396,-5.167398929595947,1
43.52,LAND,3.7939295768737793,-1.5158002376556396,-5.167398929595947,1
43.52,LAND,3.7939295768737793,-1.5158002376556396,-5.167398929595947,1
43.528,LAND,3.7939295768737793,-1.5158002376556396,-5.167398929595947,1
43.552,LAND,3.802577495574951,-1.5143486261367798,-5.187681198120117,1
43.552,LAND,3.802577495574951,-1.5143486261367798,-5.187681198120117,1
43.556,LAND,3.802577495574951,-1.5143486261367798,-5.187681198120117,1
43.56,LAND,3.802577495574951,-1.5143486261367798,-5.187681198120117,1
43.56,LAND,3.8079543113708496,-1.5134996175765991,-5.199971675872803,1
43.56,LAND,3.8079543113708496,-1.5134996175765991,-5.199971675872803,1
43.584,LAND,3.8079543113708496,-1.5134996175765991,-5.199971675872803,1
43.596,LAND,3.8116037845611572,-1.512938380241394,-5.208232402801514,1
43.596,LAND,3.8116037845611572,-1.512938380241394,-5.208232402801514,1
43.6,LAND,3.8116037845611572,-1.512938380241394,-5.208232402801514,1
43.608,LAND,3.8116037845611572,-1.512938380241394,-5.208232402801514,1
43.608,LAND,3.817166328430176,-1.5121077299118042,-5.220648765563965,1
43.612,LAND,3.817166328430176,-1.5121077299118042,-5.220648765563965,1
43.612,LAND,3.817166328430176,-1.5121077299118042,-5.220648765563965,1
43.62,LAND,3.817166328430176,-1.5121077299118042,-5.220648765563965,1
43.632,LAND,3.8209264278411865,-1.5115638971328735,-5.228992462158203,1
43.632,LAND,3.8209264278411865,-1.5115638971328735,-5.228992462158203,1
43.648,LAND,3.8209264278411865,-1.5115638971328735,-5.228992462158203,1
43.652,LAND,3.8209264278411865,-1.5115638971328735,-5.228992462158203,1
43.664,LAND,3.8209264278411865,-1.5115638971328735,-5.228992462158203,1
43.672,LAND,3.826641082763672,-1.5107454061508179,-5.241604804992676,1
43.68,LAND,3.826641082763672,-1.5107454061508179,-5.241604804992676,1
43.68,LAND,3.826641082763672,-1.5107454061508179,-5.241604804992676,1
43.688,LAND,3.8304977416992188,-1.5102020502090454,-5.250021457672119,1
43.692,LAND,3.8304977416992188,-1.5102020502090454,-5.250021457672119,1
43.692,LAND,3.8304977416992188,-1.5102020502090454,-5.250021457672119,1
43.696,LAND,3.8304977416992188,-1.5102020502090454,-5.250021457672119,1
43.7,LAND,3.8363454341888428,-1.5093976259231567,-5.262744903564453,1
43.7,LAND,3.8363454341888428,-1.5093976259231567,-5.262744903564453,1
43.704,LAND,3.8363454341888428,-1.5093976259231567,-5.262744903564453,1
43.704,LAND,3.8363454341888428,-1.5093976259231567,-5.262744903564453,1
43.72,LAND,3.840278387069702,-1.5088655948638916,-5.271255016326904,1
43.72,LAND,3.840278387069702,-1.5088655948638916,-5.271255016326904,1
43.72,LAND,3.840278387069702,-1.5088655948638916,-5.271255016326904,1
43.72,LAND,3.840278387069702,-1.5088655948638916,-5.271255016326904,1
43.744,LAND,3.8462088108062744,-1.5080653429031372,-5.284054279327393,1
43.744,LAND,3.8462088108062744,-1.5080653429031372,-5.284054279327393,1
43.744,LAND,3.8462088108062744,-1.5080653429031372,-5.284054279327393,1
43.764,LAND,3.8462088108062744,-1.5080653429031372,-5.284054279327393,1
43.764,LAND,3.8501861095428467,-1.5075325965881348,-5.292649745941162,1
43.772,LAND,3.8501861095428467,-1.5075325965881348,-5.292649745941162,1
43.772,LAND,3.8501861095428467,-1.5075325965881348,-5.292649745941162,1
43.772,LAND,3.8501861095428467,-1.5075325965881348,-5.292649745941162,1
43.78,LAND,3.8561878204345703,-1.5067365169525146,-5.305578231811523,1
43.78,LAND,3.8561878204345703,-1.5067365169525146,-5.305578231811523,1
43.792,LAND,3.8561878204345703,-1.5067365169525146,-5.305578231811523,1
43.796,LAND,3.857927083969116,-1.505861759185791,-5.313831806182861,1
43.796,LAND,3.857927083969116,-1.505861759185791,-5.313831806182861,1
43.796,LAND,3.857927083969116,-1.505861759185791,-5.313831806182861,1
43.8,LAND,3.8607702255249023,-1.5045969486236572,-5.326330184936523,1
43.808,LAND,3.8607702255249023,-1.5045969486236572,-5.326330184936523,1
43.808,LAND,3.8607702255249023,-1.5045969486236572,-5.326330184936523,1
43.844,LAND,3.8607702255249023,-1.5045969486236572,-5.326330184936523,1
43.844,LAND,3.862802505493164,-1.5037788152694702,-5.334710121154785,1
43.844,LAND,3.862802505493164,-1.5037788152694702,-5.334710121154785,1
43.868,LAND,3.866041421890259,-1.502587080001831,-5.347347736358643,1
43.868,LAND,3.866041421890259,-1.502587080001831,-5.347347736358643,1
43.884,LAND,3.866041421890259,-1.502587080001831,-5.347347736358643,1
43.884,LAND,3.866041421890259,-1.502587080001831,-5.347347736358643,1
43.896,LAND,3.866041421890259,-1.502587080001831,-5.347347736358643,1
43.896,LAND,3.8683156967163086,-1.5018091201782227,-5.355838775634766,1
43.9,LAND,3.8683156967163086,-1.5018091201782227,-5.355838775634766,1
43.908,LAND,3.8683156967163086,-1.5018091201782227,-5.355838775634766,1
43.908,LAND,3.8718860149383545,-1.500671625137329,-5.368621349334717,1
43.908,LAND,3.8718860149383545,-1.500671625137329,-5.368621349334717,1
43.912,LAND,3.8718860149383545,-1.500671625137329,-5.368621349334717,1
43.912,LAND,3.874356746673584,-1.4999297857284546,-5.377203941345215,1
43.912,LAND,3.874356746673584,-1.4999297857284546,-5.377203941345215,1
43.912,LAND,3.874356746673584,-1.4999297857284546,-5.377203941345215,1
43.912,LAND,3.874356746673584,-1.4999297857284546,-5.377203941345215,1
43.952,LAND,3.874356746673584,-1.4999297857284546,-5.377203941345215,1
43.96,LAND,3.878197431564331,-1.4988458156585693,-5.390161514282227,1
43.96,LAND,3.878197431564331,-1.4988458156585693,-5.390161514282227,1
43.976,LAND,3.8808388710021973,-1.498138189315796,-5.398837566375732,1
43.98,LAND,3.8808388710021973,-1.498138189315796,-5.398837566375732,1
43.98,LAND,3.8808388710021973,-1.498138189315796,-5.398837566375732,1
43.988,LAND,3.884904146194458,-1.4970961809158325,-5.411902904510498,1
43.996,LAND,3.884904146194458,-1.4970961809158325,-5.411902904510498,1
43.996,LAND,3.884904146194458,-1.4970961809158325,-5.411902904510498,1
43.996,LAND,3.884904146194458,-1.4970961809158325,-5.411902904510498,1
44.0,LAND,3.8859829902648926,-1.4956092834472656,-5.424485683441162,1
44.004,LAND,3.8859829902648926,-1.4956092834472656,-5.424485683441162,1
44.008,LAND,3.8859829902648926,-1.4956092834472656,-5.424485683441162,1
44.008,LAND,3.8868939876556396,-1.4946519136428833,-5.432902812957764,1
44.032,LAND,3.8868939876556396,-1.4946519136428833,-5.432902812957764,1
44.04,LAND,3.8868939876556396,-1.4946519136428833,-5.432902812957764,1
44.044,LAND,3.887930154800415,-1.4937173128128052,-5.441386699676514,1
44.044,LAND,3.887930154800415,-1.4937173128128052,-5.441386699676514,1
44.052,LAND,3.887930154800415,-1.4937173128128052,-5.441386699676514,1
44.052,LAND,3.8896987438201904,-1.492350459098816,-5.454220294952393,1
44.056,LAND,3.8896987438201904,-1.492350459098816,-5.454220294952393,1
44.06,LAND,3.8896987438201904,-1.492350459098816,-5.454220294952393,1
44.06,LAND,3.8896987438201904,-1.492350459098816,-5.454220294952393,1
44.064,LAND,3.8910207748413086,-1.4914655685424805,-5.462820053100586,1
44.064,LAND,3.8910207748413086,-1.4914655685424805,-5.462820053100586,1
44.064,LAND,3.8910207748413086,-1.4914655685424805,-5.462820053100586,1
44.068,LAND,3.8910207748413086,-1.4914655685424805,-5.462820053100586,1
44.068,LAND,3.8931944370269775,-1.4901663064956665,-5.4757890701293945,1
44.068,LAND,3.8931944370269775,-1.4901663064956665,-5.4757890701293945,1
44.076,LAND,3.8931944370269775,-1.4901663064956665,-5.4757890701293945,1
44.084,LAND,3.8931944370269775,-1.4901663064956665,-5.4757890701293945,1
44.096,LAND,3.8947694301605225,-1.4893198013305664,-5.4845099449157715,1
44.096,LAND,3.8947694301605225,-1.4893198013305664,-5.4845099449157715,1
44.104,LAND,3.8947694301605225,-1.4893198013305664,-5.4845099449157715,1
44.104,LAND,3.8947694301605225,-1.4893198013305664,-5.4845099449157715,1
44.116,LAND,3.8972792625427246,-1.4880869388580322,-5.497652530670166,1
44.116,LAND,3.8972792625427246,-1.4880869388580322,-5.497652530670166,1
44.132,LAND,3.8972792625427246,-1.4880869388580322,-5.497652530670166,1
44.132,LAND,3.8972792625427246,-1.4880869388580322,-5.497652530670166,1
44.136,LAND,3.8972792625427246,-1.4880869388580322,-5.497652530670166,1
44.136,LAND,3.8990466594696045,-1.4872844219207764,-5.506465911865234,1
44.14,LAND,3.8990466594696045,-1.4872844219207764,-5.506465911865234,1
44.14,LAND,3.8990466594696045,-1.4872844219207764,-5.506465911865234,1
44.144,LAND,3.901827335357666,-1.4861077070236206,-5.5197906494140625,1
44.164,LAND,3.901827335357666,-1.4861077070236206,-5.5197906494140625,1
44.164,LAND,3.901827335357666,-1.4861077070236206,-5.5197906494140625,1
44.164,LAND,3.901827335357666,-1.4861077070236206,-5.5197906494140625,1
44.172,LAND,3.903756618499756,-1.4853390455245972,-5.5287041664123535,1
44.18,LAND,3.903756618499756,-1.4853390455245972,-5.5287041664123535,1
44.18,LAND,3.903756618499756,-1.4853390455245972,-5.5287041664123535,1
44.184,LAND,3.903756618499756,-1.4853390455245972,-5.5287041664123535,1
44.188,LAND,3.906743049621582,-1.4842132329940796,-5.542129039764404,1
44.196,LAND,3.906743049621582,-1.4842132329940796,-5.542129039764404,1
44.196,LAND,3.906743049621582,-1.4842132329940796,-5.542129039764404,1
44.2,LAND,3.906743049621582,-1.4842132329940796,-5.542129039764404,1
44.204,LAND,3.906743049621582,-1.4842132329940796,-5.542129039764404,1
44.208,LAND,3.908785104751587,-1.483473539352417,-5.5511474609375,1
44.208,LAND,3.908785104751587,-1.483473539352417,-5.5511474609375,1
44.212,LAND,3.908785104751587,-1.483473539352417,-5.5511474609375,1
44.212,LAND,3.908785104751587,-1.483473539352417,-5.5511474609375,1
44.212,LAND,3.9119181632995605,-1.4823744297027588,-5.564703464508057,1
44.212,LAND,3.9119181632995605,-1.4823744297027588,-5.564703464508057,1
44.216,LAND,3.9119181632995605,-1.4823744297027588,-5.564703464508057,1
44.24,LAND,3.9140584468841553,-1.481653094291687,-5.573793411254883,1
44.24,LAND,3.9140584468841553,-1.481653094291687,-5.573793411254883,1
44.252,LAND,3.9140584468841553,-1.481653094291687,-5.573793411254883,1
44.252,LAND,3.9140584468841553,-1.481653094291687,-5.573793411254883,1
44.252,LAND,3.9173073768615723,-1.480584979057312,-5.587515830993652,1
44.252,LAND,3.9173073768615723,-1.480584979057312,-5.587515830993652,1
44.256,LAND,3.9173073768615723,-1.480584979057312,-5.587515830993652,1
44.256,LAND,3.9173073768615723,-1.480584979057312,-5.587515830993652,1
44.256,LAND,3.9173073768615723,-1.480584979057312,-5.587515830993652,1
44.256,LAND,3.919512987136841,-1.4798856973648071,-5.596704959869385,1
44.256,LAND,3.919512987136841,-1.4798856973648071,-5.596704959869385,1
44.264,LAND,3.919512987136841,-1.4798856973648071,-5.596704959869385,1
44.288,LAND,3.919512987136841,-1.4798856973648071,-5.596704959869385,1
44.292,LAND,3.9228553771972656,-1.4788451194763184,-5.6105265617370605,1
44.292,LAND,3.9228553771972656,-1.4788451194763184,-5.6105265617370605,1
44.3,LAND,3.9228553771972656,-1.4788451194763184,-5.6105265617370605,1
44.312,LAND,3.9228553771972656,-1.4788451194763184,-5.6105265617370605,1
44.312,LAND,3.925100088119507,-1.478158712387085,-5.619798183441162,1
44.312,LAND,3.925100088119507,-1.478158712387085,-5.619798183441162,1
44.32,LAND,3.925100088119507,-1.478158712387085,-5.619798183441162,1
44.328,LAND,3.9284775257110596,-1.4771409034729004,-5.633735656738281,1
44.332,LAND,3.9284775257110596,-1.4771409034729004,-5.633735656738281,1
44.332,LAND,3.9284775257110596,-1.4771409034729004,-5.633735656738281,1
44.344,LAND,3.9284775257110596,-1.4771409034729004,-5.633735656738281,1
44.344,LAND,3.928788900375366,-1.476148009300232,-5.642634391784668,1
44.352,LAND,3.928788900375366,-1.476148009300232,-5.642634391784668,1
44.352,LAND,3.928788900375366,-1.476148009300232,-5.642634391784668,1
44.352,LAND,3.928788900375366,-1.476148009300232,-5.642634391784668,1
44.356,LAND,3.928788900375366,-1.476148009300232,-5.642634391784668,1
44.356,LAND,3.9294519424438477,-1.4747012853622437,-5.6560893058776855,1
44.36,LAND,3.9294519424438477,-1.4747012853622437,-5.6560893058776855,1
44.372,LAND,3.9294519424438477,-1.4747012853622437,-5.6560893058776855,1
44.384,LAND,3.9294519424438477,-1.4747012853622437,-5.6560893058776855,1
44.384,LAND,3.9300155639648438,-1.4737643003463745,-5.665099620819092,1
44.388,LAND,3.9300155639648438,-1.4737643003463745,-5.665099620819092,1
44.392,LAND,3.9300155639648438,-1.4737643003463745,-5.665099620819092,1
44.404,LAND,3.931034803390503,-1.4723883867263794,-5.678685188293457,1
44.404,LAND,3.931034803390503,-1.4723883867263794,-5.678685188293457,1
44.404,LAND,3.931034803390503,-1.4723883867263794,-5.678685188293457,1
44.408,LAND,3.931034803390503,-1.4723883867263794,-5.678685188293457,1
44.424,LAND,3.9318127632141113,-1.4714930057525635,-5.68781852722168,1
44.428,LAND,3.9318127632141113,-1.4714930057525635,-5.68781852722168,1
44.428,LAND,3.9318127632141113,-1.4714930057525635,-5.68781852722168,1
44.428,LAND,3.9318127632141113,-1.4714930057525635,-5.68781852722168,1
44.444,LAND,3.9318127632141113,-1.4714930057525635,-5.68781852722168,1
44.444,LAND,3.933115243911743,-1.4701836109161377,-5.701552391052246,1
44.448,LAND,3.933115243911743,-1.4701836109161377,-5.701552391052246,1
44.448,LAND,3.933115243911743,-1.4701836109161377,-5.701552391052246,1
44.464,LAND,3.933115243911743,-1.4701836109161377,-5.701552391052246,1
44.468,LAND,3.9340615272521973,-1.4693244695663452,-5.710754871368408,1
44.468,LAND,3.9340615272521973,-1.4693244695663452,-5.710754871368408,1
44.472,LAND,3.9340615272521973,-1.4693244695663452,-5.710754871368408,1
44.484,LAND,3.9340615272521973,-1.4693244695663452,-5.710754871368408,1
44.488,LAND,3.935584545135498,-1.4680622816085815,-5.724656581878662,1
44.488,LAND,3.935584545135498,-1.4680622816085815,-5.724656581878662,1
44.496,LAND,3.935584545135498,-1.4680622816085815,-5.724656581878662,1
44.504,LAND,3.936664581298828,-1.4672367572784424,-5.733963489532471,1
44.508,LAND,3.936664581298828,-1.4672367572784424,-5.733963489532471,1
44.512,LAND,3.936664581298828,-1.4672367572784424,-5.733963489532471,1
44.516,LAND,3.936664581298828,-1.4672367572784424,-5.733963489532471,1
44.524,LAND,3.936664581298828,-1.4672367572784424,-5.733963489532471,1
44.528,LAND,3.938363552093506,-1.4660214185714722,-5.747973442077637,1
44.532,LAND,3.938363552093506,-1.4660214185714722,-5.747973442077637,1
44.536,LAND,3.938363552093506,-1.4660214185714722,-5.747973442077637,1
44.544,LAND,3.938363552093506,-1.4660214185714722,-5.747973442077637,1
44.548,LAND,3.939544439315796,-1.4652199745178223,-5.757376194000244,1
44.552,LAND,3.939544439315796,-1.4652199745178223,-5.757376194000244,1
44.556,LAND,3.939544439315796,-1.4652199745178223,-5.757376194000244,1
44.564,LAND,3.939544439315796,-1.4652199745178223,-5.757376194000244,1
44.568,LAND,3.941375970840454,-1.4640235900878906,-5.7715163230896,1
44.572,LAND,3.941375970840454,-1.4640235900878906,-5.7715163230896,1
44.572,LAND,3.941375970840454,-1.4640235900878906,-5.7715163230896,1
44.584,LAND,3.941375970840454,-1.4640235900878906,-5.7715163230896,1
44.588,LAND,3.9426348209381104,-1.4632333517074585,-5.780993461608887,1
44.588,LAND,3.9426348209381104,-1.4632333517074585,-5.780993461608887,1
44.592,LAND,3.9426348209381104,-1.4632333517074585,-5.780993461608887,1
44.604,LAND,3.9426348209381104,-1.4632333517074585,-5.780993461608887,1
44.608,LAND,3.944568395614624,-1.462066888809204,-5.79530143737793,1
44.612,LAND,3.944568395614624,-1.462066888809204,-5.79530143737793,1
44.612,LAND,3.944568395614624,-1.462066888809204,-5.79530143737793,1
44.624,LAND,3.9458823204040527,-1.4612942934036255,-5.804868221282959,1
44.628,LAND,3.9458823204040527,-1.4612942934036255,-5.804868221282959,1
44.632,LAND,3.9458823204040527,-1.4612942934036255,-5.804868221282959,1
44.636,LAND,3.9458823204040527,-1.4612942934036255,-5.804868221282959,1
44.644,LAND,3.9458823204040527,-1.4612942934036255,-5.804868221282959,1
44.648,LAND,3.947882652282715,-1.460142731666565,-5.819244861602783,1
44.652,LAND,3.947882652282715,-1.460142731666565,-5.819244861602783,1
44.652,LAND,3.947882652282715,-1.460142731666565,-5.819244861602783,1
44.664,LAND,3.9492242336273193,-1.4593795537948608,-5.828880310058594,1
44.664,LAND,3.9492242336273193,-1.4593795537948608,-5.828880310058594,1
44.668,LAND,3.9492242336273193,-1.4593795537948608,-5.828880310058594,1
44.672,LAND,3.9492242336273193,-1.4593795537948608,-5.828880310058594,1
44.684,LAND,3.9492242336273193,-1.4593795537948608,-5.828880310058594,1
44.688,LAND,3.951246738433838,-1.4582386016845703,-5.843350887298584,1
44.692,LAND,3.951246738433838,-1.4582386016845703,-5.843350887298584,1
44.696,LAND,3.951246738433838,-1.4582386016845703,-5.843350887298584,1
44.704,LAND,3.9526026248931885,-1.4574865102767944,-5.853029727935791,1
44.708,LAND,3.9526026248931885,-1.4574865102767944,-5.853029727935791,1
44.712,LAND,3.9526026248931885,-1.4574865102767944,-5.853029727935791,1
44.716,LAND,3.9526026248931885,-1.4574865102767944,-5.853029727935791,1
44.724,LAND,3.9526026248931885,-1.4574865102767944,-5.853029727935791,1
44.728,LAND,3.9546446800231934,-1.4563758373260498,-5.86762809753418,1
44.732,LAND,3.9546446800231934,-1.4563758373260498,-5.86762809753418,1
44.732,LAND,3.9546446800231934,-1.4563758373260498,-5.86762809753418,1
44.744,LAND,3.9546446800231934,-1.4563758373260498,-5.86762809753418,1
44.748,LAND,3.954221487045288,-1.455337643623352,-5.876956462860107,1
44.752,LAND,3.954221487045288,-1.455337643623352,-5.876956462860107,1
44.756,LAND,3.954221487045288,-1.455337643623352,-5.876956462860107,1
44.764,LAND,3.954221487045288,-1.455337643623352,-5.876956462860107,1
44.768,LAND,3.953758955001831,-1.453819751739502,-5.891005992889404,1
44.772,LAND,3.953758955001831,-1.453819751739502,-5.891005992889404,1
44.776,LAND,3.953758955001831,-1.453819751739502,-5.891005992889404,1
44.784,LAND,3.953758955001831,-1.453819751739502,-5.891005992889404,1
44.788,LAND,3.95355224609375,-1.4528299570083618,-5.900442600250244,1
44.788,LAND,3.95355224609375,-1.4528299570083618,-5.900442600250244,1
44.796,LAND,3.95355224609375,-1.4528299570083618,-5.900442600250244,1
44.804,LAND,3.95355224609375,-1.4528299570083618,-5.900442600250244,1
44.808,LAND,3.953373432159424,-1.451375961303711,-5.914643287658691,1
44.812,LAND,3.953373432159424,-1.451375961303711,-5.914643287658691,1
44.816,LAND,3.953373432159424,-1.451375961303711,-5.914643287658691,1
44.824,LAND,3.9533348083496094,-1.4504315853118896,-5.924160957336426,1
44.828,LAND,3.9533348083496094,-1.4504315853118896,-5.924160957336426,1
44.832,LAND,3.9533348083496094,-1.4504315853118896,-5.924160957336426,1
44.832,LAND,3.9533348083496094,-1.4504315853118896,-5.924160957336426,1
44.844,LAND,3.9533348083496094,-1.4504315853118896,-5.924160957336426,1
44.848,LAND,3.9533872604370117,-1.4490433931350708,-5.93853759765625,1
44.852,LAND,3.9533872604370117,-1.4490433931350708,-5.93853759765625,1
44.856,LAND,3.9533872604370117,-1.4490433931350708,-5.93853759765625,1
44.864,LAND,3.9533872604370117,-1.4490433931350708,-5.93853759765625,1
44.868,LAND,3.9534878730773926,-1.4481375217437744,-5.948153495788574,1
44.872,LAND,3.9534878730773926,-1.4481375217437744,-5.948153495788574,1
44.876,LAND,3.9534878730773926,-1.4481375217437744,-5.948153495788574,1
44.884,LAND,3.9534878730773926,-1.4481375217437744,-5.948153495788574,1
44.888,LAND,3.953735113143921,-1.4468001127243042,-5.962630748748779,1
44.888,LAND,3.953735113143921,-1.4468001127243042,-5.962630748748779,1
44.892,LAND,3.953735113143921,-1.4468001127243042,-5.962630748748779,1
44.904,LAND,3.953735113143921,-1.4468001127243042,-5.962630748748779,1
44.908,LAND,3.9539525508880615,-1.4459202289581299,-5.972344398498535,1
44.912,LAND,3.9539525508880615,-1.4459202289581299,-5.972344398498535,1
44.916,LAND,3.9539525508880615,-1.4459202289581299,-5.972344398498535,1
44.924,LAND,3.9539525508880615,-1.4459202289581299,-5.972344398498535,1
44.928,LAND,3.9543378353118896,-1.4446228742599487,-5.986912250518799,1
44.932,LAND,3.9543378353118896,-1.4446228742599487,-5.986912250518799,1
44.936,LAND,3.9543378353118896,-1.4446228742599487,-5.986912250518799,1
44.944,LAND,3.9543378353118896,-1.4446228742599487,-5.986912250518799,1
44.948,LAND,3.954625368118286,-1.4437655210494995,-5.996684551239014,1
44.952,LAND,3.954625368118286,-1.4437655210494995,-5.996684551239014,1
44.956,LAND,3.954625368118286,-1.4437655210494995,-5.996684551239014,1
44.964,LAND,3.954625368118286,-1.4437655210494995,-5.996684551239014,1
44.968,LAND,3.9550955295562744,-1.4425013065338135,-6.011403560638428,1
44.972,LAND,3.9550955295562744,-1.4425013065338135,-6.011403560638428,1
44.976,LAND,3.9550955295562744,-1.4425013065338135,-6.011403560638428,1
44.984,LAND,3.9550955295562744,-1.4425013065338135,-6.011403560638428,1
44.988,LAND,3.9554314613342285,-1.4416747093200684,-6.021239757537842,1
44.992,LAND,3.9554314613342285,-1.4416747093200684,-6.021239757537842,1
44.996,LAND,3.9554314613342285,-1.4416747093200684,-6.021239757537842,1
45.004,LAND,3.9554314613342285,-1.4416747093200684,-6.021239757537842,1
45.008,LAND,3.9559662342071533,-1.440442681312561,-6.036083221435547,1
45.012,LAND,3.9559662342071533,-1.440442681312561,-6.036083221435547,1
45.016,LAND,3.9559662342071533,-1.440442681312561,-6.036083221435547,1
45.024,LAND,3.9559662342071533,-1.440442681312561,-6.036083221435547,1
45.028,LAND,3.9563324451446533,-1.439623475074768,-6.0460286140441895,1
45.032,LAND,3.9563324451446533,-1.439623475074768,-6.0460286140441895,1
45.036,LAND,3.9563324451446533,-1.439623475074768,-6.0460286140441895,1
45.044,LAND,3.9563324451446533,-1.439623475074768,-6.0460286140441895,1
45.048,LAND,3.956897258758545,-1.4384100437164307,-6.060932636260986,1
45.052,LAND,3.956897258758545,-1.4384100437164307,-6.060932636260986,1
45.056,LAND,3.956897258758545,-1.4384100437164307,-6.060932636260986,1
45.064,LAND,3.956897258758545,-1.4384100437164307,-6.060932636260986,1
45.068,LAND,3.9572768211364746,-1.4376112222671509,-6.070927143096924,1
45.072,LAND,3.9572768211364746,-1.4376112222671509,-6.070927143096924,1
45.076,LAND,3.9572768211364746,-1.4376112222671509,-6.070927143096924,1
45.084,LAND,3.9572768211364746,-1.4376112222671509,-6.070927143096924,1
45.088,LAND,3.957846164703369,-1.4364246129989624,-6.085965156555176,1
45.092,LAND,3.957846164703369,-1.4364246129989624,-6.085965156555176,1
45.096,LAND,3.957846164703369,-1.4364246129989624,-6.085965156555176,1
45.104,LAND,3.957846164703369,-1.4364246129989624,-6.085965156555176,1
45.108,LAND,3.958230495452881,-1.4356377124786377,-6.096004962921143,1
45.112,LAND,3.958230495452881,-1.4356377124786377,-6.096004962921143,1
45.116,LAND,3.958230495452881,-1.4356377124786377,-6.096004962921143,1
45.124,LAND,3.958230495452881,-1.4356377124786377,-6.096004962921143,1
45.128,LAND,3.958806276321411,-1.434462308883667,-6.1111578941345215,1
45.132,LAND,3.958806276321411,-1.434462308883667,-6.1111578941345215,1
45.136,LAND,3.958806276321411,-1.434462308883667,-6.1111578941345215,1
45.144,LAND,3.958806276321411,-1.434462308883667,-6.1111578941345215,1
45.148,LAND,3.958355665206909,-1.433535099029541,-6.121069431304932,1
45.152,LAND,3.958355665206909,-1.433535099029541,-6.121069431304932,1
45.156,LAND,3.958355665206909,-1.433535099029541,-6.121069431304932,1
45.164,LAND,3.958355665206909,-1.433535099029541,-6.121069431304932,1
45.164,LAND,3.956575870513916,-1.431960940361023,-6.135601043701172,1
45.172,LAND,3.956575870513916,-1.431960940361023,-6.135601043701172,1
45.172,LAND,3.956575870513916,-1.431960940361023,-6.135601043701172,1
45.184,LAND,3.955484390258789,-1.4309382438659668,-6.145364761352539,1
45.188,LAND,3.955484390258789,-1.4309382438659668,-6.145364761352539,1
45.192,LAND,3.955484390258789,-1.4309382438659668,-6.145364761352539,1
45.196,LAND,3.955484390258789,-1.4309382438659668,-6.145364761352539,1
45.204,LAND,3.955484390258789,-1.4309382438659668,-6.145364761352539,1
45.204,LAND,3.9539666175842285,-1.429436445236206,-6.1600823402404785,1
45.208,LAND,3.9539666175842285,-1.429436445236206,-6.1600823402404785,1
45.212,LAND,3.9539666175842285,-1.429436445236206,-6.1600823402404785,1
45.22,LAND,3.9539666175842285,-1.429436445236206,-6.1600823402404785,1
45.22,LAND,3.953028917312622,-1.4284508228302002,-6.169919490814209,1
45.224,LAND,3.953028917312622,-1.4284508228302002,-6.169919490814209,1
45.232,LAND,3.953028917312622,-1.4284508228302002,-6.169919490814209,1
45.24,LAND,3.953028917312622,-1.4284508228302002,-6.169919490814209,1
45.24,LAND,3.951709270477295,-1.4269840717315674,-6.184778690338135,1
45.248,LAND,3.951709270477295,-1.4269840717315674,-6.184778690338135,1
45.256,LAND,3.951709270477295,-1.4269840717315674,-6.184778690338135,1
45.256,LAND,3.951709270477295,-1.4269840717315674,-6.184778690338135,1
45.264,LAND,3.9508795738220215,-1.4260194301605225,-6.1947526931762695,1
45.276,LAND,3.9508795738220215,-1.4260194301605225,-6.1947526931762695,1
45.276,LAND,3.9508795738220215,-1.4260194301605225,-6.1947526931762695,1
45.28,LAND,3.9508795738220215,-1.4260194301605225,-6.1947526931762695,1
45.288,LAND,3.949699878692627,-1.424599289894104,-6.209724426269531,1
45.288,LAND,3.949699878692627,-1.424599289894104,-6.209724426269531,1
45.296,LAND,3.949699878692627,-1.424599289894104,-6.209724426269531,1
45.296,LAND,3.949699878692627,-1.424599289894104,-6.209724426269531,1
45.3,LAND,3.9489574432373047,-1.4236680269241333,-6.219772815704346,1
45.3,LAND,3.9489574432373047,-1.4236680269241333,-6.219772815704346,1
45.304,LAND,3.9489574432373047,-1.4236680269241333,-6.219772815704346,1
45.304,LAND,3.9489574432373047,-1.4236680269241333,-6.219772815704346,1
45.308,LAND,3.947899580001831,-1.422288417816162,-6.234918117523193,1
45.328,LAND,3.947899580001831,-1.422288417816162,-6.234918117523193,1
45.332,LAND,3.947899580001831,-1.422288417816162,-6.234918117523193,1
45.332,LAND,3.947899580001831,-1.422288417816162,-6.234918117523193,1
45.336,LAND,3.9472250938415527,-1.4213768243789673,-6.245039463043213,1
45.34,LAND,3.9472250938415527,-1.4213768243789673,-6.245039463043213,1
45.348,LAND,3.9472250938415527,-1.4213768243789673,-6.245039463043213,1
45.356,LAND,3.9472250938415527,-1.4213768243789673,-6.245039463043213,1
45.356,LAND,3.9462523460388184,-1.4200226068496704,-6.26031494140625,1
45.36,LAND,3.9462523460388184,-1.4200226068496704,-6.26031494140625,1
45.36,LAND,3.9462523460388184,-1.4200226068496704,-6.26031494140625,1
45.38,LAND,3.9462523460388184,-1.4200226068496704,-6.26031494140625,1
45.384,LAND,3.9456260204315186,-1.4191267490386963,-6.270561695098877,1
45.384,LAND,3.9456260204315186,-1.4191267490386963,-6.270561695098877,1
45.388,LAND,3.9456260204315186,-1.4191267490386963,-6.270561695098877,1
45.396,LAND,3.9456260204315186,-1.4191267490386963,-6.270561695098877,1
45.408,LAND,3.944702625274658,-1.4177882671356201,-6.285924911499023,1
45.408,LAND,3.944702625274658,-1.4177882671356201,-6.285924911499023,1
45.416,LAND,3.944702625274658,-1.4177882671356201,-6.285924911499023,1
45.42,LAND,3.944702625274658,-1.4177882671356201,-6.285924911499023,1
45.424,LAND,3.9440972805023193,-1.4169001579284668,-6.296228408813477,1
45.432,LAND,3.9440972805023193,-1.4169001579284668,-6.296228408813477,1
45.44,LAND,3.9440972805023193,-1.4169001579284668,-6.296228408813477,1
45.44,LAND,3.943195104598999,-1.4155683517456055,-6.311740875244141,1
45.444,LAND,3.943195104598999,-1.4155683517456055,-6.311740875244141,1
45.444,LAND,3.943195104598999,-1.4155683517456055,-6.311740875244141,1
45.448,LAND,3.943195104598999,-1.4155683517456055,-6.311740875244141,1
45.452,LAND,3.943195104598999,-1.4155683517456055,-6.311740875244141,1
45.456,LAND,3.9425928592681885,-1.414686679840088,-6.322103023529053,1
45.464,LAND,3.9425928592681885,-1.414686679840088,-6.322103023529053,1
