t,phase,x,y,z,armed
4.204,WAIT_CONNECT,0.013645786792039871,0.029545815661549568,0.07955552637577057,0
5.216,SET_MODE,-0.0024468828924000263,0.02309911698102951,0.07675165683031082,0
5.216,SET_MODE,-0.0027884722221642733,0.023074373602867126,0.07689644396305084,0
5.224,SET_MODE,-0.0027884722221642733,0.023074373602867126,0.07689644396305084,0
5.228,SET_MODE,-0.0027884722221642733,0.023074373602867126,0.07689644396305084,0
5.232,SET_MODE,-0.0027884722221642733,0.023074373602867126,0.07689644396305084,0
5.236,SET_MODE,-0.0030176211148500443,0.023042039945721626,0.07698111236095428,0
5.244,ARM,-0.0030176211148500443,0.023042039945721626,0.07698111236095428,0
5.248,ARM,-0.0030176211148500443,0.023042039945721626,0.07698111236095428,0
5.252,ARM,-0.0033676002640277147,0.022987835109233856,0.0770992860198021,0
5.256,ARM,-0.0033676002640277147,0.022987835109233856,0.0770992860198021,0
5.264,ARM,-0.0033676002640277147,0.022987835109233856,0.0770992860198021,0
5.268,ARM,-0.0033676002640277147,0.022987835109233856,0.0770992860198021,0
5.272,ARM,-0.0033676002640277147,0.022987835109233856,0.0770992860198021,0
5.276,ARM,-0.0036072670482099056,0.02294895425438881,0.07718374580144882,0
5.284,ARM,-0.0036072670482099056,0.02294895425438881,0.07718374580144882,0
5.288,ARM,-0.0036072670482099056,0.02294895425438881,0.07718374580144882,0
5.308,ARM,-0.0036072670482099056,0.02294895425438881,0.07718374580144882,0
5.308,ARM,-0.003973532002419233,0.02288421429693699,0.07732301950454712,0
5.316,ARM,-0.004216029308736324,0.02283688820898533,0.0774155780673027,0
5.32,ARM,-0.004216029308736324,0.02283688820898533,0.0774155780673027,0
5.324,ARM,-0.004216029308736324,0.02283688820898533,0.0774155780673027,0
5.328,ARM,-0.004216029308736324,0.02283688820898533,0.0774155780673027,0
5.336,ARM,-0.0045768083073198795,0.022758545354008675,0.07754703611135483,0
5.34,ARM,-0.0045768083073198795,0.022758545354008675,0.07754703611135483,0
5.356,ARM,-0.0045768083073198795,0.022758545354008675,0.07754703611135483,0
5.356,ARM,-0.004825147800147533,0.022702384740114212,0.07763165235519409,0
5.364,ARM,-0.004825147800147533,0.022702384740114212,0.07763165235519409,0
5.368,ARM,-0.004825147800147533,0.022702384740114212,0.07763165235519409,0
5.372,ARM,-0.004825147800147533,0.022702384740114212,0.07763165235519409,0
5.376,ARM,-0.005200534593313932,0.022607902064919472,0.07775243371725082,0
5.384,ARM,-0.005200534593313932,0.022607902064919472,0.07775243371725082,1
5.388,TAKEOFF,-0.005200534593313932,0.022607902064919472,0.07775243371725082,1
5.404,TAKEOFF,-0.005200534593313932,0.022607902064919472,0.07775243371725082,1
5.404,TAKEOFF,-0.005458620842546225,0.022540869191288948,0.07783153653144836,1
5.412,TAKEOFF,-0.005458620842546225,0.022540869191288948,0.07783153653144836,1
5.416,TAKEOFF,-0.005854964721947908,0.022436251863837242,0.07795510441064835,1
5.42,TAKEOFF,-0.005854964721947908,0.022436251863837242,0.07795510441064835,1
5.424,TAKEOFF,-0.005854964721947908,0.022436251863837242,0.07795510441064835,1
5.432,TAKEOFF,-0.0061204200610518456,0.02236906997859478,0.07804404944181442,1
5.436,TAKEOFF,-0.0061204200610518456,0.02236906997859478,0.07804404944181442,1
5.44,TAKEOFF,-0.0061204200610518456,0.02236906997859478,0.07804404944181442,1
5.444,TAKEOFF,-0.0061204200610518456,0.02236906997859478,0.07804404944181442,1
5.452,TAKEOFF,-0.00651729479432106,0.022273581475019455,0.07817971706390381,1
5.456,TAKEOFF,-0.00651729479432106,0.022273581475019455,0.07817971706390381,1
5.46,TAKEOFF,-0.00651729479432106,0.022273581475019455,0.07817971706390381,1
5.464,TAKEOFF,-0.00651729479432106,0.022273581475019455,0.07817971706390381,1
5.4719999999999995,TAKEOFF,-0.00651729479432106,0.022273581475019455,0.07817971706390381,1
5.476,TAKEOFF,-0.006777919363230467,0.02220621146261692,0.07827184349298477,1
5.48,TAKEOFF,-0.006777919363230467,0.02220621146261692,0.07827184349298477,1
5.484,TAKEOFF,-0.006777919363230467,0.02220621146261692,0.07827184349298477,1
5.492,TAKEOFF,-0.006777919363230467,0.02220621146261692,0.07827184349298477,1
5.496,TAKEOFF,-0.007168478798121214,0.02209898643195629,0.07841675728559494,1
5.5,TAKEOFF,-0.007168478798121214,0.02209898643195629,0.07841675728559494,1
5.504,TAKEOFF,-0.007168478798121214,0.02209898643195629,0.07841675728559494,1
5.5120000000000005,TAKEOFF,-0.007168478798121214,0.02209898643195629,0.07841675728559494,1
5.516,TAKEOFF,-0.00743205426260829,0.02202611416578293,0.07851459830999374,1
5.52,TAKEOFF,-0.00743205426260829,0.02202611416578293,0.07851459830999374,1
5.524,TAKEOFF,-0.00743205426260829,0.02202611416578293,0.07851459830999374,1
5.532,TAKEOFF,-0.00743205426260829,0.02202611416578293,0.07851459830999374,1
5.536,TAKEOFF,-0.007827448658645153,0.021918416023254395,0.0786578431725502,1
5.54,TAKEOFF,-0.007827448658645153,0.021918416023254395,0.0786578431725502,1
5.5440000000000005,TAKEOFF,-0.007827448658645153,0.021918416023254395,0.0786578431725502,1
5.552,TAKEOFF,-0.00801546685397625,0.02184138260781765,0.07883777469396591,1
5.556,TAKEOFF,-0.00801546685397625,0.02184138260781765,0.07883777469396591,1
5.5600000000000005,TAKEOFF,-0.00801546685397625,0.02184138260781765,0.07883777469396591,1
5.564,TAKEOFF,-0.00801546685397625,0.02184138260781765,0.07883777469396591,1
5.572,TAKEOFF,-0.00801546685397625,0.02184138260781765,0.07883777469396591,1
5.576,TAKEOFF,-0.00829886831343174,0.02172686532139778,0.07910281419754028,1
5.58,TAKEOFF,-0.00829886831343174,0.02172686532139778,0.07910281419754028,1
5.584,TAKEOFF,-0.00829886831343174,0.02172686532139778,0.07910281419754028,1
5.592,TAKEOFF,-0.00829886831343174,0.02172686532139778,0.07910281419754028,1
5.596,TAKEOFF,-0.008497790433466434,0.02165120281279087,0.07927637547254562,1
5.6,TAKEOFF,-0.008497790433466434,0.02165120281279087,0.07927637547254562,1
5.604,TAKEOFF,-0.008497790433466434,0.02165120281279087,0.07927637547254562,1
5.612,TAKEOFF,-0.008497790433466434,0.02165120281279087,0.07927637547254562,1
5.616,TAKEOFF,-0.008797235786914825,0.021537551656365395,0.07953402400016785,1
5.62,TAKEOFF,-0.008797235786914825,0.021537551656365395,0.07953402400016785,1
5.624,TAKEOFF,-0.008797235786914825,0.021537551656365395,0.07953402400016785,1
5.632,TAKEOFF,-0.008797235786914825,0.021537551656365395,0.07953402400016785,1
5.636,TAKEOFF,-0.008999872952699661,0.02146735228598118,0.07969987392425537,1
5.64,TAKEOFF,-0.008999872952699661,0.02146735228598118,0.07969987392425537,1
5.644,TAKEOFF,-0.008999872952699661,0.02146735228598118,0.07969987392425537,1
5.652,TAKEOFF,-0.008999872952699661,0.02146735228598118,0.07969987392425537,1
5.656,TAKEOFF,-0.009313232265412807,0.021363886073231697,0.0799531489610672,1
5.66,TAKEOFF,-0.009313232265412807,0.021363886073231697,0.0799531489610672,1
5.664,TAKEOFF,-0.009313232265412807,0.021363886073231697,0.0799531489610672,1
5.672,TAKEOFF,-0.009527821093797684,0.021296286955475807,0.08012528717517853,1
5.676,TAKEOFF,-0.009527821093797684,0.021296286955475807,0.08012528717517853,1
5.68,TAKEOFF,-0.009527821093797684,0.021296286955475807,0.08012528717517853,1
5.684,TAKEOFF,-0.009527821093797684,0.021296286955475807,0.08012528717517853,1
5.692,TAKEOFF,-0.009527821093797684,0.021296286955475807,0.08012528717517853,1
5.696,TAKEOFF,-0.009849210269749165,0.021195683628320694,0.08037316799163818,1
5.7,TAKEOFF,-0.009849210269749165,0.021195683628320694,0.08037316799163818,1
5.704,TAKEOFF,-0.009849210269749165,0.021195683628320694,0.08037316799163818,1
5.712,TAKEOFF,-0.009849210269749165,0.021195683628320694,0.08037316799163818,1
5.716,TAKEOFF,-0.010175568982958794,0.02110099233686924,0.08062487095594406,1
5.72,TAKEOFF,-0.010175568982958794,0.02110099233686924,0.08062487095594406,1
5.724,TAKEOFF,-0.010175568982958794,0.02110099233686924,0.08062487095594406,1
5.732,TAKEOFF,-0.010391075164079666,0.021040206775069237,0.0807938203215599,1
5.736,TAKEOFF,-0.010391075164079666,0.021040206775069237,0.0807938203215599,1
5.74,TAKEOFF,-0.010391075164079666,0.021040206775069237,0.0807938203215599,1
5.744,TAKEOFF,-0.010391075164079666,0.021040206775069237,0.0807938203215599,1
5.752,TAKEOFF,-0.010391075164079666,0.021040206775069237,0.0807938203215599,1
5.756,TAKEOFF,-0.010608999989926815,0.02098184823989868,0.08096218854188919,1
5.76,TAKEOFF,-0.010608999989926815,0.02098184823989868,0.08096218854188919,1
5.764,TAKEOFF,-0.010608999989926815,0.02098184823989868,0.08096218854188919,1
5.772,TAKEOFF,-0.010933144949376583,0.02089112624526024,0.08121286332607269,1
5.776,TAKEOFF,-0.010933144949376583,0.02089112624526024,0.08121286332607269,1
5.78,TAKEOFF,-0.010933144949376583,0.02089112624526024,0.08121286332607269,1
5.784,TAKEOFF,-0.010933144949376583,0.02089112624526024,0.08121286332607269,1
5.792,TAKEOFF,-0.010933144949376583,0.02089112624526024,0.08121286332607269,1
5.796,TAKEOFF,-0.01115293800830841,0.020829951390624046,0.08138259500265121,1
5.8,TAKEOFF,-0.01115293800830841,0.020829951390624046,0.08138259500265121,1
5.804,TAKEOFF,-0.01115293800830841,0.020829951390624046,0.08138259500265121,1
5.812,TAKEOFF,-0.01115293800830841,0.020829951390624046,0.08138259500265121,1
5.816,TAKEOFF,-0.011482883244752884,0.020738651975989342,0.08163747191429138,1
5.824,TAKEOFF,-0.011482883244752884,0.020738651975989342,0.08163747191429138,1
5.824,TAKEOFF,-0.011706200428307056,0.020685799419879913,0.08181528002023697,1
5.832,TAKEOFF,-0.011706200428307056,0.020685799419879913,0.08181528002023697,1
5.836,TAKEOFF,-0.011706200428307056,0.020685799419879913,0.08181528002023697,1
5.84,TAKEOFF,-0.011706200428307056,0.020685799419879913,0.08181528002023697,1
5.844,TAKEOFF,-0.011706200428307056,0.020685799419879913,0.08181528002023697,1
5.852,TAKEOFF,-0.01204786915332079,0.020612409338355064,0.08208287507295609,1
5.856,TAKEOFF,-0.01204786915332079,0.020612409338355064,0.08208287507295609,1
5.86,TAKEOFF,-0.01204786915332079,0.020612409338355064,0.08208287507295609,1
5.868,TAKEOFF,-0.01204786915332079,0.020612409338355064,0.08208287507295609,1
5.872,TAKEOFF,-0.012271472252905369,0.020561007782816887,0.08226170390844345,1
5.876,TAKEOFF,-0.012271472252905369,0.020561007782816887,0.08226170390844345,1
5.88,TAKEOFF,-0.012271472252905369,0.020561007782816887,0.08226170390844345,1
5.884,TAKEOFF,-0.012271472252905369,0.020561007782816887,0.08226170390844345,1
5.892,TAKEOFF,-0.012271472252905369,0.020561007782816887,0.08226170390844345,1
5.896,TAKEOFF,-0.012271472252905369,0.020561007782816887,0.08226170390844345,1
5.9,TAKEOFF,-0.012610134668648243,0.020483417436480522,0.08253228664398193,1
5.904,TAKEOFF,-0.012610134668648243,0.020483417436480522,0.08253228664398193,1
5.912,TAKEOFF,-0.012831831350922585,0.020426899194717407,0.08271486312150955,1
5.916,TAKEOFF,-0.012831831350922585,0.020426899194717407,0.08271486312150955,1
5.92,TAKEOFF,-0.012831831350922585,0.020426899194717407,0.08271486312150955,1
5.924,TAKEOFF,-0.012831831350922585,0.020426899194717407,0.08271486312150955,1
5.932,TAKEOFF,-0.013162298128008842,0.02032487839460373,0.08300027996301651,1
5.936,TAKEOFF,-0.013162298128008842,0.02032487839460373,0.08300027996301651,1
5.9399999999999995,TAKEOFF,-0.013162298128008842,0.02032487839460373,0.08300027996301651,1
5.944,TAKEOFF,-0.013162298128008842,0.02032487839460373,0.08300027996301651,1
5.952,TAKEOFF,-0.013162298128008842,0.02032487839460373,0.08300027996301651,1
5.9559999999999995,TAKEOFF,-0.013304402120411396,0.02025163546204567,0.08328187465667725,1
5.96,TAKEOFF,-0.013304402120411396,0.02025163546204567,0.08328187465667725,1
5.964,TAKEOFF,-0.013304402120411396,0.02025163546204567,0.08328187465667725,1
5.9719999999999995,TAKEOFF,-0.013304402120411396,0.02025163546204567,0.08328187465667725,1
5.976,TAKEOFF,-0.01352940034121275,0.020138802006840706,0.08369341492652893,1
5.976,TAKEOFF,-0.01352940034121275,0.020138802006840706,0.08369341492652893,1
5.984,TAKEOFF,-0.01352940034121275,0.020138802006840706,0.08369341492652893,1
5.992,TAKEOFF,-0.01352940034121275,0.020138802006840706,0.08369341492652893,1
6.0,TAKEOFF,-0.013770257122814655,0.02002611570060253,0.08410338312387466,1
6.0,TAKEOFF,-0.013770257122814655,0.02002611570060253,0.08410338312387466,1
6.0,TAKEOFF,-0.013770257122814655,0.02002611570060253,0.08410338312387466,1
6.012,TAKEOFF,-0.013770257122814655,0.02002611570060253,0.08410338312387466,1
6.016,TAKEOFF,-0.013930906541645527,0.019954927265644073,0.08437536656856537,1
6.02,TAKEOFF,-0.013930906541645527,0.019954927265644073,0.08437536656856537,1
6.024,TAKEOFF,-0.013930906541645527,0.019954927265644073,0.08437536656856537,1
6.032,TAKEOFF,-0.013930906541645527,0.019954927265644073,0.08437536656856537,1
6.04,TAKEOFF,-0.01409876998513937,0.01988307759165764,0.08465208858251572,1
6.04,TAKEOFF,-0.01409876998513937,0.01988307759165764,0.08465208858251572,1
6.044,TAKEOFF,-0.014347624965012074,0.01977795548737049,0.08507032692432404,1
6.052,TAKEOFF,-0.014347624965012074,0.01977795548737049,0.08507032692432404,1
6.056,TAKEOFF,-0.014347624965012074,0.01977795548737049,0.08507032692432404,1
6.06,TAKEOFF,-0.014347624965012074,0.01977795548737049,0.08507032692432404,1
6.064,TAKEOFF,-0.014347624965012074,0.01977795548737049,0.08507032692432404,1
6.072,TAKEOFF,-0.014347624965012074,0.01977795548737049,0.08507032692432404,1
6.076,TAKEOFF,-0.014347624965012074,0.01977795548737049,0.08507032692432404,1
6.08,TAKEOFF,-0.014517923817038536,0.019713254645466805,0.08534615486860275,1
6.08,TAKEOFF,-0.014517923817038536,0.019713254645466805,0.08534615486860275,1
6.092,TAKEOFF,-0.014517923817038536,0.019713254645466805,0.08534615486860275,1
6.096,TAKEOFF,-0.01477791927754879,0.01962234266102314,0.08575644344091415,1
6.104,TAKEOFF,-0.01477791927754879,0.01962234266102314,0.08575644344091415,1
6.108,TAKEOFF,-0.014953423291444778,0.019563494250178337,0.08602609485387802,1
6.112,TAKEOFF,-0.014953423291444778,0.019563494250178337,0.08602609485387802,1
6.112,TAKEOFF,-0.014953423291444778,0.019563494250178337,0.08602609485387802,1
6.12,TAKEOFF,-0.014953423291444778,0.019563494250178337,0.08602609485387802,1
6.124,TAKEOFF,-0.014953423291444778,0.019563494250178337,0.08602609485387802,1
6.132,TAKEOFF,-0.014953423291444778,0.019563494250178337,0.08602609485387802,1
6.136,TAKEOFF,-0.015216820873320103,0.019472982734441757,0.08642254024744034,1
6.14,TAKEOFF,-0.015216820873320103,0.019472982734441757,0.08642254024744034,1
6.144,TAKEOFF,-0.015216820873320103,0.019472982734441757,0.08642254024744034,1
6.156,TAKEOFF,-0.015216820873320103,0.019472982734441757,0.08642254024744034,1
6.16,TAKEOFF,-0.015393183566629887,0.019414275884628296,0.08668601512908936,1
6.16,TAKEOFF,-0.015393183566629887,0.019414275884628296,0.08668601512908936,1
6.168,TAKEOFF,-0.015393183566629887,0.019414275884628296,0.08668601512908936,1
6.172,TAKEOFF,-0.015393183566629887,0.019414275884628296,0.08668601512908936,1
6.176,TAKEOFF,-0.01566540077328682,0.019328482449054718,0.08707181364297867,1
6.18,TAKEOFF,-0.01566540077328682,0.019328482449054718,0.08707181364297867,1
6.184,TAKEOFF,-0.01566540077328682,0.019328482449054718,0.08707181364297867,1
6.196,TAKEOFF,-0.015950389206409454,0.019249387085437775,0.08745941519737244,1
6.196,TAKEOFF,-0.015950389206409454,0.019249387085437775,0.08745941519737244,1
6.2,TAKEOFF,-0.015950389206409454,0.019249387085437775,0.08745941519737244,1
6.204,TAKEOFF,-0.015950389206409454,0.019249387085437775,0.08745941519737244,1
6.212,TAKEOFF,-0.016143810003995895,0.019194433465600014,0.08772434294223785,1
6.216,TAKEOFF,-0.016143810003995895,0.019194433465600014,0.08772434294223785,1
6.22,TAKEOFF,-0.016143810003995895,0.019194433465600014,0.08772434294223785,1
6.224,TAKEOFF,-0.016143810003995895,0.019194433465600014,0.08772434294223785,1
6.232,TAKEOFF,-0.016344111412763596,0.019134441390633583,0.08799107372760773,1
6.236,TAKEOFF,-0.016344111412763596,0.019134441390633583,0.08799107372760773,1
6.24,TAKEOFF,-0.016344111412763596,0.019134441390633583,0.08799107372760773,1
6.244,TAKEOFF,-0.016344111412763596,0.019134441390633583,0.08799107372760773,1
6.252,TAKEOFF,-0.016344111412763596,0.019134441390633583,0.08799107372760773,1
6.256,TAKEOFF,-0.016660571098327637,0.019041772931814194,0.08838846534490585,1
6.26,TAKEOFF,-0.016660571098327637,0.019041772931814194,0.08838846534490585,1
6.264,TAKEOFF,-0.016660571098327637,0.019041772931814194,0.08838846534490585,1
6.272,TAKEOFF,-0.016660571098327637,0.019041772931814194,0.08838846534490585,1
6.276,TAKEOFF,-0.016885416582226753,0.018977005034685135,0.08865632861852646,1
6.28,TAKEOFF,-0.016885416582226753,0.018977005034685135,0.08865632861852646,1
6.284,TAKEOFF,-0.016885416582226753,0.018977005034685135,0.08865632861852646,1
6.292,TAKEOFF,-0.01722722128033638,0.0188788753002882,0.08905036002397537,1
6.296,TAKEOFF,-0.01722722128033638,0.0188788753002882,0.08905036002397537,1
6.3,TAKEOFF,-0.01722722128033638,0.0188788753002882,0.08905036002397537,1
6.304,TAKEOFF,-0.01722722128033638,0.0188788753002882,0.08905036002397537,1
6.312,TAKEOFF,-0.01722722128033638,0.0188788753002882,0.08905036002397537,1
6.316,TAKEOFF,-0.017456388100981712,0.01881699077785015,0.08931182324886322,1
6.324,TAKEOFF,-0.017456388100981712,0.01881699077785015,0.08931182324886322,1
6.324,TAKEOFF,-0.017456388100981712,0.01881699077785015,0.08931182324886322,1
6.332,TAKEOFF,-0.01777142845094204,0.01872570440173149,0.08968021720647812,1
6.336,TAKEOFF,-0.01777142845094204,0.01872570440173149,0.08968021720647812,1
6.34,TAKEOFF,-0.01777142845094204,0.01872570440173149,0.08968021720647812,1
6.344,TAKEOFF,-0.01777142845094204,0.01872570440173149,0.08968021720647812,1
6.352,TAKEOFF,-0.01777142845094204,0.01872570440173149,0.08968021720647812,1
6.356,TAKEOFF,-0.01794842630624771,0.018658410757780075,0.08989694714546204,1
6.36,TAKEOFF,-0.01794842630624771,0.018658410757780075,0.08989694714546204,1
6.364,TAKEOFF,-0.01794842630624771,0.018658410757780075,0.08989694714546204,1
6.372,TAKEOFF,-0.01794842630624771,0.018658410757780075,0.08989694714546204,1
6.372,TAKEOFF,-0.01822115108370781,0.01855980046093464,0.09021656960248947,1
6.38,TAKEOFF,-0.01822115108370781,0.01855980046093464,0.09021656960248947,1
6.384,TAKEOFF,-0.01822115108370781,0.01855980046093464,0.09021656960248947,1
6.388,TAKEOFF,-0.01822115108370781,0.01855980046093464,0.09021656960248947,1
6.396,TAKEOFF,-0.01840932108461857,0.018497200682759285,0.09042691439390182,1
6.4,TAKEOFF,-0.01840932108461857,0.018497200682759285,0.09042691439390182,1
6.404,TAKEOFF,-0.01840932108461857,0.018497200682759285,0.09042691439390182,1
6.412,TAKEOFF,-0.01869087666273117,0.01841139979660511,0.09074036777019501,1
6.416,TAKEOFF,-0.01869087666273117,0.01841139979660511,0.09074036777019501,1
6.42,TAKEOFF,-0.01869087666273117,0.01841139979660511,0.09074036777019501,1
6.424,TAKEOFF,-0.01869087666273117,0.01841139979660511,0.09074036777019501,1
6.436,TAKEOFF,-0.01869087666273117,0.01841139979660511,0.09074036777019501,1
6.436,TAKEOFF,-0.01869087666273117,0.01841139979660511,0.09074036777019501,1
6.436,TAKEOFF,-0.01869087666273117,0.01841139979660511,0.09074036777019501,1
6.444,TAKEOFF,-0.018877552822232246,0.018351053819060326,0.09094984829425812,1
6.452,TAKEOFF,-0.018877552822232246,0.018351053819060326,0.09094984829425812,1
6.456,TAKEOFF,-0.01917024701833725,0.01825697347521782,0.09126797318458557,1
6.46,TAKEOFF,-0.01917024701833725,0.01825697347521782,0.09126797318458557,1
6.464,TAKEOFF,-0.019369030371308327,0.018192874267697334,0.09147920459508896,1
6.4719999999999995,TAKEOFF,-0.019369030371308327,0.018192874267697334,0.09147920459508896,1
6.48,TAKEOFF,-0.019369030371308327,0.018192874267697334,0.09147920459508896,1
6.48,TAKEOFF,-0.019369030371308327,0.018192874267697334,0.09147920459508896,1
6.48,TAKEOFF,-0.019369030371308327,0.018192874267697334,0.09147920459508896,1
6.492,TAKEOFF,-0.01967071183025837,0.018092960119247437,0.09180805832147598,1
6.492,TAKEOFF,-0.01967071183025837,0.018092960119247437,0.09180805832147598,1
6.5,TAKEOFF,-0.01967071183025837,0.018092960119247437,0.09180805832147598,1
6.504,TAKEOFF,-0.01967071183025837,0.018092960119247437,0.09180805832147598,1
6.5120000000000005,TAKEOFF,-0.019877402111887932,0.018035562708973885,0.09202496707439423,1
6.516,TAKEOFF,-0.019877402111887932,0.018035562708973885,0.09202496707439423,1
6.52,TAKEOFF,-0.019877402111887932,0.018035562708973885,0.09202496707439423,1
6.524,TAKEOFF,-0.019877402111887932,0.018035562708973885,0.09202496707439423,1
6.532,TAKEOFF,-0.019877402111887932,0.018035562708973885,0.09202496707439423,1
6.536,TAKEOFF,-0.020196903496980667,0.017962191253900528,0.09235042333602905,1
6.54,TAKEOFF,-0.020196903496980667,0.017962191253900528,0.09235042333602905,1
6.5440000000000005,TAKEOFF,-0.020196903496980667,0.017962191253900528,0.09235042333602905,1
6.552,TAKEOFF,-0.020196903496980667,0.017962191253900528,0.09235042333602905,1
6.556,TAKEOFF,-0.020411178469657898,0.01791459508240223,0.09257423877716064,1
6.5600000000000005,TAKEOFF,-0.020411178469657898,0.01791459508240223,0.09257423877716064,1
6.564,TAKEOFF,-0.020411178469657898,0.01791459508240223,0.09257423877716064,1
6.576,TAKEOFF,-0.020411178469657898,0.01791459508240223,0.09257423877716064,1
6.576,TAKEOFF,-0.02073659561574459,0.017843328416347504,0.09292352944612503,1
6.58,TAKEOFF,-0.02073659561574459,0.017843328416347504,0.09292352944612503,1
6.584,TAKEOFF,-0.02073659561574459,0.017843328416347504,0.09292352944612503,1
6.596,TAKEOFF,-0.02073659561574459,0.017843328416347504,0.09292352944612503,1
6.596,TAKEOFF,-0.020953474566340446,0.017796587198972702,0.09315723925828934,1
6.6,TAKEOFF,-0.020953474566340446,0.017796587198972702,0.09315723925828934,1
6.604,TAKEOFF,-0.020953474566340446,0.017796587198972702,0.09315723925828934,1
6.612,TAKEOFF,-0.020953474566340446,0.017796587198972702,0.09315723925828934,1
6.616,TAKEOFF,-0.021282635629177094,0.017723044380545616,0.09350820630788803,1
6.62,TAKEOFF,-0.021282635629177094,0.017723044380545616,0.09350820630788803,1
6.624,TAKEOFF,-0.021282635629177094,0.017723044380545616,0.09350820630788803,1
6.632,TAKEOFF,-0.02150646038353443,0.017668841406702995,0.09374980628490448,1
6.636,TAKEOFF,-0.02150646038353443,0.017668841406702995,0.09374980628490448,1
6.64,TAKEOFF,-0.02150646038353443,0.017668841406702995,0.09374980628490448,1
6.644,TAKEOFF,-0.02150646038353443,0.017668841406702995,0.09374980628490448,1
6.652,TAKEOFF,-0.02150646038353443,0.017668841406702995,0.09374980628490448,1
6.656,TAKEOFF,-0.021847007796168327,0.017581358551979065,0.09412351250648499,1
6.66,TAKEOFF,-0.021847007796168327,0.017581358551979065,0.09412351250648499,1
6.664,TAKEOFF,-0.021847007796168327,0.017581358551979065,0.09412351250648499,1
6.672,TAKEOFF,-0.022081283852458,0.017520297318696976,0.0943756178021431,1
6.672,TAKEOFF,-0.022081283852458,0.017520297318696976,0.0943756178021431,1
6.68,TAKEOFF,-0.022081283852458,0.017520297318696976,0.0943756178021431,1
6.684,TAKEOFF,-0.022081283852458,0.017520297318696976,0.0943756178021431,1
6.692,TAKEOFF,-0.022430596873164177,0.017425836995244026,0.09474604576826096,1
6.696,TAKEOFF,-0.022430596873164177,0.017425836995244026,0.09474604576826096,1
6.7,TAKEOFF,-0.022430596873164177,0.017425836995244026,0.09474604576826096,1
6.704,TAKEOFF,-0.022430596873164177,0.017425836995244026,0.09474604576826096,1
6.712,TAKEOFF,-0.022667724639177322,0.0173632875084877,0.09498948603868484,1
6.716,TAKEOFF,-0.022667724639177322,0.0173632875084877,0.09498948603868484,1
6.72,TAKEOFF,-0.022667724639177322,0.0173632875084877,0.09498948603868484,1
6.724,TAKEOFF,-0.022667724639177322,0.0173632875084877,0.09498948603868484,1
6.732,TAKEOFF,-0.023017918691039085,0.017274903133511543,0.09534091502428055,1
6.736,TAKEOFF,-0.023017918691039085,0.017274903133511543,0.09534091502428055,1
6.74,TAKEOFF,-0.023017918691039085,0.017274903133511543,0.09534091502428055,1
6.744,TAKEOFF,-0.023017918691039085,0.017274903133511543,0.09534091502428055,1
6.752,TAKEOFF,-0.023224256932735443,0.017147228121757507,0.09558748453855515,1
6.756,TAKEOFF,-0.023224256932735443,0.017147228121757507,0.09558748453855515,1
6.76,TAKEOFF,-0.023224256932735443,0.017147228121757507,0.09558748453855515,1
6.764,TAKEOFF,-0.023224256932735443,0.017147228121757507,0.09558748453855515,1
6.772,TAKEOFF,-0.023224256932735443,0.017147228121757507,0.09558748453855515,1
6.776,TAKEOFF,-0.023530583828687668,0.016966814175248146,0.09595601260662079,1
6.78,TAKEOFF,-0.023530583828687668,0.016966814175248146,0.09595601260662079,1
6.784,TAKEOFF,-0.023530583828687668,0.016966814175248146,0.09595601260662079,1
6.792,TAKEOFF,-0.023530583828687668,0.016966814175248146,0.09595601260662079,1
6.796,TAKEOFF,-0.023735269904136658,0.01684563420712948,0.09620461612939835,1
6.8,TAKEOFF,-0.023735269904136658,0.01684563420712948,0.09620461612939835,1
6.804,TAKEOFF,-0.023735269904136658,0.01684563420712948,0.09620461612939835,1
6.812,TAKEOFF,-0.024047808721661568,0.016666170209646225,0.0965602919459343,1
6.816,TAKEOFF,-0.024047808721661568,0.016666170209646225,0.0965602919459343,1
6.82,TAKEOFF,-0.024047808721661568,0.016666170209646225,0.0965602919459343,1
6.824,TAKEOFF,-0.024047808721661568,0.016666170209646225,0.0965602919459343,1
6.832,TAKEOFF,-0.024047808721661568,0.016666170209646225,0.0965602919459343,1
6.836,TAKEOFF,-0.024259863421320915,0.01654910482466221,0.09679889678955078,1
6.84,TAKEOFF,-0.024259863421320915,0.01654910482466221,0.09679889678955078,1
6.844,TAKEOFF,-0.024259863421320915,0.01654910482466221,0.09679889678955078,1
6.852,TAKEOFF,-0.024259863421320915,0.01654910482466221,0.09679889678955078,1
6.856,TAKEOFF,-0.024579424411058426,0.016365570947527885,0.09715701639652252,1
6.86,TAKEOFF,-0.024579424411058426,0.016365570947527885,0.09715701639652252,1
6.864,TAKEOFF,-0.024579424411058426,0.016365570947527885,0.09715701639652252,1
6.872,TAKEOFF,-0.024579424411058426,0.016365570947527885,0.09715701639652252,1
6.876,TAKEOFF,-0.024792669340968132,0.01623549871146679,0.09739116579294205,1
6.88,TAKEOFF,-0.024792669340968132,0.01623549871146679,0.09739116579294205,1
6.884,TAKEOFF,-0.024792669340968132,0.01623549871146679,0.09739116579294205,1
6.892,TAKEOFF,-0.024792669340968132,0.01623549871146679,0.09739116579294205,1
6.896,TAKEOFF,-0.025123121216893196,0.016034046187996864,0.0977596715092659,1
6.9,TAKEOFF,-0.025123121216893196,0.016034046187996864,0.0977596715092659,1
6.904,TAKEOFF,-0.025123121216893196,0.016034046187996864,0.0977596715092659,1
6.912,TAKEOFF,-0.025123121216893196,0.016034046187996864,0.0977596715092659,1
6.916,TAKEOFF,-0.025347555056214333,0.01590457744896412,0.09801017493009567,1
6.92,TAKEOFF,-0.025347555056214333,0.01590457744896412,0.09801017493009567,1
6.924,TAKEOFF,-0.025347555056214333,0.01590457744896412,0.09801017493009567,1
6.932,TAKEOFF,-0.025347555056214333,0.01590457744896412,0.09801017493009567,1
6.936,TAKEOFF,-0.025686802342534065,0.015722906216979027,0.09838858991861343,1
6.9399999999999995,TAKEOFF,-0.025686802342534065,0.015722906216979027,0.09838858991861343,1
6.944,TAKEOFF,-0.025686802342534065,0.015722906216979027,0.09838858991861343,1
6.952,TAKEOFF,-0.025686802342534065,0.015722906216979027,0.09838858991861343,1
6.9559999999999995,TAKEOFF,-0.025989869609475136,0.015606842935085297,0.09862513840198517,1
6.96,TAKEOFF,-0.025989869609475136,0.015606842935085297,0.09862513840198517,1
6.964,TAKEOFF,-0.025989869609475136,0.015606842935085297,0.09862513840198517,1
6.9719999999999995,TAKEOFF,-0.026443378999829292,0.015420816838741302,0.09897956252098083,1
6.976,TAKEOFF,-0.026443378999829292,0.015420816838741302,0.09897956252098083,1
6.98,TAKEOFF,-0.026443378999829292,0.015420816838741302,0.09897956252098083,1
6.984,TAKEOFF,-0.026443378999829292,0.015420816838741302,0.09897956252098083,1
6.992,TAKEOFF,-0.026443378999829292,0.015420816838741302,0.09897956252098083,1
6.996,TAKEOFF,-0.02674330398440361,0.015296063385903835,0.09921354800462723,1
7.0,TAKEOFF,-0.02674330398440361,0.015296063385903835,0.09921354800462723,1
7.004,TAKEOFF,-0.02674330398440361,0.015296063385903835,0.09921354800462723,1
7.012,TAKEOFF,-0.027182562276721,0.015108689665794373,0.09956154972314835,1
7.016,TAKEOFF,-0.027182562276721,0.015108689665794373,0.09956154972314835,1
7.02,TAKEOFF,-0.027182562276721,0.015108689665794373,0.09956154972314835,1
7.024,TAKEOFF,-0.027182562276721,0.015108689665794373,0.09956154972314835,1
7.032,TAKEOFF,-0.027182562276721,0.015108689665794373,0.09956154972314835,1
7.036,TAKEOFF,-0.027470450848340988,0.014982396736741066,0.09979429095983505,1
7.04,TAKEOFF,-0.027470450848340988,0.014982396736741066,0.09979429095983505,1
7.044,TAKEOFF,-0.027470450848340988,0.014982396736741066,0.09979429095983505,1
7.052,TAKEOFF,-0.027470450848340988,0.014982396736741066,0.09979429095983505,1
7.056,TAKEOFF,-0.027895960956811905,0.014789333567023277,0.10014396160840988,1
7.06,TAKEOFF,-0.027895960956811905,0.014789333567023277,0.10014396160840988,1
7.064,TAKEOFF,-0.027895960956811905,0.014789333567023277,0.10014396160840988,1
7.072,TAKEOFF,-0.027895960956811905,0.014789333567023277,0.10014396160840988,1
7.076,TAKEOFF,-0.02817923203110695,0.014649935066699982,0.1003759503364563,1
7.08,TAKEOFF,-0.02817923203110695,0.014649935066699982,0.1003759503364563,1
7.084,TAKEOFF,-0.02817923203110695,0.014649935066699982,0.1003759503364563,1
7.092,TAKEOFF,-0.02817923203110695,0.014649935066699982,0.1003759503364563,1
7.096,TAKEOFF,-0.028603902086615562,0.014437730424106121,0.10071741789579391,1
7.1,TAKEOFF,-0.028603902086615562,0.014437730424106121,0.10071741789579391,1
7.104,TAKEOFF,-0.028603902086615562,0.014437730424106121,0.10071741789579391,1
7.112,TAKEOFF,-0.028603902086615562,0.014437730424106121,0.10071741789579391,1
7.116,TAKEOFF,-0.028892897069454193,0.014298982918262482,0.10094491392374039,1
7.12,TAKEOFF,-0.028892897069454193,0.014298982918262482,0.10094491392374039,1
7.124,TAKEOFF,-0.028892897069454193,0.014298982918262482,0.10094491392374039,1
7.132,TAKEOFF,-0.029334014281630516,0.01408825907856226,0.10128943622112274,1
7.136,TAKEOFF,-0.029334014281630516,0.01408825907856226,0.10128943622112274,1
7.14,TAKEOFF,-0.029334014281630516,0.01408825907856226,0.10128943622112274,1
7.144,TAKEOFF,-0.029334014281630516,0.01408825907856226,0.10128943622112274,1
7.152,TAKEOFF,-0.029626134783029556,0.013949560932815075,0.10152217745780945,1
7.156,TAKEOFF,-0.029626134783029556,0.013949560932815075,0.10152217745780945,1
7.16,TAKEOFF,-0.029626134783029556,0.013949560932815075,0.10152217745780945,1
7.164,TAKEOFF,-0.029626134783029556,0.013949560932815075,0.10152217745780945,1
7.172,TAKEOFF,-0.029626134783029556,0.013949560932815075,0.10152217745780945,1
7.176,TAKEOFF,-0.030057571828365326,0.013740552589297295,0.10187124460935593,1
7.18,TAKEOFF,-0.030057571828365326,0.013740552589297295,0.10187124460935593,1
7.184,TAKEOFF,-0.030057571828365326,0.013740552589297295,0.10187124460935593,1
7.192,TAKEOFF,-0.030057571828365326,0.013740552589297295,0.10187124460935593,1
7.196,TAKEOFF,-0.030340462923049927,0.013597777113318443,0.10210949927568436,1
7.2,TAKEOFF,-0.030340462923049927,0.013597777113318443,0.10210949927568436,1
7.204,TAKEOFF,-0.030340462923049927,0.013597777113318443,0.10210949927568436,1
7.212,TAKEOFF,-0.030756447464227676,0.013378025032579899,0.1024717316031456,1
7.216,TAKEOFF,-0.030756447464227676,0.013378025032579899,0.1024717316031456,1
7.22,TAKEOFF,-0.030756447464227676,0.013378025032579899,0.1024717316031456,1
7.224,TAKEOFF,-0.030756447464227676,0.013378025032579899,0.1024717316031456,1
7.232,TAKEOFF,-0.03103390522301197,0.013234815560281277,0.10271167755126953,1
7.236,TAKEOFF,-0.03103390522301197,0.013234815560281277,0.10271167755126953,1
7.24,TAKEOFF,-0.03103390522301197,0.013234815560281277,0.10271167755126953,1
7.244,TAKEOFF,-0.03103390522301197,0.013234815560281277,0.10271167755126953,1
7.252,TAKEOFF,-0.03103390522301197,0.013234815560281277,0.10271167755126953,1
7.256,TAKEOFF,-0.03145167604088783,0.013015078380703926,0.10306888073682785,1
7.26,TAKEOFF,-0.03145167604088783,0.013015078380703926,0.10306888073682785,1
7.264,TAKEOFF,-0.03145167604088783,0.013015078380703926,0.10306888073682785,1
7.272,TAKEOFF,-0.03145167604088783,0.013015078380703926,0.10306888073682785,1
7.276,TAKEOFF,-0.031732432544231415,0.012865261174738407,0.10330843925476074,1
7.28,TAKEOFF,-0.031732432544231415,0.012865261174738407,0.10330843925476074,1
7.284,TAKEOFF,-0.031732432544231415,0.012865261174738407,0.10330843925476074,1
7.292,TAKEOFF,-0.031732432544231415,0.012865261174738407,0.10330843925476074,1
7.296,TAKEOFF,-0.03215070813894272,0.012638318352401257,0.10367877036333084,1
7.3,TAKEOFF,-0.03215070813894272,0.012638318352401257,0.10367877036333084,1
7.304,TAKEOFF,-0.03215070813894272,0.012638318352401257,0.10367877036333084,1
7.312,TAKEOFF,-0.03215070813894272,0.012638318352401257,0.10367877036333084,1
7.316,TAKEOFF,-0.03242797777056694,0.012485186569392681,0.10392656922340393,1
7.32,TAKEOFF,-0.03242797777056694,0.012485186569392681,0.10392656922340393,1
7.324,TAKEOFF,-0.03242797777056694,0.012485186569392681,0.10392656922340393,1
7.332,TAKEOFF,-0.03242797777056694,0.012485186569392681,0.10392656922340393,1
7.336,TAKEOFF,-0.0328386127948761,0.01225436944514513,0.10429196059703827,1
7.34,TAKEOFF,-0.0328386127948761,0.01225436944514513,0.10429196059703827,1
7.344,TAKEOFF,-0.0328386127948761,0.01225436944514513,0.10429196059703827,1
7.352,TAKEOFF,-0.0328386127948761,0.01225436944514513,0.10429196059703827,1
7.356,TAKEOFF,-0.03312370181083679,0.012180560268461704,0.10447056591510773,1
7.36,TAKEOFF,-0.03312370181083679,0.012180560268461704,0.10447056591510773,1
7.364,TAKEOFF,-0.03312370181083679,0.012180560268461704,0.10447056591510773,1
7.372,TAKEOFF,-0.03312370181083679,0.012180560268461704,0.10447056591510773,1
7.376,TAKEOFF,-0.03354426473379135,0.0120631018653512,0.1047373116016388,1
7.38,TAKEOFF,-0.03354426473379135,0.0120631018653512,0.1047373116016388,1
7.384,TAKEOFF,-0.03354426473379135,0.0120631018653512,0.1047373116016388,1
7.392,TAKEOFF,-0.03354426473379135,0.0120631018653512,0.1047373116016388,1
7.396,TAKEOFF,-0.03382460027933121,0.011987978592514992,0.10491842031478882,1
7.4,TAKEOFF,-0.03382460027933121,0.011987978592514992,0.10491842031478882,1
7.404,TAKEOFF,-0.03382460027933121,0.011987978592514992,0.10491842031478882,1
7.412,TAKEOFF,-0.03424261510372162,0.011872407980263233,0.10519721359014511,1
7.416,TAKEOFF,-0.03424261510372162,0.011872407980263233,0.10519721359014511,1
7.42,TAKEOFF,-0.03424261510372162,0.011872407980263233,0.10519721359014511,1
7.424,TAKEOFF,-0.03424261510372162,0.011872407980263233,0.10519721359014511,1
7.432,TAKEOFF,-0.03424261510372162,0.011872407980263233,0.10519721359014511,1
7.436,TAKEOFF,-0.0345226414501667,0.01179047953337431,0.10538627207279205,1
7.44,TAKEOFF,-0.0345226414501667,0.01179047953337431,0.10538627207279205,1
7.444,TAKEOFF,-0.0345226414501667,0.01179047953337431,0.10538627207279205,1
7.452,TAKEOFF,-0.03493892028927803,0.011673242785036564,0.10567063838243484,1
7.456,TAKEOFF,-0.03493892028927803,0.011673242785036564,0.10567063838243484,1
7.46,TAKEOFF,-0.03493892028927803,0.011673242785036564,0.10567063838243484,1
7.464,TAKEOFF,-0.03493892028927803,0.011673242785036564,0.10567063838243484,1
7.4719999999999995,TAKEOFF,-0.03521980345249176,0.011599008925259113,0.10586553066968918,1
7.476,TAKEOFF,-0.03521980345249176,0.011599008925259113,0.10586553066968918,1
7.48,TAKEOFF,-0.03521980345249176,0.011599008925259113,0.10586553066968918,1
7.484,TAKEOFF,-0.03521980345249176,0.011599008925259113,0.10586553066968918,1
7.492,TAKEOFF,-0.03521980345249176,0.011599008925259113,0.10586553066968918,1
7.496,TAKEOFF,-0.035640422254800797,0.011483564041554928,0.10616370290517807,1
7.5,TAKEOFF,-0.035640422254800797,0.011483564041554928,0.10616370290517807,1
7.504,TAKEOFF,-0.035640422254800797,0.011483564041554928,0.10616370290517807,1
7.5120000000000005,TAKEOFF,-0.035640422254800797,0.011483564041554928,0.10616370290517807,1
7.516,TAKEOFF,-0.03592095151543617,0.011402703821659088,0.10635506361722946,1
7.52,TAKEOFF,-0.03592095151543617,0.011402703821659088,0.10635506361722946,1
7.524,TAKEOFF,-0.03592095151543617,0.011402703821659088,0.10635506361722946,1
7.532,TAKEOFF,-0.03592095151543617,0.011402703821659088,0.10635506361722946,1
7.536,TAKEOFF,-0.03634252771735191,0.011274289339780807,0.10663791745901108,1
7.54,TAKEOFF,-0.03634252771735191,0.011274289339780807,0.10663791745901108,1
7.5440000000000005,TAKEOFF,-0.03634252771735191,0.011274289339780807,0.10663791745901108,1
7.552,TAKEOFF,-0.0366293340921402,0.011183498427271843,0.10683046281337738,1
7.556,TAKEOFF,-0.0366293340921402,0.011183498427271843,0.10683046281337738,1
7.5600000000000005,TAKEOFF,-0.0366293340921402,0.011183498427271843,0.10683046281337738,1
7.564,TAKEOFF,-0.0366293340921402,0.011183498427271843,0.10683046281337738,1
7.572,TAKEOFF,-0.0366293340921402,0.011183498427271843,0.10683046281337738,1
7.576,TAKEOFF,-0.0370565801858902,0.011050098575651646,0.10712407529354095,1
7.58,TAKEOFF,-0.0370565801858902,0.011050098575651646,0.10712407529354095,1
7.584,TAKEOFF,-0.0370565801858902,0.011050098575651646,0.10712407529354095,1
7.592,TAKEOFF,-0.0370565801858902,0.011050098575651646,0.10712407529354095,1
7.596,TAKEOFF,-0.03733988106250763,0.010960068553686142,0.10732486844062805,1
7.6,TAKEOFF,-0.03733988106250763,0.010960068553686142,0.10732486844062805,1
7.604,TAKEOFF,-0.03733988106250763,0.010960068553686142,0.10732486844062805,1
7.612,TAKEOFF,-0.037765707820653915,0.01082149613648653,0.10763866454362869,1
7.616,TAKEOFF,-0.037765707820653915,0.01082149613648653,0.10763866454362869,1
7.62,TAKEOFF,-0.037765707820653915,0.01082149613648653,0.10763866454362869,1
7.624,TAKEOFF,-0.037765707820653915,0.01082149613648653,0.10763866454362869,1
7.632,TAKEOFF,-0.037765707820653915,0.01082149613648653,0.10763866454362869,1
7.636,TAKEOFF,-0.03804638981819153,0.010730721987783909,0.10785487294197083,1
7.64,TAKEOFF,-0.03804638981819153,0.010730721987783909,0.10785487294197083,1
7.644,TAKEOFF,-0.03804638981819153,0.010730721987783909,0.10785487294197083,1
7.652,TAKEOFF,-0.03804638981819153,0.010730721987783909,0.10785487294197083,1
7.656,TAKEOFF,-0.038467422127723694,0.010597084648907185,0.1081833615899086,1
7.66,TAKEOFF,-0.038467422127723694,0.010597084648907185,0.1081833615899086,1
7.664,TAKEOFF,-0.038467422127723694,0.010597084648907185,0.1081833615899086,1
7.672,TAKEOFF,-0.038467422127723694,0.010597084648907185,0.1081833615899086,1
7.676,TAKEOFF,-0.0387430340051651,0.01050632819533348,0.10840455442667007,1
7.68,TAKEOFF,-0.0387430340051651,0.01050632819533348,0.10840455442667007,1
7.684,TAKEOFF,-0.0387430340051651,0.01050632819533348,0.10840455442667007,1
7.692,TAKEOFF,-0.0387430340051651,0.01050632819533348,0.10840455442667007,1
7.696,TAKEOFF,-0.03916490077972412,0.010370399802923203,0.10873597115278244,1
7.7,TAKEOFF,-0.03916490077972412,0.010370399802923203,0.10873597115278244,1
7.704,TAKEOFF,-0.03916490077972412,0.010370399802923203,0.10873597115278244,1
7.712,TAKEOFF,-0.03944979980587959,0.010277395136654377,0.10895498842000961,1
7.716,TAKEOFF,-0.03944979980587959,0.010277395136654377,0.10895498842000961,1
7.72,TAKEOFF,-0.03944979980587959,0.010277395136654377,0.10895498842000961,1
7.724,TAKEOFF,-0.03944979980587959,0.010277395136654377,0.10895498842000961,1
7.732,TAKEOFF,-0.03944979980587959,0.010277395136654377,0.10895498842000961,1
7.736,TAKEOFF,-0.039882972836494446,0.010138584300875664,0.1092848852276802,1
7.74,TAKEOFF,-0.039882972836494446,0.010138584300875664,0.1092848852276802,1
7.744,TAKEOFF,-0.039882972836494446,0.010138584300875664,0.1092848852276802,1
7.752,TAKEOFF,-0.039882972836494446,0.010138584300875664,0.1092848852276802,1
7.756,TAKEOFF,-0.04007133096456528,0.0100672272965312,0.1094890609383583,1
7.76,TAKEOFF,-0.04007133096456528,0.0100672272965312,0.1094890609383583,1
7.764,TAKEOFF,-0.04007133096456528,0.0100672272965312,0.1094890609383583,1
7.772,TAKEOFF,-0.0403614342212677,0.009956080466508865,0.10980349034070969,1
7.776,TAKEOFF,-0.0403614342212677,0.009956080466508865,0.10980349034070969,1
7.78,TAKEOFF,-0.0403614342212677,0.009956080466508865,0.10980349034070969,1
7.784,TAKEOFF,-0.0403614342212677,0.009956080466508865,0.10980349034070969,1
7.792,TAKEOFF,-0.0405573770403862,0.009874283336102962,0.11002083867788315,1
7.796,TAKEOFF,-0.0405573770403862,0.009874283336102962,0.11002083867788315,1
7.8,TAKEOFF,-0.0405573770403862,0.009874283336102962,0.11002083867788315,1
7.804,TAKEOFF,-0.0405573770403862,0.009874283336102962,0.11002083867788315,1
7.812,TAKEOFF,-0.0405573770403862,0.009874283336102962,0.11002083867788315,1
7.816,TAKEOFF,-0.04086584597826004,0.00974583812057972,0.11035460233688354,1
7.82,TAKEOFF,-0.04086584597826004,0.00974583812057972,0.11035460233688354,1
7.824,TAKEOFF,-0.04086584597826004,0.00974583812057972,0.11035460233688354,1
7.832,TAKEOFF,-0.04086584597826004,0.00974583812057972,0.11035460233688354,1
7.836,TAKEOFF,-0.041076671332120895,0.00965998787432909,0.11058172583580017,1
7.84,TAKEOFF,-0.041076671332120895,0.00965998787432909,0.11058172583580017,1
7.844,TAKEOFF,-0.041076671332120895,0.00965998787432909,0.11058172583580017,1
7.852,TAKEOFF,-0.04139876738190651,0.009530292823910713,0.11092662811279297,1
7.856,TAKEOFF,-0.04139876738190651,0.009530292823910713,0.11092662811279297,1
7.86,TAKEOFF,-0.04139876738190651,0.009530292823910713,0.11092662811279297,1
7.864,TAKEOFF,-0.04139876738190651,0.009530292823910713,0.11092662811279297,1
7.872,TAKEOFF,-0.04161398112773895,0.009442530572414398,0.11116108298301697,1
7.876,TAKEOFF,-0.04161398112773895,0.009442530572414398,0.11116108298301697,1
7.88,TAKEOFF,-0.04161398112773895,0.009442530572414398,0.11116108298301697,1
7.884,TAKEOFF,-0.04161398112773895,0.009442530572414398,0.11116108298301697,1
7.892,TAKEOFF,-0.04161398112773895,0.009442530572414398,0.11116108298301697,1
7.896,TAKEOFF,-0.04193276911973953,0.009308503940701485,0.11151385307312012,1
7.9,TAKEOFF,-0.04193276911973953,0.009308503940701485,0.11151385307312012,1
7.904,TAKEOFF,-0.04193276911973953,0.009308503940701485,0.11151385307312012,1
7.912,TAKEOFF,-0.04193276911973953,0.009308503940701485,0.11151385307312012,1
7.916,TAKEOFF,-0.04214534908533096,0.009220246225595474,0.11175159364938736,1
7.92,TAKEOFF,-0.04214534908533096,0.009220246225595474,0.11175159364938736,1
7.924,TAKEOFF,-0.04214534908533096,0.009220246225595474,0.11175159364938736,1
7.932,TAKEOFF,-0.0424717552959919,0.00909548532217741,0.11211414635181427,1
7.936,TAKEOFF,-0.0424717552959919,0.00909548532217741,0.11211414635181427,1
7.9399999999999995,TAKEOFF,-0.0424717552959919,0.00909548532217741,0.11211414635181427,1
7.944,TAKEOFF,-0.0424717552959919,0.00909548532217741,0.11211414635181427,1
7.952,TAKEOFF,-0.04269508272409439,0.009012904018163681,0.11235696077346802,1
7.9559999999999995,TAKEOFF,-0.04269508272409439,0.009012904018163681,0.11235696077346802,1
7.96,TAKEOFF,-0.04269508272409439,0.009012904018163681,0.11235696077346802,1
7.964,TAKEOFF,-0.04269508272409439,0.009012904018163681,0.11235696077346802,1
7.9719999999999995,TAKEOFF,-0.04304371029138565,0.008892307989299297,0.11272113025188446,1
7.976,TAKEOFF,-0.04304371029138565,0.008892307989299297,0.11272113025188446,1
7.98,TAKEOFF,-0.04304371029138565,0.008892307989299297,0.11272113025188446,1
7.984,TAKEOFF,-0.04304371029138565,0.008892307989299297,0.11272113025188446,1
7.992,TAKEOFF,-0.04304371029138565,0.008892307989299297,0.11272113025188446,1
7.996,TAKEOFF,-0.04327968880534172,0.008814402855932713,0.11296673119068146,1
8.0,TAKEOFF,-0.04327968880534172,0.008814402855932713,0.11296673119068146,1
8.004,TAKEOFF,-0.04327968880534172,0.008814402855932713,0.11296673119068146,1
8.012,TAKEOFF,-0.04363606870174408,0.008696028031408787,0.1133379265666008,1
8.016,TAKEOFF,-0.04363606870174408,0.008696028031408787,0.1133379265666008,1
8.02,TAKEOFF,-0.04363606870174408,0.008696028031408787,0.1133379265666008,1
8.024,TAKEOFF,-0.04363606870174408,0.008696028031408787,0.1133379265666008,1
8.032,TAKEOFF,-0.04363606870174408,0.008696028031408787,0.1133379265666008,1
8.036,TAKEOFF,-0.04387696459889412,0.008620009757578373,0.11358688026666641,1
8.04,TAKEOFF,-0.04387696459889412,0.008620009757578373,0.11358688026666641,1
8.044,TAKEOFF,-0.04387696459889412,0.008620009757578373,0.11358688026666641,1
8.052,TAKEOFF,-0.04387696459889412,0.008620009757578373,0.11358688026666641,1
8.056,TAKEOFF,-0.04424288496375084,0.008502441458404064,0.1139688491821289,1
8.06,TAKEOFF,-0.04424288496375084,0.008502441458404064,0.1139688491821289,1
8.064,TAKEOFF,-0.04424288496375084,0.008502441458404064,0.1139688491821289,1
8.072,TAKEOFF,-0.0444873608648777,0.008422859944403172,0.11422985047101974,1
8.076,TAKEOFF,-0.0444873608648777,0.008422859944403172,0.11422985047101974,1
8.08,TAKEOFF,-0.0444873608648777,0.008422859944403172,0.11422985047101974,1
8.084,TAKEOFF,-0.0444873608648777,0.008422859944403172,0.11422985047101974,1
8.092,TAKEOFF,-0.044854793697595596,0.008304751478135586,0.11463023722171783,1
8.096,TAKEOFF,-0.044854793697595596,0.008304751478135586,0.11463023722171783,1
8.1,TAKEOFF,-0.044854793697595596,0.008304751478135586,0.11463023722171783,1
8.104,TAKEOFF,-0.044854793697595596,0.008304751478135586,0.11463023722171783,1
8.112,TAKEOFF,-0.044854793697595596,0.008304751478135586,0.11463023722171783,1
8.116,TAKEOFF,-0.04510306566953659,0.008218688890337944,0.11490001529455185,1
8.12,TAKEOFF,-0.04510306566953659,0.008218688890337944,0.11490001529455185,1
8.124,TAKEOFF,-0.04510306566953659,0.008218688890337944,0.11490001529455185,1
8.132,TAKEOFF,-0.04548700526356697,0.00807974487543106,0.11531243473291397,1
8.136,TAKEOFF,-0.04548700526356697,0.00807974487543106,0.11531243473291397,1
8.14,TAKEOFF,-0.04548700526356697,0.00807974487543106,0.11531243473291397,1
8.144,TAKEOFF,-0.04548700526356697,0.00807974487543106,0.11531243473291397,1
8.152,TAKEOFF,-0.04564439505338669,0.008004585281014442,0.11557228118181229,1
8.156,TAKEOFF,-0.04564439505338669,0.008004585281014442,0.11557228118181229,1
8.16,TAKEOFF,-0.04564439505338669,0.008004585281014442,0.11557228118181229,1
8.164,TAKEOFF,-0.04564439505338669,0.008004585281014442,0.11557228118181229,1
8.172,TAKEOFF,-0.04564439505338669,0.008004585281014442,0.11557228118181229,1
8.176,TAKEOFF,-0.045897942036390305,0.007887988351285458,0.11596859246492386,1
8.18,TAKEOFF,-0.045897942036390305,0.007887988351285458,0.11596859246492386,1
8.184,TAKEOFF,-0.045897942036390305,0.007887988351285458,0.11596859246492386,1
8.192,TAKEOFF,-0.045897942036390305,0.007887988351285458,0.11596859246492386,1
8.196,TAKEOFF,-0.0460725873708725,0.007805337198078632,0.11624167859554291,1
8.2,TAKEOFF,-0.0460725873708725,0.007805337198078632,0.11624167859554291,1
8.204,TAKEOFF,-0.0460725873708725,0.007805337198078632,0.11624167859554291,1
8.212,TAKEOFF,-0.046343136578798294,0.007674240041524172,0.11665700376033783,1
8.216,TAKEOFF,-0.046343136578798294,0.007674240041524172,0.11665700376033783,1
8.22,TAKEOFF,-0.046343136578798294,0.007674240041524172,0.11665700376033783,1
8.224,TAKEOFF,-0.046343136578798294,0.007674240041524172,0.11665700376033783,1
8.232,TAKEOFF,-0.046343136578798294,0.007674240041524172,0.11665700376033783,1
8.236,TAKEOFF,-0.046526532620191574,0.007587207946926355,0.11693098396062851,1
8.24,TAKEOFF,-0.046526532620191574,0.007587207946926355,0.11693098396062851,1
8.244,TAKEOFF,-0.046526532620191574,0.007587207946926355,0.11693098396062851,1
8.252,TAKEOFF,-0.046526532620191574,0.007587207946926355,0.11693098396062851,1
8.256,TAKEOFF,-0.04680491238832474,0.0074568153358995914,0.1173417866230011,1
8.26,TAKEOFF,-0.04680491238832474,0.0074568153358995914,0.1173417866230011,1
8.264,TAKEOFF,-0.04680491238832474,0.0074568153358995914,0.1173417866230011,1
8.272,TAKEOFF,-0.04680491238832474,0.0074568153358995914,0.1173417866230011,1
8.276,TAKEOFF,-0.04698807746171951,0.007372561376541853,0.11761267483234406,1
8.28,TAKEOFF,-0.04698807746171951,0.007372561376541853,0.11761267483234406,1
8.284,TAKEOFF,-0.04698807746171951,0.007372561376541853,0.11761267483234406,1
8.292,TAKEOFF,-0.04725831747055054,0.007241128943860531,0.11802370101213455,1
8.296,TAKEOFF,-0.04725831747055054,0.007241128943860531,0.11802370101213455,1
8.3,TAKEOFF,-0.04725831747055054,0.007241128943860531,0.11802370101213455,1
8.304,TAKEOFF,-0.04725831747055054,0.007241128943860531,0.11802370101213455,1
8.312,TAKEOFF,-0.04743676260113716,0.007152372505515814,0.11829778552055359,1
8.316,TAKEOFF,-0.04743676260113716,0.007152372505515814,0.11829778552055359,1
8.32,TAKEOFF,-0.04743676260113716,0.007152372505515814,0.11829778552055359,1
8.324,TAKEOFF,-0.04743676260113716,0.007152372505515814,0.11829778552055359,1
8.332,TAKEOFF,-0.04771201312541962,0.0070300777442753315,0.11870676279067993,1
8.336,TAKEOFF,-0.04771201312541962,0.0070300777442753315,0.11870676279067993,1
8.34,TAKEOFF,-0.04771201312541962,0.0070300777442753315,0.11870676279067993,1
8.344,TAKEOFF,-0.04771201312541962,0.0070300777442753315,0.11870676279067993,1
8.352,TAKEOFF,-0.04771201312541962,0.0070300777442753315,0.11870676279067993,1
8.356,TAKEOFF,-0.04790080711245537,0.006951852235943079,0.11898532509803772,1
8.36,TAKEOFF,-0.04790080711245537,0.006951852235943079,0.11898532509803772,1
8.364,TAKEOFF,-0.04790080711245537,0.006951852235943079,0.11898532509803772,1
8.372,TAKEOFF,-0.04790080711245537,0.006951852235943079,0.11898532509803772,1
8.376,TAKEOFF,-0.048186562955379486,0.006829547695815563,0.11939991265535355,1
8.38,TAKEOFF,-0.048186562955379486,0.006829547695815563,0.11939991265535355,1
8.384,TAKEOFF,-0.048186562955379486,0.006829547695815563,0.11939991265535355,1
8.392,TAKEOFF,-0.048186562955379486,0.006829547695815563,0.11939991265535355,1
8.396,TAKEOFF,-0.04837441071867943,0.006750372238457203,0.1196851134300232,1
8.4,TAKEOFF,-0.04837441071867943,0.006750372238457203,0.1196851134300232,1
8.404,TAKEOFF,-0.04837441071867943,0.006750372238457203,0.1196851134300232,1
8.412,TAKEOFF,-0.04837441071867943,0.006750372238457203,0.1196851134300232,1
8.416,TAKEOFF,-0.04866212606430054,0.006628637667745352,0.12010519206523895,1
8.42,TAKEOFF,-0.04866212606430054,0.006628637667745352,0.12010519206523895,1
8.424,TAKEOFF,-0.04866212606430054,0.006628637667745352,0.12010519206523895,1
8.432,TAKEOFF,-0.04866212606430054,0.006628637667745352,0.12010519206523895,1
8.436,TAKEOFF,-0.048858072608709335,0.006545874755829573,0.12038375437259674,1
8.44,TAKEOFF,-0.048858072608709335,0.006545874755829573,0.12038375437259674,1
8.444,TAKEOFF,-0.048858072608709335,0.006545874755829573,0.12038375437259674,1
8.452,TAKEOFF,-0.04915406554937363,0.006425490137189627,0.12079808115959167,1
8.456,TAKEOFF,-0.04915406554937363,0.006425490137189627,0.12079808115959167,1
8.46,TAKEOFF,-0.04915406554937363,0.006425490137189627,0.12079808115959167,1
8.464,TAKEOFF,-0.04915406554937363,0.006425490137189627,0.12079808115959167,1
8.472,TAKEOFF,-0.04934678599238396,0.006346836686134338,0.12107372283935547,1
8.475999999999999,TAKEOFF,-0.04934678599238396,0.006346836686134338,0.12107372283935547,1
8.48,TAKEOFF,-0.04934678599238396,0.006346836686134338,0.12107372283935547,1
8.484,TAKEOFF,-0.04934678599238396,0.006346836686134338,0.12107372283935547,1
8.492,TAKEOFF,-0.04934678599238396,0.006346836686134338,0.12107372283935547,1
8.496,TAKEOFF,-0.04963839426636696,0.006227108649909496,0.12148593366146088,1
8.5,TAKEOFF,-0.04963839426636696,0.006227108649909496,0.12148593366146088,1
8.504,TAKEOFF,-0.04963839426636696,0.006227108649909496,0.12148593366146088,1
8.512,TAKEOFF,-0.04963839426636696,0.006227108649909496,0.12148593366146088,1
8.516,TAKEOFF,-0.049831874668598175,0.006146999541670084,0.12176457047462463,1
8.52,TAKEOFF,-0.049831874668598175,0.006146999541670084,0.12176457047462463,1
8.524000000000001,TAKEOFF,-0.049831874668598175,0.006146999541670084,0.12176457047462463,1
8.532,TAKEOFF,-0.05011966824531555,0.006009911186993122,0.12218382954597473,1
8.536,TAKEOFF,-0.05011966824531555,0.006009911186993122,0.12218382954597473,1
8.54,TAKEOFF,-0.05011966824531555,0.006009911186993122,0.12218382954597473,1
8.544,TAKEOFF,-0.05011966824531555,0.006009911186993122,0.12218382954597473,1
8.552,TAKEOFF,-0.050209082663059235,0.0059376852586865425,0.122414231300354,1
8.556000000000001,TAKEOFF,-0.050209082663059235,0.0059376852586865425,0.122414231300354,1
8.56,TAKEOFF,-0.050209082663059235,0.0059376852586865425,0.122414231300354,1
8.564,TAKEOFF,-0.050209082663059235,0.0059376852586865425,0.122414231300354,1
8.572,TAKEOFF,-0.050209082663059235,0.0059376852586865425,0.122414231300354,1
8.576,TAKEOFF,-0.050352249294519424,0.005822788458317518,0.12276981770992279,1
8.58,TAKEOFF,-0.050352249294519424,0.005822788458317518,0.12276981770992279,1
8.584,TAKEOFF,-0.050352249294519424,0.005822788458317518,0.12276981770992279,1
8.592,TAKEOFF,-0.050352249294519424,0.005822788458317518,0.12276981770992279,1
8.596,TAKEOFF,-0.05045248940587044,0.0057475510984659195,0.12301246076822281,1
8.6,TAKEOFF,-0.05045248940587044,0.0057475510984659195,0.12301246076822281,1
8.604,TAKEOFF,-0.05045248940587044,0.0057475510984659195,0.12301246076822281,1
8.612,TAKEOFF,-0.05045248940587044,0.0057475510984659195,0.12301246076822281,1
8.616,TAKEOFF,-0.050606127828359604,0.005627959035336971,0.12337836623191833,1
8.62,TAKEOFF,-0.050606127828359604,0.005627959035336971,0.12337836623191833,1
8.624,TAKEOFF,-0.050606127828359604,0.005627959035336971,0.12337836623191833,1
8.632,TAKEOFF,-0.050606127828359604,0.005627959035336971,0.12337836623191833,1
8.636,TAKEOFF,-0.05071369931101799,0.005541872698813677,0.12362617254257202,1
8.64,TAKEOFF,-0.05071369931101799,0.005541872698813677,0.12362617254257202,1
8.644,TAKEOFF,-0.05071369931101799,0.005541872698813677,0.12362617254257202,1
8.652,TAKEOFF,-0.05071369931101799,0.005541872698813677,0.12362617254257202,1
8.656,TAKEOFF,-0.050877779722213745,0.005413280334323645,0.12400335818529129,1
8.66,TAKEOFF,-0.050877779722213745,0.005413280334323645,0.12400335818529129,1
8.664,TAKEOFF,-0.050877779722213745,0.005413280334323645,0.12400335818529129,1
8.672,TAKEOFF,-0.05099029839038849,0.0053275530226528645,0.12425840646028519,1
8.676,TAKEOFF,-0.05099029839038849,0.0053275530226528645,0.12425840646028519,1
8.68,TAKEOFF,-0.05099029839038849,0.0053275530226528645,0.12425840646028519,1
8.684,TAKEOFF,-0.05099029839038849,0.0053275530226528645,0.12425840646028519,1
8.692,TAKEOFF,-0.05099029839038849,0.0053275530226528645,0.12425840646028519,1
8.696,TAKEOFF,-0.051157984882593155,0.005193687509745359,0.12463800609111786,1
8.7,TAKEOFF,-0.051157984882593155,0.005193687509745359,0.12463800609111786,1
8.704,TAKEOFF,-0.051157984882593155,0.005193687509745359,0.12463800609111786,1
8.712,TAKEOFF,-0.051157984882593155,0.005193687509745359,0.12463800609111786,1
8.716,TAKEOFF,-0.051271893084049225,0.005108045879751444,0.12488877028226852,1
8.72,TAKEOFF,-0.051271893084049225,0.005108045879751444,0.12488877028226852,1
8.724,TAKEOFF,-0.051271893084049225,0.005108045879751444,0.12488877028226852,1
8.732,TAKEOFF,-0.051271893084049225,0.005108045879751444,0.12488877028226852,1
8.736,TAKEOFF,-0.05144033581018448,0.004969587083905935,0.1252649873495102,1
8.74,TAKEOFF,-0.05144033581018448,0.004969587083905935,0.1252649873495102,1
8.744,TAKEOFF,-0.05144033581018448,0.004969587083905935,0.1252649873495102,1
8.752,TAKEOFF,-0.05144033581018448,0.004969587083905935,0.1252649873495102,1
8.756,TAKEOFF,-0.05155434459447861,0.004875958897173405,0.12551799416542053,1
8.76,TAKEOFF,-0.05155434459447861,0.004875958897173405,0.12551799416542053,1
8.764,TAKEOFF,-0.05155434459447861,0.004875958897173405,0.12551799416542053,1
8.772,TAKEOFF,-0.051719650626182556,0.004731216933578253,0.1259043663740158,1
8.776,TAKEOFF,-0.051719650626182556,0.004731216933578253,0.1259043663740158,1
8.78,TAKEOFF,-0.051719650626182556,0.004731216933578253,0.1259043663740158,1
8.784,TAKEOFF,-0.051719650626182556,0.004731216933578253,0.1259043663740158,1
8.792,TAKEOFF,-0.051719650626182556,0.004731216933578253,0.1259043663740158,1
8.796,TAKEOFF,-0.051822636276483536,0.00463275657966733,0.12616491317749023,1
8.8,TAKEOFF,-0.051822636276483536,0.00463275657966733,0.12616491317749023,1
8.804,TAKEOFF,-0.051822636276483536,0.00463275657966733,0.12616491317749023,1
8.812,TAKEOFF,-0.05196971446275711,0.0044755046255886555,0.1265634000301361,1
8.816,TAKEOFF,-0.05196971446275711,0.0044755046255886555,0.1265634000301361,1
8.82,TAKEOFF,-0.05196971446275711,0.0044755046255886555,0.1265634000301361,1
8.824,TAKEOFF,-0.05196971446275711,0.0044755046255886555,0.1265634000301361,1
8.832,TAKEOFF,-0.05196971446275711,0.0044755046255886555,0.1265634000301361,1
8.836,TAKEOFF,-0.05206654965877533,0.004364070948213339,0.12683217227458954,1
8.84,TAKEOFF,-0.05206654965877533,0.004364070948213339,0.12683217227458954,1
8.844,TAKEOFF,-0.05206654965877533,0.004364070948213339,0.12683217227458954,1
8.852,TAKEOFF,-0.05221334844827652,0.004193401895463467,0.12723718583583832,1
8.856,TAKEOFF,-0.05221334844827652,0.004193401895463467,0.12723718583583832,1
8.86,TAKEOFF,-0.05221334844827652,0.004193401895463467,0.12723718583583832,1
8.864,TAKEOFF,-0.05221334844827652,0.004193401895463467,0.12723718583583832,1
8.872,TAKEOFF,-0.05231311544775963,0.004073814954608679,0.1275094747543335,1
8.876,TAKEOFF,-0.05231311544775963,0.004073814954608679,0.1275094747543335,1
8.88,TAKEOFF,-0.05231311544775963,0.004073814954608679,0.1275094747543335,1
8.884,TAKEOFF,-0.05231311544775963,0.004073814954608679,0.1275094747543335,1
8.892,TAKEOFF,-0.05231311544775963,0.004073814954608679,0.1275094747543335,1
8.896,TAKEOFF,-0.05246153473854065,0.003891066648066044,0.12792180478572845,1
8.9,TAKEOFF,-0.05246153473854065,0.003891066648066044,0.12792180478572845,1
8.904,TAKEOFF,-0.05246153473854065,0.003891066648066044,0.12792180478572845,1
8.912,TAKEOFF,-0.05246153473854065,0.003891066648066044,0.12792180478572845,1
8.916,TAKEOFF,-0.05256058648228645,0.003770854091271758,0.12820227444171906,1
8.92,TAKEOFF,-0.05256058648228645,0.003770854091271758,0.12820227444171906,1
8.924,TAKEOFF,-0.05256058648228645,0.003770854091271758,0.12820227444171906,1
8.932,TAKEOFF,-0.052699651569128036,0.003591675776988268,0.12861867249011993,1
8.936,TAKEOFF,-0.052699651569128036,0.003591675776988268,0.12861867249011993,1
8.94,TAKEOFF,-0.052699651569128036,0.003591675776988268,0.12861867249011993,1
8.943999999999999,TAKEOFF,-0.052699651569128036,0.003591675776988268,0.12861867249011993,1
8.952,TAKEOFF,-0.052699651569128036,0.003591675776988268,0.12861867249011993,1
8.956,TAKEOFF,-0.05271439999341965,0.0034950515255331993,0.1288999617099762,1
8.96,TAKEOFF,-0.05271439999341965,0.0034950515255331993,0.1288999617099762,1
8.964,TAKEOFF,-0.05271439999341965,0.0034950515255331993,0.1288999617099762,1
8.972,TAKEOFF,-0.05271439999341965,0.0034950515255331993,0.1288999617099762,1
8.975999999999999,TAKEOFF,-0.052736878395080566,0.0033474655356258154,0.12932202219963074,1
8.98,TAKEOFF,-0.052736878395080566,0.0033474655356258154,0.12932202219963074,1
8.984,TAKEOFF,-0.052736878395080566,0.0033474655356258154,0.12932202219963074,1
8.992,TAKEOFF,-0.052736878395080566,0.0033474655356258154,0.12932202219963074,1
8.996,TAKEOFF,-0.05274895206093788,0.0032437851186841726,0.1296023726463318,1
9.0,TAKEOFF,-0.05274895206093788,0.0032437851186841726,0.1296023726463318,1
9.004,TAKEOFF,-0.05274895206093788,0.0032437851186841726,0.1296023726463318,1
9.012,TAKEOFF,-0.05274895206093788,0.0032437851186841726,0.1296023726463318,1
9.016,TAKEOFF,-0.05276939645409584,0.003086986020207405,0.13002212345600128,1
9.02,TAKEOFF,-0.05276939645409584,0.003086986020207405,0.13002212345600128,1
9.024,TAKEOFF,-0.05276939645409584,0.003086986020207405,0.13002212345600128,1
9.032,TAKEOFF,-0.05276939645409584,0.003086986020207405,0.13002212345600128,1
9.036,TAKEOFF,-0.052785009145736694,0.0029819670598953962,0.13030321896076202,1
9.04,TAKEOFF,-0.052785009145736694,0.0029819670598953962,0.13030321896076202,1
9.044,TAKEOFF,-0.052785009145736694,0.0029819670598953962,0.13030321896076202,1
9.052,TAKEOFF,-0.052785009145736694,0.0029819670598953962,0.13030321896076202,1
9.056,TAKEOFF,-0.052805833518505096,0.002825323026627302,0.13072875142097473,1
9.06,TAKEOFF,-0.052805833518505096,0.002825323026627302,0.13072875142097473,1
9.064,TAKEOFF,-0.052805833518505096,0.002825323026627302,0.13072875142097473,1
9.072,TAKEOFF,-0.052805833518505096,0.002825323026627302,0.13072875142097473,1
9.076,TAKEOFF,-0.05281895026564598,0.0027219820767641068,0.1310160756111145,1
9.08,TAKEOFF,-0.05281895026564598,0.0027219820767641068,0.1310160756111145,1
9.084,TAKEOFF,-0.05281895026564598,0.0027219820767641068,0.1310160756111145,1
9.092,TAKEOFF,-0.05281895026564598,0.0027219820767641068,0.1310160756111145,1
9.096,TAKEOFF,-0.05283651500940323,0.002558348933234811,0.13144594430923462,1
9.1,TAKEOFF,-0.05283651500940323,0.002558348933234811,0.13144594430923462,1
9.104,TAKEOFF,-0.05283651500940323,0.002558348933234811,0.13144594430923462,1
9.112,TAKEOFF,-0.05283651500940323,0.002558348933234811,0.13144594430923462,1
9.116,TAKEOFF,-0.052848804742097855,0.002446545986458659,0.13173261284828186,1
9.12,TAKEOFF,-0.052848804742097855,0.002446545986458659,0.13173261284828186,1
9.124,TAKEOFF,-0.052848804742097855,0.002446545986458659,0.13173261284828186,1
9.132,TAKEOFF,-0.052848804742097855,0.002446545986458659,0.13173261284828186,1
9.136,TAKEOFF,-0.052863847464323044,0.002270838711410761,0.13216879963874817,1
9.14,TAKEOFF,-0.052863847464323044,0.002270838711410761,0.13216879963874817,1
9.144,TAKEOFF,-0.052863847464323044,0.002270838711410761,0.13216879963874817,1
9.152,TAKEOFF,-0.05287432670593262,0.0021403434220701456,0.13246583938598633,1
9.156,TAKEOFF,-0.05287432670593262,0.0021403434220701456,0.13246583938598633,1
9.16,TAKEOFF,-0.05287432670593262,0.0021403434220701456,0.13246583938598633,1
9.164,TAKEOFF,-0.05287432670593262,0.0021403434220701456,0.13246583938598633,1
9.172,TAKEOFF,-0.05287432670593262,0.0021403434220701456,0.13246583938598633,1
9.176,TAKEOFF,-0.052886005491018295,0.0019390643574297428,0.13294129073619843,1
9.18,TAKEOFF,-0.052886005491018295,0.0019390643574297428,0.13294129073619843,1
9.184,TAKEOFF,-0.052886005491018295,0.0019390643574297428,0.13294129073619843,1
9.192,TAKEOFF,-0.052886005491018295,0.0019390643574297428,0.13294129073619843,1
9.196,TAKEOFF,-0.05289240926504135,0.0017959818942472339,0.13328608870506287,1
9.2,TAKEOFF,-0.05289240926504135,0.0017959818942472339,0.13328608870506287,1
9.204,TAKEOFF,-0.05289240926504135,0.0017959818942472339,0.13328608870506287,1
9.212,TAKEOFF,-0.05289240926504135,0.0017959818942472339,0.13328608870506287,1
9.216,TAKEOFF,-0.052902013063430786,0.0015724640106782317,0.1338578313589096,1
9.22,TAKEOFF,-0.052902013063430786,0.0015724640106782317,0.1338578313589096,1
9.224,TAKEOFF,-0.052902013063430786,0.0015724640106782317,0.1338578313589096,1
9.232,TAKEOFF,-0.052902013063430786,0.0015724640106782317,0.1338578313589096,1
9.236,TAKEOFF,-0.052908554673194885,0.0014146215980872512,0.13427409529685974,1
9.24,TAKEOFF,-0.052908554673194885,0.0014146215980872512,0.13427409529685974,1
9.244,TAKEOFF,-0.052908554673194885,0.0014146215980872512,0.13427409529685974,1
9.252,TAKEOFF,-0.052908554673194885,0.0014146215980872512,0.13427409529685974,1
9.256,TAKEOFF,-0.052919477224349976,0.0011570971691980958,0.13496148586273193,1
9.26,TAKEOFF,-0.052919477224349976,0.0011570971691980958,0.13496148586273193,1
9.264,TAKEOFF,-0.052919477224349976,0.0011570971691980958,0.13496148586273193,1
9.272,TAKEOFF,-0.052919477224349976,0.0011570971691980958,0.13496148586273193,1
9.276,TAKEOFF,-0.05292142927646637,0.0009706559358164668,0.13547149300575256,1
9.28,TAKEOFF,-0.05292142927646637,0.0009706559358164668,0.13547149300575256,1
9.284,TAKEOFF,-0.05292142927646637,0.0009706559358164668,0.13547149300575256,1
9.292,TAKEOFF,-0.05292142927646637,0.0009706559358164668,0.13547149300575256,1
9.296,TAKEOFF,-0.05291811749339104,0.0006677673663944006,0.1363164335489273,1
9.3,TAKEOFF,-0.05291811749339104,0.0006677673663944006,0.1363164335489273,1
9.304,TAKEOFF,-0.05291811749339104,0.0006677673663944006,0.1363164335489273,1
9.312,TAKEOFF,-0.05291811749339104,0.0006677673663944006,0.1363164335489273,1
9.316,TAKEOFF,-0.05291282758116722,0.00044209021143615246,0.13693606853485107,1
9.32,TAKEOFF,-0.05291282758116722,0.00044209021143615246,0.13693606853485107,1
9.324,TAKEOFF,-0.05291282758116722,0.00044209021143615246,0.13693606853485107,1
9.332,TAKEOFF,-0.05291282758116722,0.00044209021143615246,0.13693606853485107,1
9.336,TAKEOFF,-0.05290832743048668,7.576300413347781e-05,0.13794386386871338,1
9.34,TAKEOFF,-0.05290832743048668,7.576300413347781e-05,0.13794386386871338,1
9.344,TAKEOFF,-0.05290832743048668,7.576300413347781e-05,0.13794386386871338,1
9.352,TAKEOFF,-0.05290832743048668,7.576300413347781e-05,0.13794386386871338,1
9.356,TAKEOFF,-0.052859898656606674,-0.00014197947166394442,0.1386122852563858,1
9.36,TAKEOFF,-0.052859898656606674,-0.00014197947166394442,0.1386122852563858,1
9.364,TAKEOFF,-0.052859898656606674,-0.00014197947166394442,0.1386122852563858,1
9.372,TAKEOFF,-0.052859898656606674,-0.00014197947166394442,0.1386122852563858,1
9.376,TAKEOFF,-0.05279375612735748,-0.0005076010129414499,0.1396872103214264,1
9.38,TAKEOFF,-0.05279375612735748,-0.0005076010129414499,0.1396872103214264,1
9.384,TAKEOFF,-0.05279375612735748,-0.0005076010129414499,0.1396872103214264,1
9.392,TAKEOFF,-0.05279375612735748,-0.0005076010129414499,0.1396872103214264,1
9.396,TAKEOFF,-0.05275332182645798,-0.0007918213959783316,0.1404498666524887,1
9.4,TAKEOFF,-0.05275332182645798,-0.0007918213959783316,0.1404498666524887,1
9.404,TAKEOFF,-0.05275332182645798,-0.0007918213959783316,0.1404498666524887,1
9.412,TAKEOFF,-0.05275332182645798,-0.0007918213959783316,0.1404498666524887,1
9.416,TAKEOFF,-0.05268559604883194,-0.0012985898647457361,0.14166638255119324,1
9.42,TAKEOFF,-0.05268559604883194,-0.0012985898647457361,0.14166638255119324,1
9.424,TAKEOFF,-0.05268559604883194,-0.0012985898647457361,0.14166638255119324,1
9.432,TAKEOFF,-0.05268559604883194,-0.0012985898647457361,0.14166638255119324,1
9.436,TAKEOFF,-0.052644386887550354,-0.0016922792419791222,0.14253170788288116,1
9.44,TAKEOFF,-0.052644386887550354,-0.0016922792419791222,0.14253170788288116,1
9.444,TAKEOFF,-0.052644386887550354,-0.0016922792419791222,0.14253170788288116,1
9.452,TAKEOFF,-0.052644386887550354,-0.0016922792419791222,0.14253170788288116,1
9.456,TAKEOFF,-0.05257583409547806,-0.0023847660049796104,0.1439208984375,1
9.46,TAKEOFF,-0.05257583409547806,-0.0023847660049796104,0.1439208984375,1
9.464,TAKEOFF,-0.05257583409547806,-0.0023847660049796104,0.1439208984375,1
9.472,TAKEOFF,-0.05257583409547806,-0.0023847660049796104,0.1439208984375,1
9.475999999999999,TAKEOFF,-0.0525272972881794,-0.002918644342571497,0.1449175775051117,1
9.48,TAKEOFF,-0.0525272972881794,-0.002918644342571497,0.1449175775051117,1
9.484,TAKEOFF,-0.0525272972881794,-0.002918644342571497,0.1449175775051117,1
9.492,TAKEOFF,-0.0525272972881794,-0.002918644342571497,0.1449175775051117,1
9.496,TAKEOFF,-0.05244835093617439,-0.003827552543953061,0.14653556048870087,1
9.5,TAKEOFF,-0.05244835093617439,-0.003827552543953061,0.14653556048870087,1
9.504,TAKEOFF,-0.05244835093617439,-0.003827552543953061,0.14653556048870087,1
9.516,TAKEOFF,-0.05244835093617439,-0.003827552543953061,0.14653556048870087,1
9.516,TAKEOFF,-0.05239003524184227,-0.004514425992965698,0.1477009654045105,1
9.52,TAKEOFF,-0.05239003524184227,-0.004514425992965698,0.1477009654045105,1
9.524000000000001,TAKEOFF,-0.05239003524184227,-0.004514425992965698,0.1477009654045105,1
9.532,TAKEOFF,-0.05239003524184227,-0.004514425992965698,0.1477009654045105,1
9.54,TAKEOFF,-0.052293986082077026,-0.005663054995238781,0.14960268139839172,1
9.544,TAKEOFF,-0.052293986082077026,-0.005663054995238781,0.14960268139839172,1
9.544,TAKEOFF,-0.052293986082077026,-0.005663054995238781,0.14960268139839172,1
9.556000000000001,TAKEOFF,-0.052293986082077026,-0.005663054995238781,0.14960268139839172,1
9.556000000000001,TAKEOFF,-0.052185215055942535,-0.0069586834870278835,0.15169309079647064,1
9.56,TAKEOFF,-0.052185215055942535,-0.0069586834870278835,0.15169309079647064,1
9.564,TAKEOFF,-0.052185215055942535,-0.0069586834870278835,0.15169309079647064,1
9.572,TAKEOFF,-0.05211186036467552,-0.00790327973663807,0.1531945914030075,1
9.58,TAKEOFF,-0.05211186036467552,-0.00790327973663807,0.1531945914030075,1
9.58,TAKEOFF,-0.05211186036467552,-0.00790327973663807,0.1531945914030075,1
9.584,TAKEOFF,-0.05199671909213066,-0.00944406446069479,0.15561161935329437,1
9.592,TAKEOFF,-0.05199671909213066,-0.00944406446069479,0.15561161935329437,1
9.596,TAKEOFF,-0.05199671909213066,-0.00944406446069479,0.15561161935329437,1
9.6,TAKEOFF,-0.05199671909213066,-0.00944406446069479,0.15561161935329437,1
9.604,TAKEOFF,-0.05199671909213066,-0.00944406446069479,0.15561161935329437,1
9.612,TAKEOFF,-0.05199671909213066,-0.00944406446069479,0.15561161935329437,1
9.616,TAKEOFF,-0.05191189795732498,-0.010549569502472878,0.1573355346918106,1
9.62,TAKEOFF,-0.05191189795732498,-0.010549569502472878,0.1573355346918106,1
9.628,TAKEOFF,-0.05191189795732498,-0.010549569502472878,0.1573355346918106,1
9.632,TAKEOFF,-0.05182316526770592,-0.01171670388430357,0.15915586054325104,1
9.632,TAKEOFF,-0.05182316526770592,-0.01171670388430357,0.15915586054325104,1
9.64,TAKEOFF,-0.05182316526770592,-0.01171670388430357,0.15915586054325104,1
9.644,TAKEOFF,-0.05182316526770592,-0.01171670388430357,0.15915586054325104,1
9.656,TAKEOFF,-0.05182316526770592,-0.01171670388430357,0.15915586054325104,1
9.656,TAKEOFF,-0.05167944356799126,-0.013570438139140606,0.16207440197467804,1
9.656,TAKEOFF,-0.05167944356799126,-0.013570438139140606,0.16207440197467804,1
9.664,TAKEOFF,-0.05167944356799126,-0.013570438139140606,0.16207440197467804,1
9.672,TAKEOFF,-0.051572419703006744,-0.014868970029056072,0.16413748264312744,1
9.676,TAKEOFF,-0.051572419703006744,-0.014868970029056072,0.16413748264312744,1
9.68,TAKEOFF,-0.051572419703006744,-0.014868970029056072,0.16413748264312744,1
9.684,TAKEOFF,-0.051406148821115494,-0.01689654402434826,0.16740377247333527,1
9.692,TAKEOFF,-0.051406148821115494,-0.01689654402434826,0.16740377247333527,1
9.696,TAKEOFF,-0.051406148821115494,-0.01689654402434826,0.16740377247333527,1
9.7,TAKEOFF,-0.051406148821115494,-0.01689654402434826,0.16740377247333527,1
9.704,TAKEOFF,-0.051406148821115494,-0.01689654402434826,0.16740377247333527,1
9.712,TAKEOFF,-0.0512889102101326,-0.018300015479326248,0.16969487071037292,1
9.72,TAKEOFF,-0.0512889102101326,-0.018300015479326248,0.16969487071037292,1
9.72,TAKEOFF,-0.0512889102101326,-0.018300015479326248,0.16969487071037292,1
9.724,TAKEOFF,-0.0512889102101326,-0.018300015479326248,0.16969487071037292,1
9.732,TAKEOFF,-0.05109832063317299,-0.020466845482587814,0.17330402135849,1
9.736,TAKEOFF,-0.05109832063317299,-0.020466845482587814,0.17330402135849,1
9.74,TAKEOFF,-0.05109832063317299,-0.020466845482587814,0.17330402135849,1
9.744,TAKEOFF,-0.05109832063317299,-0.020466845482587814,0.17330402135849,1
9.752,TAKEOFF,-0.05109832063317299,-0.020466845482587814,0.17330402135849,1
9.756,TAKEOFF,-0.05079904943704605,-0.022281648591160774,0.17697089910507202,1
9.76,TAKEOFF,-0.05079904943704605,-0.022281648591160774,0.17697089910507202,1
9.764,TAKEOFF,-0.05079904943704605,-0.022281648591160774,0.17697089910507202,1
9.776,TAKEOFF,-0.05059781298041344,-0.023528823629021645,0.17953428626060486,1
9.776,TAKEOFF,-0.05059781298041344,-0.023528823629021645,0.17953428626060486,1
9.78,TAKEOFF,-0.05059781298041344,-0.023528823629021645,0.17953428626060486,1
9.784,TAKEOFF,-0.05059781298041344,-0.023528823629021645,0.17953428626060486,1
9.792,TAKEOFF,-0.05059781298041344,-0.023528823629021645,0.17953428626060486,1
9.796,TAKEOFF,-0.050390586256980896,-0.02480536513030529,0.18219278752803802,1
9.8,TAKEOFF,-0.050390586256980896,-0.02480536513030529,0.18219278752803802,1
9.804,TAKEOFF,-0.050390586256980896,-0.02480536513030529,0.18219278752803802,1
9.812,TAKEOFF,-0.050390586256980896,-0.02480536513030529,0.18219278752803802,1
9.816,TAKEOFF,-0.05007076635956764,-0.026769442483782768,0.18635942041873932,1
9.82,TAKEOFF,-0.05007076635956764,-0.026769442483782768,0.18635942041873932,1
9.828,TAKEOFF,-0.05007076635956764,-0.026769442483782768,0.18635942041873932,1
9.832,TAKEOFF,-0.05007076635956764,-0.026769442483782768,0.18635942041873932,1
9.84,TAKEOFF,-0.04986393451690674,-0.028099995106458664,0.1892520934343338,1
9.84,TAKEOFF,-0.04986393451690674,-0.028099995106458664,0.1892520934343338,1
9.844,TAKEOFF,-0.04986393451690674,-0.028099995106458664,0.1892520934343338,1
9.856,TAKEOFF,-0.04986393451690674,-0.028099995106458664,0.1892520934343338,1
9.856,TAKEOFF,-0.04956185072660446,-0.030113866552710533,0.19376227259635925,1
9.856,TAKEOFF,-0.04956185072660446,-0.030113866552710533,0.19376227259635925,1
9.868,TAKEOFF,-0.04936106875538826,-0.03146889805793762,0.19688014686107635,1
9.872,TAKEOFF,-0.04936106875538826,-0.03146889805793762,0.19688014686107635,1
9.876,TAKEOFF,-0.04936106875538826,-0.03146889805793762,0.19688014686107635,1
9.88,TAKEOFF,-0.04936106875538826,-0.03146889805793762,0.19688014686107635,1
9.884,TAKEOFF,-0.04936106875538826,-0.03146889805793762,0.19688014686107635,1
9.892,TAKEOFF,-0.04936106875538826,-0.03146889805793762,0.19688014686107635,1
9.896,TAKEOFF,-0.04906290024518967,-0.03352085500955582,0.201712504029274,1
9.9,TAKEOFF,-0.04906290024518967,-0.03352085500955582,0.201712504029274,1
9.904,TAKEOFF,-0.04906290024518967,-0.03352085500955582,0.201712504029274,1
9.912,TAKEOFF,-0.04886777326464653,-0.03489510715007782,0.20503179728984833,1
9.912,TAKEOFF,-0.04886777326464653,-0.03489510715007782,0.20503179728984833,1
9.92,TAKEOFF,-0.04886777326464653,-0.03489510715007782,0.20503179728984833,1
9.924,TAKEOFF,-0.04886777326464653,-0.03489510715007782,0.20503179728984833,1
9.936,TAKEOFF,-0.0485696904361248,-0.036962419748306274,0.2101532220840454,1
9.936,TAKEOFF,-0.0485696904361248,-0.036962419748306274,0.2101532220840454,1
9.94,TAKEOFF,-0.0485696904361248,-0.036962419748306274,0.2101532220840454,1
9.943999999999999,TAKEOFF,-0.0485696904361248,-0.036962419748306274,0.2101532220840454,1
9.952,TAKEOFF,-0.048370908945798874,-0.03833407908678055,0.2136656641960144,1
9.956,TAKEOFF,-0.048370908945798874,-0.03833407908678055,0.2136656641960144,1
9.956,TAKEOFF,-0.048370908945798874,-0.03833407908678055,0.2136656641960144,1
9.964,TAKEOFF,-0.048370908945798874,-0.03833407908678055,0.2136656641960144,1
9.972,TAKEOFF,-0.04807623103260994,-0.040382158011198044,0.2190713733434677,1
9.975999999999999,TAKEOFF,-0.04807623103260994,-0.040382158011198044,0.2190713733434677,1
9.98,TAKEOFF,-0.04807623103260994,-0.040382158011198044,0.2190713733434677,1
9.984,TAKEOFF,-0.04807623103260994,-0.040382158011198044,0.2190713733434677,1
9.992,TAKEOFF,-0.04788326099514961,-0.04174404591321945,0.22275972366333008,1
9.996,TAKEOFF,-0.04788326099514961,-0.04174404591321945,0.22275972366333008,1
10.0,TAKEOFF,-0.04788326099514961,-0.04174404591321945,0.22275972366333008,1
10.004,TAKEOFF,-0.04788326099514961,-0.04174404591321945,0.22275972366333008,1
10.012,TAKEOFF,-0.04759399965405464,-0.043778859078884125,0.22840848565101624,1
10.012,TAKEOFF,-0.04759399965405464,-0.043778859078884125,0.22840848565101624,1
10.02,TAKEOFF,-0.04759399965405464,-0.043778859078884125,0.22840848565101624,1
10.024,TAKEOFF,-0.04759399965405464,-0.043778859078884125,0.22840848565101624,1
10.032,TAKEOFF,-0.047400519251823425,-0.04512803256511688,0.23224885761737823,1
10.036,TAKEOFF,-0.047400519251823425,-0.04512803256511688,0.23224885761737823,1
10.04,TAKEOFF,-0.047400519251823425,-0.04512803256511688,0.23224885761737823,1
10.04,TAKEOFF,-0.047400519251823425,-0.04512803256511688,0.23224885761737823,1
10.052,TAKEOFF,-0.047109317034482956,-0.047130439430475235,0.23812294006347656,1
10.056,TAKEOFF,-0.047109317034482956,-0.047130439430475235,0.23812294006347656,1
10.064,TAKEOFF,-0.047109317034482956,-0.047130439430475235,0.23812294006347656,1
10.064,TAKEOFF,-0.047109317034482956,-0.047130439430475235,0.23812294006347656,1
10.072,TAKEOFF,-0.047109317034482956,-0.047130439430475235,0.23812294006347656,1
10.076,TAKEOFF,-0.04691336676478386,-0.04845202714204788,0.2421174943447113,1
10.08,TAKEOFF,-0.04691336676478386,-0.04845202714204788,0.2421174943447113,1
10.084,TAKEOFF,-0.04691336676478386,-0.04845202714204788,0.2421174943447113,1
10.092,TAKEOFF,-0.04691336676478386,-0.04845202714204788,0.2421174943447113,1
10.096,TAKEOFF,-0.046619001775979996,-0.050404567271471024,0.24821053445339203,1
10.1,TAKEOFF,-0.046619001775979996,-0.050404567271471024,0.24821053445339203,1
10.104,TAKEOFF,-0.046619001775979996,-0.050404567271471024,0.24821053445339203,1
10.116,TAKEOFF,-0.046619001775979996,-0.050404567271471024,0.24821053445339203,1
10.116,TAKEOFF,-0.046619001775979996,-0.050404567271471024,0.24821053445339203,1
10.12,TAKEOFF,-0.04641999676823616,-0.05168391764163971,0.25233834981918335,1
10.124,TAKEOFF,-0.04641999676823616,-0.05168391764163971,0.25233834981918335,1
10.132,TAKEOFF,-0.04641999676823616,-0.05168391764163971,0.25233834981918335,1
10.136,TAKEOFF,-0.04641999676823616,-0.05168391764163971,0.25233834981918335,1
10.136,TAKEOFF,-0.04613082483410835,-0.053571783006191254,0.2586350440979004,1
10.144,TAKEOFF,-0.04613082483410835,-0.053571783006191254,0.2586350440979004,1
10.152,TAKEOFF,-0.04613082483410835,-0.053571783006191254,0.2586350440979004,1
10.156,TAKEOFF,-0.04595762863755226,-0.0547967292368412,0.2627904415130615,1
10.16,TAKEOFF,-0.04595762863755226,-0.0547967292368412,0.2627904415130615,1
10.164,TAKEOFF,-0.04595762863755226,-0.0547967292368412,0.2627904415130615,1
10.172,TAKEOFF,-0.04595762863755226,-0.0547967292368412,0.2627904415130615,1
10.176,TAKEOFF,-0.04570113867521286,-0.056599050760269165,0.26912617683410645,1
10.18,TAKEOFF,-0.04570113867521286,-0.056599050760269165,0.26912617683410645,1
10.184,TAKEOFF,-0.04570113867521286,-0.056599050760269165,0.26912617683410645,1
10.192,TAKEOFF,-0.04570113867521286,-0.056599050760269165,0.26912617683410645,1
10.2,TAKEOFF,-0.04552658647298813,-0.05777772143483162,0.2734123766422272,1
10.204,TAKEOFF,-0.04552658647298813,-0.05777772143483162,0.2734123766422272,1
10.204,TAKEOFF,-0.04552658647298813,-0.05777772143483162,0.2734123766422272,1
10.216,TAKEOFF,-0.04526853933930397,-0.05951352417469025,0.2799406349658966,1
10.216,TAKEOFF,-0.04526853933930397,-0.05951352417469025,0.2799406349658966,1
10.22,TAKEOFF,-0.04526853933930397,-0.05951352417469025,0.2799406349658966,1
10.22,TAKEOFF,-0.04526853933930397,-0.05951352417469025,0.2799406349658966,1
10.232,TAKEOFF,-0.04526853933930397,-0.05951352417469025,0.2799406349658966,1
10.236,TAKEOFF,-0.04510020837187767,-0.06064657121896744,0.2843553423881531,1
10.24,TAKEOFF,-0.04510020837187767,-0.06064657121896744,0.2843553423881531,1
10.244,TAKEOFF,-0.04510020837187767,-0.06064657121896744,0.2843553423881531,1
10.252,TAKEOFF,-0.04484928026795387,-0.06230601668357849,0.29105105996131897,1
10.256,TAKEOFF,-0.04484928026795387,-0.06230601668357849,0.29105105996131897,1
10.26,TAKEOFF,-0.04484928026795387,-0.06230601668357849,0.29105105996131897,1
10.264,TAKEOFF,-0.04484928026795387,-0.06230601668357849,0.29105105996131897,1
10.272,TAKEOFF,-0.04484928026795387,-0.06230601668357849,0.29105105996131897,1
10.276,TAKEOFF,-0.044600240886211395,-0.06391778588294983,0.29783183336257935,1
10.28,TAKEOFF,-0.044600240886211395,-0.06391778588294983,0.29783183336257935,1
10.284,TAKEOFF,-0.044600240886211395,-0.06391778588294983,0.29783183336257935,1
10.292,TAKEOFF,-0.044600240886211395,-0.06391778588294983,0.29783183336257935,1
10.296,TAKEOFF,-0.04442768543958664,-0.06496132165193558,0.30239689350128174,1
10.3,TAKEOFF,-0.04442768543958664,-0.06496132165193558,0.30239689350128174,1
10.304,TAKEOFF,-0.04442768543958664,-0.06496132165193558,0.30239689350128174,1
10.312,TAKEOFF,-0.04442768543958664,-0.06496132165193558,0.30239689350128174,1
10.316,TAKEOFF,-0.04424821957945824,-0.06598132848739624,0.3070080876350403,1
10.32,TAKEOFF,-0.04424821957945824,-0.06598132848739624,0.3070080876350403,1
10.32,TAKEOFF,-0.04424821957945824,-0.06598132848739624,0.3070080876350403,1
10.332,TAKEOFF,-0.04424821957945824,-0.06598132848739624,0.3070080876350403,1
10.336,TAKEOFF,-0.043979085981845856,-0.06747016310691833,0.313991516828537,1
10.34,TAKEOFF,-0.043979085981845856,-0.06747016310691833,0.313991516828537,1
10.34,TAKEOFF,-0.043979085981845856,-0.06747016310691833,0.313991516828537,1
10.348,TAKEOFF,-0.043979085981845856,-0.06747016310691833,0.313991516828537,1
10.352,TAKEOFF,-0.043713949620723724,-0.06891016662120819,0.3210412561893463,1
10.36,TAKEOFF,-0.043713949620723724,-0.06891016662120819,0.3210412561893463,1
10.364,TAKEOFF,-0.043713949620723724,-0.06891016662120819,0.3210412561893463,1
10.372,TAKEOFF,-0.043713949620723724,-0.06891016662120819,0.3210412561893463,1
10.376,TAKEOFF,-0.043539248406887054,-0.06984390318393707,0.32577094435691833,1
10.38,TAKEOFF,-0.043539248406887054,-0.06984390318393707,0.32577094435691833,1
10.384,TAKEOFF,-0.043539248406887054,-0.06984390318393707,0.32577094435691833,1
10.392,TAKEOFF,-0.043360672891139984,-0.07075432687997818,0.33052700757980347,1
10.396,TAKEOFF,-0.043360672891139984,-0.07075432687997818,0.33052700757980347,1
10.404,TAKEOFF,-0.043360672891139984,-0.07075432687997818,0.33052700757980347,1
10.404,TAKEOFF,-0.043360672891139984,-0.07075432687997818,0.33052700757980347,1
10.412,TAKEOFF,-0.04309505596756935,-0.07207536697387695,0.33769237995147705,1
10.416,TAKEOFF,-0.04309505596756935,-0.07207536697387695,0.33769237995147705,1
10.42,TAKEOFF,-0.04309505596756935,-0.07207536697387695,0.33769237995147705,1
10.428,TAKEOFF,-0.04309505596756935,-0.07207536697387695,0.33769237995147705,1
10.432,TAKEOFF,-0.04292047396302223,-0.07292371988296509,0.3424869477748871,1
10.44,TAKEOFF,-0.04292047396302223,-0.07292371988296509,0.3424869477748871,1
10.44,TAKEOFF,-0.04292047396302223,-0.07292371988296509,0.3424869477748871,1
10.444,TAKEOFF,-0.04292047396302223,-0.07292371988296509,0.3424869477748871,1
10.448,TAKEOFF,-0.04266694560647011,-0.07415536046028137,0.3497088551521301,1
10.456,TAKEOFF,-0.04266694560647011,-0.07415536046028137,0.3497088551521301,1
10.46,TAKEOFF,-0.04266694560647011,-0.07415536046028137,0.3497088551521301,1
10.464,TAKEOFF,-0.04266694560647011,-0.07415536046028137,0.3497088551521301,1
10.472,TAKEOFF,-0.04266694560647011,-0.07415536046028137,0.3497088551521301,1
10.475999999999999,TAKEOFF,-0.04250190034508705,-0.0749497041106224,0.354541540145874,1
10.48,TAKEOFF,-0.04250190034508705,-0.0749497041106224,0.354541540145874,1
10.48,TAKEOFF,-0.04250190034508705,-0.0749497041106224,0.354541540145874,1
10.492,TAKEOFF,-0.042249225080013275,-0.07609573006629944,0.36181387305259705,1
10.496,TAKEOFF,-0.042249225080013275,-0.07609573006629944,0.36181387305259705,1
10.5,TAKEOFF,-0.042249225080013275,-0.07609573006629944,0.36181387305259705,1
10.504,TAKEOFF,-0.042249225080013275,-0.07609573006629944,0.36181387305259705,1
10.512,TAKEOFF,-0.04207441583275795,-0.0768284797668457,0.3666839301586151,1
10.516,TAKEOFF,-0.04207441583275795,-0.0768284797668457,0.3666839301586151,1
10.52,TAKEOFF,-0.04207441583275795,-0.0768284797668457,0.3666839301586151,1
10.524000000000001,TAKEOFF,-0.04207441583275795,-0.0768284797668457,0.3666839301586151,1
10.532,TAKEOFF,-0.04181205481290817,-0.07788476347923279,0.37402069568634033,1
10.536,TAKEOFF,-0.04181205481290817,-0.07788476347923279,0.37402069568634033,1
10.54,TAKEOFF,-0.04181205481290817,-0.07788476347923279,0.37402069568634033,1
10.552,TAKEOFF,-0.04181205481290817,-0.07788476347923279,0.37402069568634033,1
10.552,TAKEOFF,-0.04166044667363167,-0.0785500556230545,0.37886878848075867,1
10.556000000000001,TAKEOFF,-0.04166044667363167,-0.0785500556230545,0.37886878848075867,1
10.56,TAKEOFF,-0.04166044667363167,-0.0785500556230545,0.37886878848075867,1
10.564,TAKEOFF,-0.04166044667363167,-0.0785500556230545,0.37886878848075867,1
10.572,TAKEOFF,-0.04166044667363167,-0.0785500556230545,0.37886878848075867,1
10.576,TAKEOFF,-0.041424818336963654,-0.07950086146593094,0.3861727714538574,1
10.588,TAKEOFF,-0.041424818336963654,-0.07950086146593094,0.3861727714538574,1
10.588,TAKEOFF,-0.041424818336963654,-0.07950086146593094,0.3861727714538574,1
10.592,TAKEOFF,-0.041263729333877563,-0.08011018484830856,0.39105913043022156,1
10.596,TAKEOFF,-0.041263729333877563,-0.08011018484830856,0.39105913043022156,1
10.6,TAKEOFF,-0.041263729333877563,-0.08011018484830856,0.39105913043022156,1
10.604,TAKEOFF,-0.041263729333877563,-0.08011018484830856,0.39105913043022156,1
10.612,TAKEOFF,-0.041022174060344696,-0.08098185062408447,0.3984011709690094,1
10.616,TAKEOFF,-0.041022174060344696,-0.08098185062408447,0.3984011709690094,1
10.62,TAKEOFF,-0.041022174060344696,-0.08098185062408447,0.3984011709690094,1
10.624,TAKEOFF,-0.041022174060344696,-0.08098185062408447,0.3984011709690094,1
10.632,TAKEOFF,-0.04085562750697136,-0.0815286710858345,0.4033062756061554,1
10.636,TAKEOFF,-0.04085562750697136,-0.0815286710858345,0.4033062756061554,1
10.64,TAKEOFF,-0.04085562750697136,-0.0815286710858345,0.4033062756061554,1
10.644,TAKEOFF,-0.04085562750697136,-0.0815286710858345,0.4033062756061554,1
10.652,TAKEOFF,-0.04059448465704918,-0.08230328559875488,0.4106766879558563,1
10.656,TAKEOFF,-0.04059448465704918,-0.08230328559875488,0.4106766879558563,1
10.66,TAKEOFF,-0.04059448465704918,-0.08230328559875488,0.4106766879558563,1
10.664,TAKEOFF,-0.04059448465704918,-0.08230328559875488,0.4106766879558563,1
10.672,TAKEOFF,-0.04059448465704918,-0.08230328559875488,0.4106766879558563,1
10.676,TAKEOFF,-0.04041830077767372,-0.08278239518404007,0.4155997633934021,1
10.68,TAKEOFF,-0.04041830077767372,-0.08278239518404007,0.4155997633934021,1
10.684,TAKEOFF,-0.04041830077767372,-0.08278239518404007,0.4155997633934021,1
10.692,TAKEOFF,-0.04041830077767372,-0.08278239518404007,0.4155997633934021,1
10.696,TAKEOFF,-0.04014456272125244,-0.08344027400016785,0.4229860007762909,1
10.7,TAKEOFF,-0.04014456272125244,-0.08344027400016785,0.4229860007762909,1
10.704,TAKEOFF,-0.04014456272125244,-0.08344027400016785,0.4229860007762909,1
10.712,TAKEOFF,-0.039958320558071136,-0.08384796977043152,0.42791199684143066,1
10.716,TAKEOFF,-0.039958320558071136,-0.08384796977043152,0.42791199684143066,1
10.72,TAKEOFF,-0.039958320558071136,-0.08384796977043152,0.42791199684143066,1
10.724,TAKEOFF,-0.039958320558071136,-0.08384796977043152,0.42791199684143066,1
10.732,TAKEOFF,-0.039958320558071136,-0.08384796977043152,0.42791199684143066,1
10.736,TAKEOFF,-0.03967800363898277,-0.08440712094306946,0.435304194688797,1
10.74,TAKEOFF,-0.03967800363898277,-0.08440712094306946,0.435304194688797,1
10.744,TAKEOFF,-0.03967800363898277,-0.08440712094306946,0.435304194688797,1
10.752,TAKEOFF,-0.03967800363898277,-0.08440712094306946,0.435304194688797,1
10.756,TAKEOFF,-0.039488181471824646,-0.08474031835794449,0.4402313530445099,1
10.76,TAKEOFF,-0.039488181471824646,-0.08474031835794449,0.4402313530445099,1
10.764,TAKEOFF,-0.039488181471824646,-0.08474031835794449,0.4402313530445099,1
10.772,TAKEOFF,-0.039488181471824646,-0.08474031835794449,0.4402313530445099,1
10.776,TAKEOFF,-0.039199016988277435,-0.0851963460445404,0.44761836528778076,1
10.78,TAKEOFF,-0.039199016988277435,-0.0851963460445404,0.44761836528778076,1
10.784,TAKEOFF,-0.039199016988277435,-0.0851963460445404,0.44761836528778076,1
10.792,TAKEOFF,-0.039199016988277435,-0.0851963460445404,0.44761836528778076,1
10.796,TAKEOFF,-0.03900666907429695,-0.08547159284353256,0.4525417983531952,1
10.8,TAKEOFF,-0.03900666907429695,-0.08547159284353256,0.4525417983531952,1
10.804,TAKEOFF,-0.03900666907429695,-0.08547159284353256,0.4525417983531952,1
10.812,TAKEOFF,-0.03900666907429695,-0.08547159284353256,0.4525417983531952,1
10.816,TAKEOFF,-0.038714393973350525,-0.08584148436784744,0.4599283039569855,1
10.82,TAKEOFF,-0.038714393973350525,-0.08584148436784744,0.4599283039569855,1
10.824,TAKEOFF,-0.038714393973350525,-0.08584148436784744,0.4599283039569855,1
10.832,TAKEOFF,-0.038714393973350525,-0.08584148436784744,0.4599283039569855,1
10.836,TAKEOFF,-0.038517408072948456,-0.08605784922838211,0.46484923362731934,1
10.84,TAKEOFF,-0.038517408072948456,-0.08605784922838211,0.46484923362731934,1
10.844,TAKEOFF,-0.038517408072948456,-0.08605784922838211,0.46484923362731934,1
10.852,TAKEOFF,-0.038229674100875854,-0.08634370565414429,0.47221648693084717,1
10.856,TAKEOFF,-0.038229674100875854,-0.08634370565414429,0.47221648693084717,1
10.86,TAKEOFF,-0.038229674100875854,-0.08634370565414429,0.47221648693084717,1
10.864,TAKEOFF,-0.038229674100875854,-0.08634370565414429,0.47221648693084717,1
10.872,TAKEOFF,-0.038229674100875854,-0.08634370565414429,0.47221648693084717,1
10.876,TAKEOFF,-0.03804035857319832,-0.08650358766317368,0.47711825370788574,1
10.88,TAKEOFF,-0.03804035857319832,-0.08650358766317368,0.47711825370788574,1
10.884,TAKEOFF,-0.03804035857319832,-0.08650358766317368,0.47711825370788574,1
10.892,TAKEOFF,-0.03804035857319832,-0.08650358766317368,0.47711825370788574,1
10.896,TAKEOFF,-0.03775716572999954,-0.08669978380203247,0.4844653010368347,1
10.9,TAKEOFF,-0.03775716572999954,-0.08669978380203247,0.4844653010368347,1
10.904,TAKEOFF,-0.03775716572999954,-0.08669978380203247,0.4844653010368347,1
10.912,TAKEOFF,-0.03775716572999954,-0.08669978380203247,0.4844653010368347,1
10.916,TAKEOFF,-0.0375722274184227,-0.08679652214050293,0.48935505747795105,1
10.92,TAKEOFF,-0.0375722274184227,-0.08679652214050293,0.48935505747795105,1
10.924,TAKEOFF,-0.0375722274184227,-0.08679652214050293,0.48935505747795105,1
10.932,TAKEOFF,-0.0375722274184227,-0.08679652214050293,0.48935505747795105,1
10.936,TAKEOFF,-0.03729834035038948,-0.086898073554039,0.4966743290424347,1
10.94,TAKEOFF,-0.03729834035038948,-0.086898073554039,0.4966743290424347,1
10.943999999999999,TAKEOFF,-0.03729834035038948,-0.086898073554039,0.4966743290424347,1
10.952,TAKEOFF,-0.03729834035038948,-0.086898073554039,0.4966743290424347,1
10.956,TAKEOFF,-0.037201087921857834,-0.08694536983966827,0.5015332698822021,1
10.96,TAKEOFF,-0.037201087921857834,-0.08694536983966827,0.5015332698822021,1
10.964,TAKEOFF,-0.037201087921857834,-0.08694536983966827,0.5015332698822021,1
10.972,TAKEOFF,-0.037201087921857834,-0.08694536983966827,0.5015332698822021,1
10.975999999999999,TAKEOFF,-0.03705534338951111,-0.08697029948234558,0.5088071823120117,1
10.98,TAKEOFF,-0.03705534338951111,-0.08697029948234558,0.5088071823120117,1
10.984,TAKEOFF,-0.03705534338951111,-0.08697029948234558,0.5088071823120117,1
10.992,TAKEOFF,-0.03705534338951111,-0.08697029948234558,0.5088071823120117,1
10.996,TAKEOFF,-0.03695715591311455,-0.0869571790099144,0.5136428475379944,1
11.0,TAKEOFF,-0.03695715591311455,-0.0869571790099144,0.5136428475379944,1
11.0,TAKEOFF,-0.03695715591311455,-0.0869571790099144,0.5136428475379944,1
11.012,TAKEOFF,-0.03695715591311455,-0.0869571790099144,0.5136428475379944,1
11.016,TAKEOFF,-0.03680365905165672,-0.08690164238214493,0.5208752751350403,1
11.02,TAKEOFF,-0.03680365905165672,-0.08690164238214493,0.5208752751350403,1
11.024,TAKEOFF,-0.03680365905165672,-0.08690164238214493,0.5208752751350403,1
11.032,TAKEOFF,-0.03680365905165672,-0.08690164238214493,0.5208752751350403,1
11.036,TAKEOFF,-0.036708682775497437,-0.0868351086974144,0.5256795287132263,1
11.04,TAKEOFF,-0.036708682775497437,-0.0868351086974144,0.5256795287132263,1
11.044,TAKEOFF,-0.036708682775497437,-0.0868351086974144,0.5256795287132263,1
11.052,TAKEOFF,-0.036708682775497437,-0.0868351086974144,0.5256795287132263,1
11.056,TAKEOFF,-0.036568038165569305,-0.08669750392436981,0.5328616499900818,1
11.06,TAKEOFF,-0.036568038165569305,-0.08669750392436981,0.5328616499900818,1
11.064,TAKEOFF,-0.036568038165569305,-0.08669750392436981,0.5328616499900818,1
11.072,TAKEOFF,-0.036568038165569305,-0.08669750392436981,0.5328616499900818,1
11.076,TAKEOFF,-0.036473024636507034,-0.08657906949520111,0.5376372337341309,1
11.08,TAKEOFF,-0.036473024636507034,-0.08657906949520111,0.5376372337341309,1
11.084,TAKEOFF,-0.036473024636507034,-0.08657906949520111,0.5376372337341309,1
11.092,TAKEOFF,-0.036473024636507034,-0.08657906949520111,0.5376372337341309,1
11.096,TAKEOFF,-0.036330077797174454,-0.08636560291051865,0.5447835922241211,1
11.1,TAKEOFF,-0.036330077797174454,-0.08636560291051865,0.5447835922241211,1
11.104,TAKEOFF,-0.036330077797174454,-0.08636560291051865,0.5447835922241211,1
11.112,TAKEOFF,-0.036330077797174454,-0.08636560291051865,0.5447835922241211,1
11.116,TAKEOFF,-0.036222394555807114,-0.08620157092809677,0.5495308041572571,1
11.12,TAKEOFF,-0.036222394555807114,-0.08620157092809677,0.5495308041572571,1
11.124,TAKEOFF,-0.036222394555807114,-0.08620157092809677,0.5495308041572571,1
11.132,TAKEOFF,-0.036222394555807114,-0.08620157092809677,0.5495308041572571,1
11.136,TAKEOFF,-0.03604337200522423,-0.0859246701002121,0.5566210150718689,1
11.136,TAKEOFF,-0.03604337200522423,-0.0859246701002121,0.5566210150718689,1
11.144,TAKEOFF,-0.03604337200522423,-0.0859246701002121,0.5566210150718689,1
11.152,TAKEOFF,-0.03604337200522423,-0.0859246701002121,0.5566210150718689,1
11.156,TAKEOFF,-0.03592393174767494,-0.08571744710206985,0.5613260865211487,1
11.16,TAKEOFF,-0.03592393174767494,-0.08571744710206985,0.5613260865211487,1
11.164,TAKEOFF,-0.03592393174767494,-0.08571744710206985,0.5613260865211487,1
11.172,TAKEOFF,-0.03592393174767494,-0.08571744710206985,0.5613260865211487,1
11.176,TAKEOFF,-0.03575154393911362,-0.08537328988313675,0.5683606863021851,1
11.176,TAKEOFF,-0.03575154393911362,-0.08537328988313675,0.5683606863021851,1
11.18,TAKEOFF,-0.03575154393911362,-0.08537328988313675,0.5683606863021851,1
11.192,TAKEOFF,-0.03575154393911362,-0.08537328988313675,0.5683606863021851,1
11.196,TAKEOFF,-0.035641368478536606,-0.08512002974748611,0.5730298757553101,1
11.2,TAKEOFF,-0.035641368478536606,-0.08512002974748611,0.5730298757553101,1
11.204,TAKEOFF,-0.035641368478536606,-0.08512002974748611,0.5730298757553101,1
11.212,TAKEOFF,-0.035641368478536606,-0.08512002974748611,0.5730298757553101,1
11.216,TAKEOFF,-0.03547827526926994,-0.08470714092254639,0.5800009369850159,1
11.22,TAKEOFF,-0.03547827526926994,-0.08470714092254639,0.5800009369850159,1
11.224,TAKEOFF,-0.03547827526926994,-0.08470714092254639,0.5800009369850159,1
11.232,TAKEOFF,-0.03547827526926994,-0.08470714092254639,0.5800009369850159,1
11.232,TAKEOFF,-0.035365164279937744,-0.08441119641065598,0.5846319794654846,1
11.24,TAKEOFF,-0.035365164279937744,-0.08441119641065598,0.5846319794654846,1
11.244,TAKEOFF,-0.035365164279937744,-0.08441119641065598,0.5846319794654846,1
11.252,TAKEOFF,-0.035365164279937744,-0.08441119641065598,0.5846319794654846,1
11.256,TAKEOFF,-0.03519303351640701,-0.08393225818872452,0.5915498733520508,1
11.26,TAKEOFF,-0.03519303351640701,-0.08393225818872452,0.5915498733520508,1
11.264,TAKEOFF,-0.03519303351640701,-0.08393225818872452,0.5915498733520508,1
11.272,TAKEOFF,-0.03519303351640701,-0.08393225818872452,0.5915498733520508,1
11.272,TAKEOFF,-0.035077352076768875,-0.08359172195196152,0.5961370468139648,1
11.28,TAKEOFF,-0.035077352076768875,-0.08359172195196152,0.5961370468139648,1
11.284,TAKEOFF,-0.035077352076768875,-0.08359172195196152,0.5961370468139648,1
11.292,TAKEOFF,-0.035077352076768875,-0.08359172195196152,0.5961370468139648,1
11.296,TAKEOFF,-0.03490176051855087,-0.08305148780345917,0.6029859185218811,1
11.3,TAKEOFF,-0.03490176051855087,-0.08305148780345917,0.6029859185218811,1
11.304,TAKEOFF,-0.03490176051855087,-0.08305148780345917,0.6029859185218811,1
11.312,TAKEOFF,-0.03490176051855087,-0.08305148780345917,0.6029859185218811,1
11.316,TAKEOFF,-0.034784093499183655,-0.08267109096050262,0.6075294017791748,1
11.32,TAKEOFF,-0.034784093499183655,-0.08267109096050262,0.6075294017791748,1
11.324,TAKEOFF,-0.034784093499183655,-0.08267109096050262,0.6075294017791748,1
11.332,TAKEOFF,-0.03461001068353653,-0.08206363022327423,0.6143155694007874,1
11.336,TAKEOFF,-0.03461001068353653,-0.08206363022327423,0.6143155694007874,1
11.34,TAKEOFF,-0.03461001068353653,-0.08206363022327423,0.6143155694007874,1
11.344,TAKEOFF,-0.03461001068353653,-0.08206363022327423,0.6143155694007874,1
11.352,TAKEOFF,-0.034659452736377716,-0.08171506226062775,0.6187882423400879,1
11.356,TAKEOFF,-0.034659452736377716,-0.08171506226062775,0.6187882423400879,1
11.36,TAKEOFF,-0.034659452736377716,-0.08171506226062775,0.6187882423400879,1
11.364,TAKEOFF,-0.034659452736377716,-0.08171506226062775,0.6187882423400879,1
11.372,TAKEOFF,-0.03471256047487259,-0.08115865290164948,0.6254569292068481,1
11.376,TAKEOFF,-0.03471256047487259,-0.08115865290164948,0.6254569292068481,1
11.38,TAKEOFF,-0.03471256047487259,-0.08115865290164948,0.6254569292068481,1
11.384,TAKEOFF,-0.03471256047487259,-0.08115865290164948,0.6254569292068481,1
11.392,TAKEOFF,-0.03471256047487259,-0.08115865290164948,0.6254569292068481,1
11.396,TAKEOFF,-0.03473155200481415,-0.08077215403318405,0.6298762559890747,1
11.4,TAKEOFF,-0.03473155200481415,-0.08077215403318405,0.6298762559890747,1
11.404,TAKEOFF,-0.03473155200481415,-0.08077215403318405,0.6298762559890747,1
11.412,TAKEOFF,-0.03473155200481415,-0.08077215403318405,0.6298762559890747,1
11.416,TAKEOFF,-0.03474481403827667,-0.0801665186882019,0.6364647746086121,1
11.42,TAKEOFF,-0.03474481403827667,-0.0801665186882019,0.6364647746086121,1
11.424,TAKEOFF,-0.03474481403827667,-0.0801665186882019,0.6364647746086121,1
11.432,TAKEOFF,-0.03474481403827667,-0.0801665186882019,0.6364647746086121,1
11.436,TAKEOFF,-0.03474808856844902,-0.07973815500736237,0.6408327221870422,1
11.44,TAKEOFF,-0.03474808856844902,-0.07973815500736237,0.6408327221870422,1
11.444,TAKEOFF,-0.03474808856844902,-0.07973815500736237,0.6408327221870422,1
11.452,TAKEOFF,-0.0347425676882267,-0.07906655222177505,0.6473473310470581,1
11.456,TAKEOFF,-0.0347425676882267,-0.07906655222177505,0.6473473310470581,1
11.46,TAKEOFF,-0.0347425676882267,-0.07906655222177505,0.6473473310470581,1
11.464,TAKEOFF,-0.0347425676882267,-0.07906655222177505,0.6473473310470581,1
11.472,TAKEOFF,-0.03473138064146042,-0.07860395312309265,0.6516693234443665,1
11.475999999999999,TAKEOFF,-0.03473138064146042,-0.07860395312309265,0.6516693234443665,1
11.48,TAKEOFF,-0.03473138064146042,-0.07860395312309265,0.6516693234443665,1
11.484,TAKEOFF,-0.03473138064146042,-0.07860395312309265,0.6516693234443665,1
11.492,TAKEOFF,-0.03473138064146042,-0.07860395312309265,0.6516693234443665,1
11.496,TAKEOFF,-0.034700777381658554,-0.0778895691037178,0.6581137180328369,1
11.5,TAKEOFF,-0.034700777381658554,-0.0778895691037178,0.6581137180328369,1
11.504,TAKEOFF,-0.034700777381658554,-0.0778895691037178,0.6581137180328369,1
11.512,TAKEOFF,-0.034671664237976074,-0.0773952454328537,0.6623812913894653,1
11.516,TAKEOFF,-0.034671664237976074,-0.0773952454328537,0.6623812913894653,1
11.52,TAKEOFF,-0.034671664237976074,-0.0773952454328537,0.6623812913894653,1
11.524000000000001,TAKEOFF,-0.034671664237976074,-0.0773952454328537,0.6623812913894653,1
11.532,TAKEOFF,-0.034671664237976074,-0.0773952454328537,0.6623812913894653,1
11.536,TAKEOFF,-0.03462466597557068,-0.07662569731473923,0.6687483191490173,1
11.54,TAKEOFF,-0.03462466597557068,-0.07662569731473923,0.6687483191490173,1
11.544,TAKEOFF,-0.03462466597557068,-0.07662569731473923,0.6687483191490173,1
11.552,TAKEOFF,-0.03459079936146736,-0.0760934129357338,0.6729664206504822,1
11.556000000000001,TAKEOFF,-0.03459079936146736,-0.0760934129357338,0.6729664206504822,1
11.56,TAKEOFF,-0.03459079936146736,-0.0760934129357338,0.6729664206504822,1
11.564,TAKEOFF,-0.03459079936146736,-0.0760934129357338,0.6729664206504822,1
11.572,TAKEOFF,-0.03459079936146736,-0.0760934129357338,0.6729664206504822,1
11.576,TAKEOFF,-0.03453664109110832,-0.07527302205562592,0.6792548298835754,1
11.58,TAKEOFF,-0.03453664109110832,-0.07527302205562592,0.6792548298835754,1
11.584,TAKEOFF,-0.03453664109110832,-0.07527302205562592,0.6792548298835754,1
11.592,TAKEOFF,-0.03453664109110832,-0.07527302205562592,0.6792548298835754,1
11.596,TAKEOFF,-0.03450004383921623,-0.07471082359552383,0.6834263801574707,1
11.6,TAKEOFF,-0.03450004383921623,-0.07471082359552383,0.6834263801574707,1
11.604,TAKEOFF,-0.03450004383921623,-0.07471082359552383,0.6834263801574707,1
11.612,TAKEOFF,-0.03450004383921623,-0.07471082359552383,0.6834263801574707,1
11.616,TAKEOFF,-0.034445904195308685,-0.0738563984632492,0.6896525621414185,1
11.62,TAKEOFF,-0.034445904195308685,-0.0738563984632492,0.6896525621414185,1
11.624,TAKEOFF,-0.034445904195308685,-0.0738563984632492,0.6896525621414185,1
11.632,TAKEOFF,-0.034445904195308685,-0.0738563984632492,0.6896525621414185,1
11.636,TAKEOFF,-0.03440823405981064,-0.07327944785356522,0.6937762498855591,1
11.64,TAKEOFF,-0.03440823405981064,-0.07327944785356522,0.6937762498855591,1
11.644,TAKEOFF,-0.03440823405981064,-0.07327944785356522,0.6937762498855591,1
11.652,TAKEOFF,-0.034341610968112946,-0.07240163534879684,0.6999233961105347,1
11.656,TAKEOFF,-0.034341610968112946,-0.07240163534879684,0.6999233961105347,1
11.66,TAKEOFF,-0.034341610968112946,-0.07240163534879684,0.6999233961105347,1
11.664,TAKEOFF,-0.034341610968112946,-0.07240163534879684,0.6999233961105347,1
11.672,TAKEOFF,-0.034341610968112946,-0.07240163534879684,0.6999233961105347,1
11.676,TAKEOFF,-0.03429652750492096,-0.07180777937173843,0.7039998173713684,1
11.68,TAKEOFF,-0.03429652750492096,-0.07180777937173843,0.7039998173713684,1
11.684,TAKEOFF,-0.03429652750492096,-0.07180777937173843,0.7039998173713684,1
11.692,TAKEOFF,-0.03429652750492096,-0.07180777937173843,0.7039998173713684,1
11.696,TAKEOFF,-0.03423307090997696,-0.07090876251459122,0.7100761532783508,1
11.7,TAKEOFF,-0.03423307090997696,-0.07090876251459122,0.7100761532783508,1
11.704,TAKEOFF,-0.03423307090997696,-0.07090876251459122,0.7100761532783508,1
11.712,TAKEOFF,-0.03423307090997696,-0.07090876251459122,0.7100761532783508,1
11.716,TAKEOFF,-0.03418939188122749,-0.07030018419027328,0.714100182056427,1
11.72,TAKEOFF,-0.03418939188122749,-0.07030018419027328,0.714100182056427,1
11.724,TAKEOFF,-0.03418939188122749,-0.07030018419027328,0.714100182056427,1
11.732,TAKEOFF,-0.03418939188122749,-0.07030018419027328,0.714100182056427,1
11.736,TAKEOFF,-0.03412105143070221,-0.0693693682551384,0.7201022505760193,1
11.74,TAKEOFF,-0.03412105143070221,-0.0693693682551384,0.7201022505760193,1
11.744,TAKEOFF,-0.03412105143070221,-0.0693693682551384,0.7201022505760193,1
11.752,TAKEOFF,-0.03412105143070221,-0.0693693682551384,0.7201022505760193,1
11.756,TAKEOFF,-0.03418099135160446,-0.06891091912984848,0.7241142392158508,1
11.76,TAKEOFF,-0.03418099135160446,-0.06891091912984848,0.7241142392158508,1
11.764,TAKEOFF,-0.03418099135160446,-0.06891091912984848,0.7241142392158508,1
11.772,TAKEOFF,-0.03425382450222969,-0.06820271164178848,0.7300955653190613,1
11.776,TAKEOFF,-0.03425382450222969,-0.06820271164178848,0.7300955653190613,1
11.78,TAKEOFF,-0.03425382450222969,-0.06820271164178848,0.7300955653190613,1
11.784,TAKEOFF,-0.03425382450222969,-0.06820271164178848,0.7300955653190613,1
11.792,TAKEOFF,-0.03425382450222969,-0.06820271164178848,0.7300955653190613,1
11.796,TAKEOFF,-0.03429204225540161,-0.06771605461835861,0.7340567111968994,1
11.8,TAKEOFF,-0.03429204225540161,-0.06771605461835861,0.7340567111968994,1
11.804,TAKEOFF,-0.03429204225540161,-0.06771605461835861,0.7340567111968994,1
11.812,TAKEOFF,-0.03429204225540161,-0.06771605461835861,0.7340567111968994,1
11.816,TAKEOFF,-0.0343332514166832,-0.06696530431509018,0.7399577498435974,1
11.82,TAKEOFF,-0.0343332514166832,-0.06696530431509018,0.7399577498435974,1
11.824,TAKEOFF,-0.0343332514166832,-0.06696530431509018,0.7399577498435974,1
11.832,TAKEOFF,-0.0343332514166832,-0.06696530431509018,0.7399577498435974,1
11.836,TAKEOFF,-0.0343552827835083,-0.06644876301288605,0.7438637018203735,1
11.84,TAKEOFF,-0.0343552827835083,-0.06644876301288605,0.7438637018203735,1
11.844,TAKEOFF,-0.0343552827835083,-0.06644876301288605,0.7438637018203735,1
11.852,TAKEOFF,-0.0343552827835083,-0.06644876301288605,0.7438637018203735,1
11.856,TAKEOFF,-0.03438553959131241,-0.06565339863300323,0.7496849298477173,1
11.86,TAKEOFF,-0.03438553959131241,-0.06565339863300323,0.7496849298477173,1
11.864,TAKEOFF,-0.03438553959131241,-0.06565339863300323,0.7496849298477173,1
11.872,TAKEOFF,-0.03438553959131241,-0.06565339863300323,0.7496849298477173,1
11.876,TAKEOFF,-0.03440002351999283,-0.06512059271335602,0.7535439729690552,1
11.88,TAKEOFF,-0.03440002351999283,-0.06512059271335602,0.7535439729690552,1
11.884,TAKEOFF,-0.03440002351999283,-0.06512059271335602,0.7535439729690552,1
11.892,TAKEOFF,-0.03440002351999283,-0.06512059271335602,0.7535439729690552,1
11.896,TAKEOFF,-0.03441283851861954,-0.06431730091571808,0.7593037486076355,1
11.9,TAKEOFF,-0.03441283851861954,-0.06431730091571808,0.7593037486076355,1
11.904,TAKEOFF,-0.03441283851861954,-0.06431730091571808,0.7593037486076355,1
11.912,TAKEOFF,-0.03441479802131653,-0.06377735733985901,0.7631198763847351,1
11.916,TAKEOFF,-0.03441479802131653,-0.06377735733985901,0.7631198763847351,1
11.92,TAKEOFF,-0.03441479802131653,-0.06377735733985901,0.7631198763847351,1
11.924,TAKEOFF,-0.034402746707201004,-0.06295402348041534,0.7687992453575134,1
11.932,TAKEOFF,-0.034402746707201004,-0.06295402348041534,0.7687992453575134,1
11.936,TAKEOFF,-0.034402746707201004,-0.06295402348041534,0.7687992453575134,1
11.94,TAKEOFF,-0.034402746707201004,-0.06295402348041534,0.7687992453575134,1
11.943999999999999,TAKEOFF,-0.034402746707201004,-0.06295402348041534,0.7687992453575134,1
11.952,TAKEOFF,-0.03438973054289818,-0.062389831990003586,0.7725498080253601,1
11.956,TAKEOFF,-0.03438973054289818,-0.062389831990003586,0.7725498080253601,1
11.96,TAKEOFF,-0.03438973054289818,-0.062389831990003586,0.7725498080253601,1
11.964,TAKEOFF,-0.03438973054289818,-0.062389831990003586,0.7725498080253601,1
11.972,TAKEOFF,-0.03438973054289818,-0.062389831990003586,0.7725498080253601,1
11.975999999999999,TAKEOFF,-0.03436824679374695,-0.061525654047727585,0.7781223058700562,1
11.98,TAKEOFF,-0.03436824679374695,-0.061525654047727585,0.7781223058700562,1
11.984,TAKEOFF,-0.03436824679374695,-0.061525654047727585,0.7781223058700562,1
11.992,TAKEOFF,-0.03434744104743004,-0.06094356253743172,0.7818037271499634,1
11.996,TAKEOFF,-0.03434744104743004,-0.06094356253743172,0.7818037271499634,1
12.0,TAKEOFF,-0.03434744104743004,-0.06094356253743172,0.7818037271499634,1
12.004,TAKEOFF,-0.03434744104743004,-0.06094356253743172,0.7818037271499634,1
12.012,TAKEOFF,-0.03434744104743004,-0.06094356253743172,0.7818037271499634,1
12.016,TAKEOFF,-0.034295130521059036,-0.0600607804954052,0.7872803211212158,1
12.02,TAKEOFF,-0.034295130521059036,-0.0600607804954052,0.7872803211212158,1
12.024,TAKEOFF,-0.034295130521059036,-0.0600607804954052,0.7872803211212158,1
12.032,TAKEOFF,-0.034295130521059036,-0.0600607804954052,0.7872803211212158,1
12.036,TAKEOFF,-0.03424721956253052,-0.059468287974596024,0.7908992171287537,1
12.04,TAKEOFF,-0.03424721956253052,-0.059468287974596024,0.7908992171287537,1
12.044,TAKEOFF,-0.03424721956253052,-0.059468287974596024,0.7908992171287537,1
12.052,TAKEOFF,-0.03424721956253052,-0.059468287974596024,0.7908992171287537,1
12.056,TAKEOFF,-0.034167803823947906,-0.05856982618570328,0.7962883710861206,1
12.06,TAKEOFF,-0.034167803823947906,-0.05856982618570328,0.7962883710861206,1
12.064,TAKEOFF,-0.034167803823947906,-0.05856982618570328,0.7962883710861206,1
12.072,TAKEOFF,-0.034111540764570236,-0.057963792234659195,0.7998594045639038,1
12.076,TAKEOFF,-0.034111540764570236,-0.057963792234659195,0.7998594045639038,1
12.08,TAKEOFF,-0.034111540764570236,-0.057963792234659195,0.7998594045639038,1
12.084,TAKEOFF,-0.034111540764570236,-0.057963792234659195,0.7998594045639038,1
12.092,TAKEOFF,-0.034111540764570236,-0.057963792234659195,0.7998594045639038,1
12.096,TAKEOFF,-0.03401949256658554,-0.057037848979234695,0.8051765561103821,1
12.104,TAKEOFF,-0.03401949256658554,-0.057037848979234695,0.8051765561103821,1
12.104,TAKEOFF,-0.03401949256658554,-0.057037848979234695,0.8051765561103821,1
12.112,TAKEOFF,-0.03401949256658554,-0.057037848979234695,0.8051765561103821,1
12.116,TAKEOFF,-0.033955901861190796,-0.05641200765967369,0.808691680431366,1
12.12,TAKEOFF,-0.033955901861190796,-0.05641200765967369,0.808691680431366,1
12.124,TAKEOFF,-0.033955901861190796,-0.05641200765967369,0.808691680431366,1
12.132,TAKEOFF,-0.03384831175208092,-0.05545850470662117,0.8139225244522095,1
12.136,TAKEOFF,-0.03384831175208092,-0.05545850470662117,0.8139225244522095,1
12.14,TAKEOFF,-0.03384831175208092,-0.05545850470662117,0.8139225244522095,1
12.144,TAKEOFF,-0.03384831175208092,-0.05545850470662117,0.8139225244522095,1
12.152,TAKEOFF,-0.03384831175208092,-0.05545850470662117,0.8139225244522095,1
12.156,TAKEOFF,-0.033920202404260635,-0.055003222078084946,0.8173626065254211,1
12.16,TAKEOFF,-0.033920202404260635,-0.055003222078084946,0.8173626065254211,1
12.164,TAKEOFF,-0.033920202404260635,-0.055003222078084946,0.8173626065254211,1
12.172,TAKEOFF,-0.033920202404260635,-0.055003222078084946,0.8173626065254211,1
12.176,TAKEOFF,-0.034004878252744675,-0.05429444462060928,0.8224763870239258,1
12.18,TAKEOFF,-0.034004878252744675,-0.05429444462060928,0.8224763870239258,1
12.184,TAKEOFF,-0.034004878252744675,-0.05429444462060928,0.8224763870239258,1
12.192,TAKEOFF,-0.034004878252744675,-0.05429444462060928,0.8224763870239258,1
12.196,TAKEOFF,-0.03404931351542473,-0.05380690097808838,0.8258593082427979,1
12.2,TAKEOFF,-0.03404931351542473,-0.05380690097808838,0.8258593082427979,1
12.204,TAKEOFF,-0.03404931351542473,-0.05380690097808838,0.8258593082427979,1
12.212,TAKEOFF,-0.03404931351542473,-0.05380690097808838,0.8258593082427979,1
12.216,TAKEOFF,-0.0340999998152256,-0.05305280536413193,0.8308879733085632,1
12.22,TAKEOFF,-0.0340999998152256,-0.05305280536413193,0.8308879733085632,1
12.224,TAKEOFF,-0.0340999998152256,-0.05305280536413193,0.8308879733085632,1
12.232,TAKEOFF,-0.0340999998152256,-0.05305280536413193,0.8308879733085632,1
12.236,TAKEOFF,-0.03412311524152756,-0.0525406077504158,0.8342113494873047,1
12.24,TAKEOFF,-0.03412311524152756,-0.0525406077504158,0.8342113494873047,1
12.244,TAKEOFF,-0.03412311524152756,-0.0525406077504158,0.8342113494873047,1
12.252,TAKEOFF,-0.03414149954915047,-0.051757339388132095,0.8391545414924622,1
12.256,TAKEOFF,-0.03414149954915047,-0.051757339388132095,0.8391545414924622,1
12.26,TAKEOFF,-0.03414149954915047,-0.051757339388132095,0.8391545414924622,1
12.264,TAKEOFF,-0.03414149954915047,-0.051757339388132095,0.8391545414924622,1
12.272,TAKEOFF,-0.03414149954915047,-0.051757339388132095,0.8391545414924622,1
12.276,TAKEOFF,-0.03414446860551834,-0.051226358860731125,0.8424262404441833,1
12.28,TAKEOFF,-0.03414446860551834,-0.051226358860731125,0.8424262404441833,1
12.284,TAKEOFF,-0.03414446860551834,-0.051226358860731125,0.8424262404441833,1
12.292,TAKEOFF,-0.03414446860551834,-0.051226358860731125,0.8424262404441833,1
12.296,TAKEOFF,-0.03413484990596771,-0.05041320621967316,0.8472952842712402,1
12.3,TAKEOFF,-0.03413484990596771,-0.05041320621967316,0.8472952842712402,1
12.304,TAKEOFF,-0.03413484990596771,-0.05041320621967316,0.8472952842712402,1
12.312,TAKEOFF,-0.03411538898944855,-0.04985691234469414,0.8505116105079651,1
12.316,TAKEOFF,-0.03411538898944855,-0.04985691234469414,0.8505116105079651,1
12.32,TAKEOFF,-0.03411538898944855,-0.04985691234469414,0.8505116105079651,1
12.324,TAKEOFF,-0.03411538898944855,-0.04985691234469414,0.8505116105079651,1
12.332,TAKEOFF,-0.03411538898944855,-0.04985691234469414,0.8505116105079651,1
12.336,TAKEOFF,-0.034075960516929626,-0.04900791868567467,0.8552928566932678,1
12.34,TAKEOFF,-0.034075960516929626,-0.04900791868567467,0.8552928566932678,1
12.344,TAKEOFF,-0.034075960516929626,-0.04900791868567467,0.8552928566932678,1
12.352,TAKEOFF,-0.034075960516929626,-0.04900791868567467,0.8552928566932678,1
12.356,TAKEOFF,-0.03404612839221954,-0.04843699932098389,0.8584532737731934,1
12.36,TAKEOFF,-0.03404612839221954,-0.04843699932098389,0.8584532737731934,1
12.364,TAKEOFF,-0.03404612839221954,-0.04843699932098389,0.8584532737731934,1
12.372,TAKEOFF,-0.03404612839221954,-0.04843699932098389,0.8584532737731934,1
12.376,TAKEOFF,-0.03398797661066055,-0.04757410287857056,0.8631572723388672,1
12.38,TAKEOFF,-0.03398797661066055,-0.04757410287857056,0.8631572723388672,1
12.384,TAKEOFF,-0.03398797661066055,-0.04757410287857056,0.8631572723388672,1
12.392,TAKEOFF,-0.033942047506570816,-0.04699774086475372,0.8662706017494202,1
12.396,TAKEOFF,-0.033942047506570816,-0.04699774086475372,0.8662706017494202,1
12.4,TAKEOFF,-0.033942047506570816,-0.04699774086475372,0.8662706017494202,1
12.404,TAKEOFF,-0.033942047506570816,-0.04699774086475372,0.8662706017494202,1
12.412,TAKEOFF,-0.033942047506570816,-0.04699774086475372,0.8662706017494202,1
12.416,TAKEOFF,-0.03385920822620392,-0.04613600671291351,0.8708919286727905,1
12.42,TAKEOFF,-0.03385920822620392,-0.04613600671291351,0.8708919286727905,1
12.424,TAKEOFF,-0.03385920822620392,-0.04613600671291351,0.8708919286727905,1
12.432,TAKEOFF,-0.03385920822620392,-0.04613600671291351,0.8708919286727905,1
12.436,TAKEOFF,-0.033799782395362854,-0.045561283826828,0.8739405870437622,1
12.44,TAKEOFF,-0.033799782395362854,-0.045561283826828,0.8739405870437622,1
12.444,TAKEOFF,-0.033799782395362854,-0.045561283826828,0.8739405870437622,1
12.452,TAKEOFF,-0.033799782395362854,-0.045561283826828,0.8739405870437622,1
12.456,TAKEOFF,-0.033691227436065674,-0.044706959277391434,0.8784712553024292,1
12.46,TAKEOFF,-0.033691227436065674,-0.044706959277391434,0.8784712553024292,1
12.464,TAKEOFF,-0.033691227436065674,-0.044706959277391434,0.8784712553024292,1
12.472,TAKEOFF,-0.033691227436065674,-0.044706959277391434,0.8784712553024292,1
12.475999999999999,TAKEOFF,-0.03360970318317413,-0.04414432495832443,0.8814693093299866,1
12.48,TAKEOFF,-0.03360970318317413,-0.04414432495832443,0.8814693093299866,1
12.484,TAKEOFF,-0.03360970318317413,-0.04414432495832443,0.8814693093299866,1
12.492,TAKEOFF,-0.03360970318317413,-0.04414432495832443,0.8814693093299866,1
12.496,TAKEOFF,-0.033479802310466766,-0.0433044359087944,0.8859285116195679,1
12.5,TAKEOFF,-0.033479802310466766,-0.0433044359087944,0.8859285116195679,1
12.504,TAKEOFF,-0.033479802310466766,-0.0433044359087944,0.8859285116195679,1
12.512,TAKEOFF,-0.033479802310466766,-0.0433044359087944,0.8859285116195679,1
12.516,TAKEOFF,-0.03338770195841789,-0.04274648427963257,0.8888776302337646,1
12.52,TAKEOFF,-0.03338770195841789,-0.04274648427963257,0.8888776302337646,1
12.524000000000001,TAKEOFF,-0.03338770195841789,-0.04274648427963257,0.8888776302337646,1
12.532,TAKEOFF,-0.03338770195841789,-0.04274648427963257,0.8888776302337646,1
12.536,TAKEOFF,-0.0332355797290802,-0.041907284408807755,0.8932640552520752,1
12.54,TAKEOFF,-0.0332355797290802,-0.041907284408807755,0.8932640552520752,1
12.544,TAKEOFF,-0.0332355797290802,-0.041907284408807755,0.8932640552520752,1
12.552,TAKEOFF,-0.033333469182252884,-0.041498467326164246,0.8961339592933655,1
12.556000000000001,TAKEOFF,-0.033333469182252884,-0.041498467326164246,0.8961339592933655,1
12.56,TAKEOFF,-0.033333469182252884,-0.041498467326164246,0.8961339592933655,1
12.564,TAKEOFF,-0.033333469182252884,-0.041498467326164246,0.8961339592933655,1
12.572,TAKEOFF,-0.03345808386802673,-0.040882546454668045,0.9003995060920715,1
12.576,TAKEOFF,-0.03345808386802673,-0.040882546454668045,0.9003995060920715,1
12.58,TAKEOFF,-0.03345808386802673,-0.040882546454668045,0.9003995060920715,1
12.584,TAKEOFF,-0.03345808386802673,-0.040882546454668045,0.9003995060920715,1
12.592,TAKEOFF,-0.03345808386802673,-0.040882546454668045,0.9003995060920715,1
12.596,TAKEOFF,-0.033523079007864,-0.040470220148563385,0.9032271504402161,1
12.6,TAKEOFF,-0.033523079007864,-0.040470220148563385,0.9032271504402161,1
12.604,TAKEOFF,-0.033523079007864,-0.040470220148563385,0.9032271504402161,1
12.612,TAKEOFF,-0.033523079007864,-0.040470220148563385,0.9032271504402161,1
12.616,TAKEOFF,-0.03358830139040947,-0.03984448313713074,0.907433271408081,1
12.62,TAKEOFF,-0.03358830139040947,-0.03984448313713074,0.907433271408081,1
12.624,TAKEOFF,-0.03358830139040947,-0.03984448313713074,0.907433271408081,1
12.632,TAKEOFF,-0.033612750470638275,-0.03942246735095978,0.9102107882499695,1
12.636,TAKEOFF,-0.033612750470638275,-0.03942246735095978,0.9102107882499695,1
12.64,TAKEOFF,-0.033612750470638275,-0.03942246735095978,0.9102107882499695,1
12.644,TAKEOFF,-0.033612750470638275,-0.03942246735095978,0.9102107882499695,1
12.652,TAKEOFF,-0.033631037920713425,-0.03877798840403557,0.9143379926681519,1
12.656,TAKEOFF,-0.033631037920713425,-0.03877798840403557,0.9143379926681519,1
12.66,TAKEOFF,-0.033631037920713425,-0.03877798840403557,0.9143379926681519,1
12.664,TAKEOFF,-0.033631037920713425,-0.03877798840403557,0.9143379926681519,1
12.672,TAKEOFF,-0.03363313153386116,-0.03834616765379906,0.9170697927474976,1
12.676,TAKEOFF,-0.03363313153386116,-0.03834616765379906,0.9170697927474976,1
12.68,TAKEOFF,-0.03363313153386116,-0.03834616765379906,0.9170697927474976,1
12.684,TAKEOFF,-0.03363313153386116,-0.03834616765379906,0.9170697927474976,1
12.692,TAKEOFF,-0.03363313153386116,-0.03834616765379906,0.9170697927474976,1
12.696,TAKEOFF,-0.03362638130784035,-0.03770436346530914,0.9211390018463135,1
12.7,TAKEOFF,-0.03362638130784035,-0.03770436346530914,0.9211390018463135,1
12.704,TAKEOFF,-0.03362638130784035,-0.03770436346530914,0.9211390018463135,1
12.712,TAKEOFF,-0.03362638130784035,-0.03770436346530914,0.9211390018463135,1
12.716,TAKEOFF,-0.03361446410417557,-0.03727683797478676,0.9238253831863403,1
12.72,TAKEOFF,-0.03361446410417557,-0.03727683797478676,0.9238253831863403,1
12.728,TAKEOFF,-0.03361446410417557,-0.03727683797478676,0.9238253831863403,1
12.732,TAKEOFF,-0.033588118851184845,-0.03663923591375351,0.9278273582458496,1
12.736,TAKEOFF,-0.033588118851184845,-0.03663923591375351,0.9278273582458496,1
12.74,TAKEOFF,-0.033588118851184845,-0.03663923591375351,0.9278273582458496,1
12.744,TAKEOFF,-0.033588118851184845,-0.03663923591375351,0.9278273582458496,1
12.752,TAKEOFF,-0.033588118851184845,-0.03663923591375351,0.9278273582458496,1
12.756,TAKEOFF,-0.03356407210230827,-0.03620251268148422,0.9304720163345337,1
12.76,TAKEOFF,-0.03356407210230827,-0.03620251268148422,0.9304720163345337,1
12.764,TAKEOFF,-0.03356407210230827,-0.03620251268148422,0.9304720163345337,1
12.772,TAKEOFF,-0.03356407210230827,-0.03620251268148422,0.9304720163345337,1
12.776,TAKEOFF,-0.033514782786369324,-0.03553986921906471,0.9344031810760498,1
12.78,TAKEOFF,-0.033514782786369324,-0.03553986921906471,0.9344031810760498,1
12.784,TAKEOFF,-0.033514782786369324,-0.03553986921906471,0.9344031810760498,1
12.792,TAKEOFF,-0.033514782786369324,-0.03553986921906471,0.9344031810760498,1
12.796,TAKEOFF,-0.03347146511077881,-0.035093650221824646,0.9370020031929016,1
12.8,TAKEOFF,-0.03347146511077881,-0.035093650221824646,0.9370020031929016,1
12.804,TAKEOFF,-0.03347146511077881,-0.035093650221824646,0.9370020031929016,1
12.812,TAKEOFF,-0.03339686617255211,-0.03441377729177475,0.9408671259880066,1
12.816,TAKEOFF,-0.03339686617255211,-0.03441377729177475,0.9408671259880066,1
12.82,TAKEOFF,-0.03339686617255211,-0.03441377729177475,0.9408671259880066,1
12.824,TAKEOFF,-0.03339686617255211,-0.03441377729177475,0.9408671259880066,1
12.832,TAKEOFF,-0.03339686617255211,-0.03441377729177475,0.9408671259880066,1
12.836,TAKEOFF,-0.03333968296647072,-0.03396028280258179,0.9434210062026978,1
12.84,TAKEOFF,-0.03333968296647072,-0.03396028280258179,0.9434210062026978,1
12.844,TAKEOFF,-0.03333968296647072,-0.03396028280258179,0.9434210062026978,1
12.852,TAKEOFF,-0.03333968296647072,-0.03396028280258179,0.9434210062026978,1
12.856,TAKEOFF,-0.03324833884835243,-0.03327712044119835,0.9472248554229736,1
12.86,TAKEOFF,-0.03324833884835243,-0.03327712044119835,0.9472248554229736,1
12.864,TAKEOFF,-0.03324833884835243,-0.03327712044119835,0.9472248554229736,1
12.872,TAKEOFF,-0.033179692924022675,-0.032823484390974045,0.9497394561767578,1
12.876,TAKEOFF,-0.033179692924022675,-0.032823484390974045,0.9497394561767578,1
12.88,TAKEOFF,-0.033179692924022675,-0.032823484390974045,0.9497394561767578,1
12.884,TAKEOFF,-0.033179692924022675,-0.032823484390974045,0.9497394561767578,1
12.892,TAKEOFF,-0.033179692924022675,-0.032823484390974045,0.9497394561767578,1
12.896,TAKEOFF,-0.03306096792221069,-0.03213980048894882,0.9534785747528076,1
12.9,TAKEOFF,-0.03306096792221069,-0.03213980048894882,0.9534785747528076,1
12.904,TAKEOFF,-0.03306096792221069,-0.03213980048894882,0.9534785747528076,1
12.912,TAKEOFF,-0.03306096792221069,-0.03213980048894882,0.9534785747528076,1
12.916,TAKEOFF,-0.03297930210828781,-0.03168236091732979,0.9559546709060669,1
12.92,TAKEOFF,-0.03297930210828781,-0.03168236091732979,0.9559546709060669,1
12.924,TAKEOFF,-0.03297930210828781,-0.03168236091732979,0.9559546709060669,1
12.932,TAKEOFF,-0.03297930210828781,-0.03168236091732979,0.9559546709060669,1
12.936,TAKEOFF,-0.032851219177246094,-0.03099174052476883,0.9596315026283264,1
12.94,TAKEOFF,-0.032851219177246094,-0.03099174052476883,0.9596315026283264,1
12.943999999999999,TAKEOFF,-0.032851219177246094,-0.03099174052476883,0.9596315026283264,1
12.952,TAKEOFF,-0.032851219177246094,-0.03099174052476883,0.9596315026283264,1
12.956,TAKEOFF,-0.03297184780240059,-0.03068295493721962,0.9620914459228516,1
12.96,TAKEOFF,-0.03297184780240059,-0.03068295493721962,0.9620914459228516,1
12.964,TAKEOFF,-0.03297184780240059,-0.03068295493721962,0.9620914459228516,1
12.972,TAKEOFF,-0.0331333689391613,-0.030201852321624756,0.9657492637634277,1
12.975999999999999,TAKEOFF,-0.0331333689391613,-0.030201852321624756,0.9657492637634277,1
12.98,TAKEOFF,-0.0331333689391613,-0.030201852321624756,0.9657492637634277,1
12.984,TAKEOFF,-0.0331333689391613,-0.030201852321624756,0.9657492637634277,1
12.992,TAKEOFF,-0.03322150930762291,-0.029873443767428398,0.9681633114814758,1
12.996,TAKEOFF,-0.03322150930762291,-0.029873443767428398,0.9681633114814758,1
13.0,TAKEOFF,-0.03322150930762291,-0.029873443767428398,0.9681633114814758,1
13.004,TAKEOFF,-0.03322150930762291,-0.029873443767428398,0.9681633114814758,1
13.012,TAKEOFF,-0.033328231424093246,-0.0293588824570179,0.9717527031898499,1
13.016,TAKEOFF,-0.033328231424093246,-0.0293588824570179,0.9717527031898499,1
13.02,TAKEOFF,-0.033328231424093246,-0.0293588824570179,0.9717527031898499,1
13.024,TAKEOFF,-0.033328231424093246,-0.0293588824570179,0.9717527031898499,1
13.032,TAKEOFF,-0.033328231424093246,-0.0293588824570179,0.9717527031898499,1
13.036,TAKEOFF,-0.033382438123226166,-0.029008498415350914,0.9741234183311462,1
13.04,TAKEOFF,-0.033382438123226166,-0.029008498415350914,0.9741234183311462,1
13.044,TAKEOFF,-0.033382438123226166,-0.029008498415350914,0.9741234183311462,1
13.052,TAKEOFF,-0.033382438123226166,-0.029008498415350914,0.9741234183311462,1
13.056,TAKEOFF,-0.03343410789966583,-0.02847459726035595,0.977645993232727,1
13.06,TAKEOFF,-0.03343410789966583,-0.02847459726035595,0.977645993232727,1
13.064,TAKEOFF,-0.03343410789966583,-0.02847459726035595,0.977645993232727,1
13.072,TAKEOFF,-0.03343410789966583,-0.02847459726035595,0.977645993232727,1
13.076,TAKEOFF,-0.033451929688453674,-0.02811371721327305,0.9799677729606628,1
13.08,TAKEOFF,-0.033451929688453674,-0.02811371721327305,0.9799677729606628,1
13.084,TAKEOFF,-0.033451929688453674,-0.02811371721327305,0.9799677729606628,1
13.092,TAKEOFF,-0.033451929688453674,-0.02811371721327305,0.9799677729606628,1
13.096,TAKEOFF,-0.0334581583738327,-0.027558302506804466,0.9834190011024475,1
13.1,TAKEOFF,-0.0334581583738327,-0.027558302506804466,0.9834190011024475,1
13.104,TAKEOFF,-0.0334581583738327,-0.027558302506804466,0.9834190011024475,1
13.112,TAKEOFF,-0.0334581583738327,-0.027558302506804466,0.9834190011024475,1
13.116,TAKEOFF,-0.033448226749897,-0.0271834097802639,0.9856950044631958,1
13.12,TAKEOFF,-0.033448226749897,-0.0271834097802639,0.9856950044631958,1
13.124,TAKEOFF,-0.033448226749897,-0.0271834097802639,0.9856950044631958,1
13.132,TAKEOFF,-0.033448226749897,-0.0271834097802639,0.9856950044631958,1
13.136,TAKEOFF,-0.03341206535696983,-0.02661820687353611,0.9890713691711426,1
13.14,TAKEOFF,-0.03341206535696983,-0.02661820687353611,0.9890713691711426,1
13.144,TAKEOFF,-0.03341206535696983,-0.02661820687353611,0.9890713691711426,1
13.152,TAKEOFF,-0.03341206535696983,-0.02661820687353611,0.9890713691711426,1
13.156,TAKEOFF,-0.03337564319372177,-0.026237325742840767,0.9912996292114258,1
13.16,TAKEOFF,-0.03337564319372177,-0.026237325742840767,0.9912996292114258,1
13.164,TAKEOFF,-0.03337564319372177,-0.026237325742840767,0.9912996292114258,1
13.172,TAKEOFF,-0.03337564319372177,-0.026237325742840767,0.9912996292114258,1
13.176,TAKEOFF,-0.033304207026958466,-0.02566296048462391,0.9946117401123047,1
13.18,TAKEOFF,-0.033304207026958466,-0.02566296048462391,0.9946117401123047,1
13.184,TAKEOFF,-0.033304207026958466,-0.02566296048462391,0.9946117401123047,1
13.192,TAKEOFF,-0.033304207026958466,-0.02566296048462391,0.9946117401123047,1
13.196,TAKEOFF,-0.03324521705508232,-0.025278771296143532,0.9967977404594421,1
13.2,TAKEOFF,-0.03324521705508232,-0.025278771296143532,0.9967977404594421,1
13.204,TAKEOFF,-0.03324521705508232,-0.025278771296143532,0.9967977404594421,1
13.212,TAKEOFF,-0.03324521705508232,-0.025278771296143532,0.9967977404594421,1
13.216,TAKEOFF,-0.03314252570271492,-0.02470695599913597,1.0000507831573486,1
13.22,TAKEOFF,-0.03314252570271492,-0.02470695599913597,1.0000507831573486,1
13.224,TAKEOFF,-0.03314252570271492,-0.02470695599913597,1.0000507831573486,1
13.232,TAKEOFF,-0.03314252570271492,-0.02470695599913597,1.0000507831573486,1
13.236,TAKEOFF,-0.0330677293241024,-0.024333514273166656,1.0022014379501343,1
13.244,GOTO,-0.0330677293241024,-0.024333514273166656,1.0022014379501343,1
13.244,GOTO,-0.0330677293241024,-0.024333514273166656,1.0022014379501343,1
13.252,GOTO,-0.0330677293241024,-0.024333514273166656,1.0022014379501343,1
13.256,GOTO,-0.032940953969955444,-0.023776421323418617,1.0054012537002563,1
13.26,GOTO,-0.032940953969955444,-0.023776421323418617,1.0054012537002563,1
13.264,GOTO,-0.032940953969955444,-0.023776421323418617,1.0054012537002563,1
13.272,GOTO,-0.032940953969955444,-0.023776421323418617,1.0054012537002563,1
13.276,GOTO,-0.032845932990312576,-0.023405740037560463,1.0075182914733887,1
13.28,GOTO,-0.032845932990312576,-0.023405740037560463,1.0075182914733887,1
13.284,GOTO,-0.032845932990312576,-0.023405740037560463,1.0075182914733887,1
13.292,GOTO,-0.032845932990312576,-0.023405740037560463,1.0075182914733887,1
13.296,GOTO,-0.03269113600254059,-0.02284744568169117,1.0106596946716309,1
13.3,GOTO,-0.03269113600254059,-0.02284744568169117,1.0106596946716309,1
13.304,GOTO,-0.03269113600254059,-0.02284744568169117,1.0106596946716309,1
13.312,GOTO,-0.03269113600254059,-0.02284744568169117,1.0106596946716309,1
13.316,GOTO,-0.03257811814546585,-0.02247181162238121,1.0127266645431519,1
13.32,GOTO,-0.03257811814546585,-0.02247181162238121,1.0127266645431519,1
13.324,GOTO,-0.03257811814546585,-0.02247181162238121,1.0127266645431519,1
13.332,GOTO,-0.03257811814546585,-0.02247181162238121,1.0127266645431519,1
13.336,GOTO,-0.032396405935287476,-0.021904638037085533,1.0157936811447144,1
13.34,GOTO,-0.032396405935287476,-0.021904638037085533,1.0157936811447144,1
13.344,GOTO,-0.032396405935287476,-0.021904638037085533,1.0157936811447144,1
13.352,GOTO,-0.032396405935287476,-0.021904638037085533,1.0157936811447144,1
13.356,GOTO,-0.03240653872489929,-0.021664686501026154,1.0178297758102417,1
13.36,GOTO,-0.03240653872489929,-0.021664686501026154,1.0178297758102417,1
13.364,GOTO,-0.03240653872489929,-0.021664686501026154,1.0178297758102417,1
13.376,GOTO,-0.03240653872489929,-0.021664686501026154,1.0178297758102417,1
13.376,GOTO,-0.0323198139667511,-0.02128918468952179,1.021018385887146,1
13.376,GOTO,-0.0323198139667511,-0.02128918468952179,1.021018385887146,1
13.376,GOTO,-0.0323198139667511,-0.02128918468952179,1.021018385887146,1
13.392,GOTO,-0.0323198139667511,-0.02128918468952179,1.021018385887146,1
13.396,GOTO,-0.0323198139667511,-0.02128918468952179,1.021018385887146,1
13.404,GOTO,-0.031978901475667953,-0.02089627832174301,1.0244706869125366,1
13.404,GOTO,-0.031978901475667953,-0.02089627832174301,1.0244706869125366,1
13.404,GOTO,-0.031978901475667953,-0.02089627832174301,1.0244706869125366,1
13.416,GOTO,-0.031978901475667953,-0.02089627832174301,1.0244706869125366,1
13.42,GOTO,-0.031581368297338486,-0.020635288208723068,1.0268681049346924,1
13.42,GOTO,-0.031581368297338486,-0.020635288208723068,1.0268681049346924,1
13.432,GOTO,-0.031581368297338486,-0.020635288208723068,1.0268681049346924,1
13.436,GOTO,-0.030705025419592857,-0.020239822566509247,1.0305309295654297,1
13.44,GOTO,-0.030705025419592857,-0.020239822566509247,1.0305309295654297,1
13.448,GOTO,-0.030705025419592857,-0.020239822566509247,1.0305309295654297,1
13.452,GOTO,-0.02989884279668331,-0.019973210990428925,1.0329856872558594,1
13.452,GOTO,-0.02989884279668331,-0.019973210990428925,1.0329856872558594,1
13.464,GOTO,-0.02989884279668331,-0.019973210990428925,1.0329856872558594,1
13.464,GOTO,-0.02989884279668331,-0.019973210990428925,1.0329856872558594,1
13.472,GOTO,-0.028277385979890823,-0.01958242431282997,1.0366359949111938,1
13.475999999999999,GOTO,-0.028277385979890823,-0.01958242431282997,1.0366359949111938,1
13.48,GOTO,-0.028277385979890823,-0.01958242431282997,1.0366359949111938,1
13.484,GOTO,-0.028277385979890823,-0.01958242431282997,1.0366359949111938,1
13.492,GOTO,-0.028277385979890823,-0.01958242431282997,1.0366359949111938,1
13.496,GOTO,-0.0268716961145401,-0.019319292157888412,1.0390170812606812,1
13.496,GOTO,-0.0268716961145401,-0.019319292157888412,1.0390170812606812,1
13.504,GOTO,-0.0268716961145401,-0.019319292157888412,1.0390170812606812,1
13.512,GOTO,-0.0268716961145401,-0.019319292157888412,1.0390170812606812,1
13.516,GOTO,-0.024189461022615433,-0.018928106874227524,1.0424684286117554,1
13.52,GOTO,-0.024189461022615433,-0.018928106874227524,1.0424684286117554,1
13.52,GOTO,-0.024189461022615433,-0.018928106874227524,1.0424684286117554,1
13.532,GOTO,-0.021978681907057762,-0.01866883970797062,1.044671893119812,1
13.536,GOTO,-0.021978681907057762,-0.01866883970797062,1.044671893119812,1
13.536,GOTO,-0.021978681907057762,-0.01866883970797062,1.044671893119812,1
13.548,GOTO,-0.021978681907057762,-0.01866883970797062,1.044671893119812,1
13.552,GOTO,-0.021978681907057762,-0.01866883970797062,1.044671893119812,1
13.556000000000001,GOTO,-0.019400009885430336,-0.018413128331303596,1.04678475856781,1
13.56,GOTO,-0.019400009885430336,-0.018413128331303596,1.04678475856781,1
13.564,GOTO,-0.019400009885430336,-0.018413128331303596,1.04678475856781,1
13.572,GOTO,-0.019400009885430336,-0.018413128331303596,1.04678475856781,1
13.576,GOTO,-0.01479391474276781,-0.018043791875243187,1.0497570037841797,1
13.58,GOTO,-0.01479391474276781,-0.018043791875243187,1.0497570037841797,1
13.584,GOTO,-0.01479391474276781,-0.018043791875243187,1.0497570037841797,1
13.592,GOTO,-0.011213242076337337,-0.01780492253601551,1.0515989065170288,1
13.596,GOTO,-0.011213242076337337,-0.01780492253601551,1.0515989065170288,1
13.596,GOTO,-0.011213242076337337,-0.01780492253601551,1.0515989065170288,1
13.612,GOTO,-0.011213242076337337,-0.01780492253601551,1.0515989065170288,1
13.616,GOTO,-0.005051672458648682,-0.01745475083589554,1.0541483163833618,1
13.616,GOTO,-0.005051672458648682,-0.01745475083589554,1.0541483163833618,1
13.62,GOTO,-0.005051672458648682,-0.01745475083589554,1.0541483163833618,1
13.62,GOTO,-0.005051672458648682,-0.01745475083589554,1.0541483163833618,1
13.632,GOTO,-0.005051672458648682,-0.01745475083589554,1.0541483163833618,1
13.636,GOTO,-0.00040509633254259825,-0.017229655757546425,1.0557160377502441,1
13.636,GOTO,-0.00040509633254259825,-0.017229655757546425,1.0557160377502441,1
13.636,GOTO,-0.00040509633254259825,-0.017229655757546425,1.0557160377502441,1
13.652,GOTO,0.007372396066784859,-0.016898998990654945,1.0578564405441284,1
13.656,GOTO,0.007372396066784859,-0.016898998990654945,1.0578564405441284,1
13.66,GOTO,0.007372396066784859,-0.016898998990654945,1.0578564405441284,1
13.664,GOTO,0.007372396066784859,-0.016898998990654945,1.0578564405441284,1
13.672,GOTO,0.007372396066784859,-0.016898998990654945,1.0578564405441284,1
13.68,GOTO,0.013087962754070759,-0.016694581136107445,1.0591548681259155,1
13.68,GOTO,0.013087962754070759,-0.016694581136107445,1.0591548681259155,1
13.684,GOTO,0.013087962754070759,-0.016694581136107445,1.0591548681259155,1
13.692,GOTO,0.013087962754070759,-0.016694581136107445,1.0591548681259155,1
13.696,GOTO,0.013087962754070759,-0.016694581136107445,1.0591548681259155,1
13.696,GOTO,0.02244187332689762,-0.016400711610913277,1.060921549797058,1
13.704,GOTO,0.02244187332689762,-0.016400711610913277,1.060921549797058,1
13.712,GOTO,0.02244187332689762,-0.016400711610913277,1.060921549797058,1
13.712,GOTO,0.02916743792593479,-0.016212904825806618,1.061984658241272,1
13.72,GOTO,0.02916743792593479,-0.016212904825806618,1.061984658241272,1
13.724,GOTO,0.0399596281349659,-0.01594655215740204,1.0634219646453857,1
13.728,GOTO,0.0399596281349659,-0.01594655215740204,1.0634219646453857,1
13.736,GOTO,0.0399596281349659,-0.01594655215740204,1.0634219646453857,1
13.74,GOTO,0.0399596281349659,-0.01594655215740204,1.0634219646453857,1
13.744,GOTO,0.0399596281349659,-0.01594655215740204,1.0634219646453857,1
13.752,GOTO,0.0399596281349659,-0.01594655215740204,1.0634219646453857,1
13.756,GOTO,0.05029885098338127,-0.01586141251027584,1.064736008644104,1
13.76,GOTO,0.05029885098338127,-0.01586141251027584,1.064736008644104,1
13.764,GOTO,0.05029885098338127,-0.01586141251027584,1.064736008644104,1
13.772,GOTO,0.05029885098338127,-0.01586141251027584,1.064736008644104,1
13.776,GOTO,0.057642560452222824,-0.015807470306754112,1.0655252933502197,1
13.784,GOTO,0.057642560452222824,-0.015807470306754112,1.0655252933502197,1
13.784,GOTO,0.057642560452222824,-0.015807470306754112,1.0655252933502197,1
13.792,GOTO,0.057642560452222824,-0.015807470306754112,1.0655252933502197,1
13.796,GOTO,0.06532294303178787,-0.01575653627514839,1.0662567615509033,1
13.796,GOTO,0.06532294303178787,-0.01575653627514839,1.0662567615509033,1
13.8,GOTO,0.06532294303178787,-0.01575653627514839,1.0662567615509033,1
13.812,GOTO,0.0774349644780159,-0.015675611793994904,1.0672622919082642,1
13.816,GOTO,0.0774349644780159,-0.015675611793994904,1.0672622919082642,1
13.82,GOTO,0.0774349644780159,-0.015675611793994904,1.0672622919082642,1
13.824,GOTO,0.0774349644780159,-0.015675611793994904,1.0672622919082642,1
13.832,GOTO,0.0774349644780159,-0.015675611793994904,1.0672622919082642,1
13.836,GOTO,0.08587446808815002,-0.015619850717484951,1.0678677558898926,1
13.84,GOTO,0.08587446808815002,-0.015619850717484951,1.0678677558898926,1
13.844,GOTO,0.08587446808815002,-0.015619850717484951,1.0678677558898926,1
13.852,GOTO,0.08587446808815002,-0.015619850717484951,1.0678677558898926,1
13.856,GOTO,0.09903999418020248,-0.015538246370851994,1.068688988685608,1
13.86,GOTO,0.09903999418020248,-0.015538246370851994,1.068688988685608,1
13.868,GOTO,0.09903999418020248,-0.015538246370851994,1.068688988685608,1
13.876,GOTO,0.10811226814985275,-0.015481560491025448,1.0691899061203003,1
13.876,GOTO,0.10811226814985275,-0.015481560491025448,1.0691899061203003,1
13.876,GOTO,0.10811226814985275,-0.015481560491025448,1.0691899061203003,1
13.884,GOTO,0.10811226814985275,-0.015481560491025448,1.0691899061203003,1
13.892,GOTO,0.10811226814985275,-0.015481560491025448,1.0691899061203003,1
13.9,GOTO,0.12212906032800674,-0.015384639613330364,1.0698893070220947,1
13.904,GOTO,0.12212906032800674,-0.015384639613330364,1.0698893070220947,1
13.904,GOTO,0.1317298412322998,-0.01531769149005413,1.0703213214874268,1
13.912,GOTO,0.1317298412322998,-0.01531769149005413,1.0703213214874268,1
13.916,GOTO,0.1317298412322998,-0.01531769149005413,1.0703213214874268,1
13.916,GOTO,0.1317298412322998,-0.01531769149005413,1.0703213214874268,1
13.924,GOTO,0.1317298412322998,-0.01531769149005413,1.0703213214874268,1
13.932,GOTO,0.1317298412322998,-0.01531769149005413,1.0703213214874268,1
13.936,GOTO,0.146482452750206,-0.015217706561088562,1.0709195137023926,1
13.94,GOTO,0.146482452750206,-0.015217706561088562,1.0709195137023926,1
13.943999999999999,GOTO,0.146482452750206,-0.015217706561088562,1.0709195137023926,1
13.952,GOTO,0.15652279555797577,-0.015153106302022934,1.0712872743606567,1
13.956,GOTO,0.15652279555797577,-0.015153106302022934,1.0712872743606567,1
13.964,GOTO,0.15652279555797577,-0.015153106302022934,1.0712872743606567,1
13.964,GOTO,0.15652279555797577,-0.015153106302022934,1.0712872743606567,1
13.972,GOTO,0.17186357080936432,-0.015052270144224167,1.0718015432357788,1
13.972,GOTO,0.17186357080936432,-0.015052270144224167,1.0718015432357788,1
13.98,GOTO,0.17186357080936432,-0.015052270144224167,1.0718015432357788,1
13.984,GOTO,0.17186357080936432,-0.015052270144224167,1.0718015432357788,1
13.992,GOTO,0.17186357080936432,-0.015052270144224167,1.0718015432357788,1
13.996,GOTO,0.18752481043338776,-0.014950834214687347,1.0722864866256714,1
14.004,GOTO,0.18752481043338776,-0.014950834214687347,1.0722864866256714,1
14.004,GOTO,0.18752481043338776,-0.014950834214687347,1.0722864866256714,1
14.012,GOTO,0.18752481043338776,-0.014950834214687347,1.0722864866256714,1
14.016,GOTO,0.19811615347862244,-0.01488462183624506,1.072594165802002,1
14.02,GOTO,0.19811615347862244,-0.01488462183624506,1.072594165802002,1
14.028,GOTO,0.19811615347862244,-0.01488462183624506,1.072594165802002,1
14.032,GOTO,0.20882269740104675,-0.014818740077316761,1.0728956460952759,1
14.036,GOTO,0.20882269740104675,-0.014818740077316761,1.0728956460952759,1
14.04,GOTO,0.20882269740104675,-0.014818740077316761,1.0728956460952759,1
14.044,GOTO,0.20882269740104675,-0.014818740077316761,1.0728956460952759,1
14.052,GOTO,0.20882269740104675,-0.014818740077316761,1.0728956460952759,1
14.056,GOTO,0.22508834302425385,-0.014714902266860008,1.0733444690704346,1
14.06,GOTO,0.22508834302425385,-0.014714902266860008,1.0733444690704346,1
14.064,GOTO,0.22508834302425385,-0.014714902266860008,1.0733444690704346,1
14.072,GOTO,0.22508834302425385,-0.014714902266860008,1.0733444690704346,1
14.076,GOTO,0.2360621839761734,-0.014642186462879181,1.0736387968063354,1
14.08,GOTO,0.2360621839761734,-0.014642186462879181,1.0736387968063354,1
14.084,GOTO,0.2360621839761734,-0.014642186462879181,1.0736387968063354,1
14.092,GOTO,0.2360621839761734,-0.014642186462879181,1.0736387968063354,1
14.096,GOTO,0.2527076303958893,-0.01452283188700676,1.0740714073181152,1
14.096,GOTO,0.2527076303958893,-0.01452283188700676,1.0740714073181152,1
14.096,GOTO,0.2527076303958893,-0.01452283188700676,1.0740714073181152,1
14.112,GOTO,0.2527076303958893,-0.01452283188700676,1.0740714073181152,1
14.116,GOTO,0.26391613483428955,-0.01444112230092287,1.0743625164031982,1
14.116,GOTO,0.26391613483428955,-0.01444112230092287,1.0743625164031982,1
14.124,GOTO,0.26391613483428955,-0.01444112230092287,1.0743625164031982,1
14.136,GOTO,0.26391613483428955,-0.01444112230092287,1.0743625164031982,1
14.136,GOTO,0.2808740437030792,-0.014317240566015244,1.0748014450073242,1
14.14,GOTO,0.2808740437030792,-0.014317240566015244,1.0748014450073242,1
14.144,GOTO,0.2808740437030792,-0.014317240566015244,1.0748014450073242,1
14.152,GOTO,0.2808740437030792,-0.014317240566015244,1.0748014450073242,1
14.156,GOTO,0.29729756712913513,-0.014174929820001125,1.075269341468811,1
14.16,GOTO,0.29729756712913513,-0.014174929820001125,1.075269341468811,1
14.164,GOTO,0.29729756712913513,-0.014174929820001125,1.075269341468811,1
14.172,GOTO,0.29729756712913513,-0.014174929820001125,1.075269341468811,1
14.176,GOTO,0.30835679173469543,-0.014082292094826698,1.075584053993225,1
14.18,GOTO,0.30835679173469543,-0.014082292094826698,1.075584053993225,1
14.188,GOTO,0.30835679173469543,-0.014082292094826698,1.075584053993225,1
14.196,GOTO,0.3194983899593353,-0.013988541439175606,1.0759011507034302,1
14.196,GOTO,0.3194983899593353,-0.013988541439175606,1.0759011507034302,1
14.196,GOTO,0.3194983899593353,-0.013988541439175606,1.0759011507034302,1
14.196,GOTO,0.3194983899593353,-0.013988541439175606,1.0759011507034302,1
14.212,GOTO,0.3363533616065979,-0.013840456493198872,1.0763720273971558,1
14.216,GOTO,0.3363533616065979,-0.013840456493198872,1.0763720273971558,1
14.22,GOTO,0.3363533616065979,-0.013840456493198872,1.0763720273971558,1
14.224,GOTO,0.3363533616065979,-0.013840456493198872,1.0763720273971558,1
14.232,GOTO,0.34767401218414307,-0.013745205476880074,1.076682448387146,1
14.236,GOTO,0.34767401218414307,-0.013745205476880074,1.076682448387146,1
14.24,GOTO,0.34767401218414307,-0.013745205476880074,1.076682448387146,1
14.244,GOTO,0.34767401218414307,-0.013745205476880074,1.076682448387146,1
14.252,GOTO,0.34767401218414307,-0.013745205476880074,1.076682448387146,1
14.256,GOTO,0.36477363109588623,-0.013608322478830814,1.0771445035934448,1
14.264,GOTO,0.36477363109588623,-0.013608322478830814,1.0771445035934448,1
14.264,GOTO,0.36477363109588623,-0.013608322478830814,1.0771445035934448,1
14.272,GOTO,0.36477363109588623,-0.013608322478830814,1.0771445035934448,1
14.276,GOTO,0.36477363109588623,-0.013608322478830814,1.0771445035934448,1
14.28,GOTO,0.3762424886226654,-0.013517399318516254,1.0774532556533813,1
14.284,GOTO,0.3762424886226654,-0.013517399318516254,1.0774532556533813,1
14.296,GOTO,0.39353814721107483,-0.013385051861405373,1.0779246091842651,1
14.296,GOTO,0.39353814721107483,-0.013385051861405373,1.0779246091842651,1
14.3,GOTO,0.39353814721107483,-0.013385051861405373,1.0779246091842651,1
14.3,GOTO,0.39353814721107483,-0.013385051861405373,1.0779246091842651,1
14.312,GOTO,0.40511563420295715,-0.013296086341142654,1.0782450437545776,1
14.316,GOTO,0.40511563420295715,-0.013296086341142654,1.0782450437545776,1
14.32,GOTO,0.40511563420295715,-0.013296086341142654,1.0782450437545776,1
14.324,GOTO,0.40511563420295715,-0.013296086341142654,1.0782450437545776,1
14.332,GOTO,0.40511563420295715,-0.013296086341142654,1.0782450437545776,1
14.336,GOTO,0.42255786061286926,-0.013160321861505508,1.0787343978881836,1
14.34,GOTO,0.42255786061286926,-0.013160321861505508,1.0787343978881836,1
14.344,GOTO,0.42255786061286926,-0.013160321861505508,1.0787343978881836,1
14.352,GOTO,0.42255786061286926,-0.013160321861505508,1.0787343978881836,1
14.356,GOTO,0.434219628572464,-0.013069716282188892,1.079064965248108,1
14.36,GOTO,0.434219628572464,-0.013069716282188892,1.079064965248108,1
14.364,GOTO,0.434219628572464,-0.013069716282188892,1.079064965248108,1
14.372,GOTO,0.434219628572464,-0.013069716282188892,1.079064965248108,1
14.376,GOTO,0.4517403841018677,-0.012929161079227924,1.0795713663101196,1
14.38,GOTO,0.4517403841018677,-0.012929161079227924,1.0795713663101196,1
14.384,GOTO,0.4517403841018677,-0.012929161079227924,1.0795713663101196,1
14.388,GOTO,0.4517403841018677,-0.012929161079227924,1.0795713663101196,1
14.392,GOTO,0.4517403841018677,-0.012929161079227924,1.0795713663101196,1
14.392,GOTO,0.4517403841018677,-0.012929161079227924,1.0795713663101196,1
14.404,GOTO,0.463431715965271,-0.012831446714699268,1.0799082517623901,1
14.412,GOTO,0.4809723496437073,-0.012694215402007103,1.0804197788238525,1
14.42,GOTO,0.4809723496437073,-0.012694215402007103,1.0804197788238525,1
14.42,GOTO,0.4809723496437073,-0.012694215402007103,1.0804197788238525,1
14.428,GOTO,0.4809723496437073,-0.012694215402007103,1.0804197788238525,1
14.432,GOTO,0.4809723496437073,-0.012694215402007103,1.0804197788238525,1
14.436,GOTO,0.49851080775260925,-0.012564082629978657,1.0809465646743774,1
14.44,GOTO,0.49851080775260925,-0.012564082629978657,1.0809465646743774,1
14.444,GOTO,0.49851080775260925,-0.012564082629978657,1.0809465646743774,1
14.452,GOTO,0.49851080775260925,-0.012564082629978657,1.0809465646743774,1
14.456,GOTO,0.5101833343505859,-0.012476165778934956,1.0812997817993164,1
14.46,GOTO,0.5101833343505859,-0.012476165778934956,1.0812997817993164,1
14.464,GOTO,0.5101833343505859,-0.012476165778934956,1.0812997817993164,1
14.475999999999999,GOTO,0.5218435525894165,-0.012386508285999298,1.0816586017608643,1
14.475999999999999,GOTO,0.5218435525894165,-0.012386508285999298,1.0816586017608643,1
14.48,GOTO,0.5218435525894165,-0.012386508285999298,1.0816586017608643,1
14.484,GOTO,0.5218435525894165,-0.012386508285999298,1.0816586017608643,1
14.492,GOTO,0.5393159985542297,-0.012256716378033161,1.0822043418884277,1
14.496,GOTO,0.5393159985542297,-0.012256716378033161,1.0822043418884277,1
14.5,GOTO,0.5393159985542297,-0.012256716378033161,1.0822043418884277,1
14.504,GOTO,0.5393159985542297,-0.012256716378033161,1.0822043418884277,1
14.512,GOTO,0.5509384274482727,-0.012172129936516285,1.0825731754302979,1
14.516,GOTO,0.5509384274482727,-0.012172129936516285,1.0825731754302979,1
14.52,GOTO,0.5509384274482727,-0.012172129936516285,1.0825731754302979,1
14.524000000000001,GOTO,0.5509384274482727,-0.012172129936516285,1.0825731754302979,1
14.532,GOTO,0.5683183670043945,-0.012049034237861633,1.083133578300476,1
14.536,GOTO,0.5683183670043945,-0.012049034237861633,1.083133578300476,1
14.54,GOTO,0.5683183670043945,-0.012049034237861633,1.083133578300476,1
14.544,GOTO,0.5683183670043945,-0.012049034237861633,1.083133578300476,1
14.552,GOTO,0.5683183670043945,-0.012049034237861633,1.083133578300476,1
14.556000000000001,GOTO,0.5796669125556946,-0.01202551368623972,1.0835081338882446,1
14.56,GOTO,0.5796669125556946,-0.01202551368623972,1.0835081338882446,1
14.564,GOTO,0.5796669125556946,-0.01202551368623972,1.0835081338882446,1
14.572,GOTO,0.5796669125556946,-0.01202551368623972,1.0835081338882446,1
14.576,GOTO,0.5966290831565857,-0.01198653131723404,1.0840835571289062,1
14.58,GOTO,0.5966290831565857,-0.01198653131723404,1.0840835571289062,1
14.584,GOTO,0.5966290831565857,-0.01198653131723404,1.0840835571289062,1
14.592,GOTO,0.6078845858573914,-0.011957031674683094,1.0844788551330566,1
14.596,GOTO,0.6078845858573914,-0.011957031674683094,1.0844788551330566,1
14.6,GOTO,0.6078845858573914,-0.011957031674683094,1.0844788551330566,1
14.604,GOTO,0.6078845858573914,-0.011957031674683094,1.0844788551330566,1
14.612,GOTO,0.6078845858573914,-0.011957031674683094,1.0844788551330566,1
14.616,GOTO,0.6246997714042664,-0.011899164877831936,1.085090160369873,1
14.62,GOTO,0.6246997714042664,-0.011899164877831936,1.085090160369873,1
14.624,GOTO,0.6246997714042664,-0.011899164877831936,1.085090160369873,1
14.632,GOTO,0.6358601450920105,-0.011850370094180107,1.0855097770690918,1
14.636,GOTO,0.6358601450920105,-0.011850370094180107,1.0855097770690918,1
14.64,GOTO,0.6358601450920105,-0.011850370094180107,1.0855097770690918,1
14.644,GOTO,0.6358601450920105,-0.011850370094180107,1.0855097770690918,1
14.652,GOTO,0.6358601450920105,-0.011850370094180107,1.0855097770690918,1
14.656,GOTO,0.6525241136550903,-0.011773697100579739,1.086158037185669,1
14.656,GOTO,0.6525241136550903,-0.011773697100579739,1.086158037185669,1
14.664,GOTO,0.6525241136550903,-0.011773697100579739,1.086158037185669,1
14.672,GOTO,0.6525241136550903,-0.011773697100579739,1.086158037185669,1
14.676,GOTO,0.6635616421699524,-0.01172186154872179,1.0865987539291382,1
14.68,GOTO,0.6635616421699524,-0.01172186154872179,1.0865987539291382,1
14.684,GOTO,0.6635616421699524,-0.01172186154872179,1.0865987539291382,1
14.692,GOTO,0.6635616421699524,-0.01172186154872179,1.0865987539291382,1
14.696,GOTO,0.6799960732460022,-0.011652744375169277,1.0872617959976196,1
14.7,GOTO,0.6799960732460022,-0.011652744375169277,1.0872617959976196,1
14.704,GOTO,0.6799960732460022,-0.011652744375169277,1.0872617959976196,1
14.712,GOTO,0.6799960732460022,-0.011652744375169277,1.0872617959976196,1
14.716,GOTO,0.6908787488937378,-0.011608370579779148,1.0877010822296143,1
14.72,GOTO,0.6908787488937378,-0.011608370579779148,1.0877010822296143,1
14.724,GOTO,0.6908787488937378,-0.011608370579779148,1.0877010822296143,1
14.732,GOTO,0.6908787488937378,-0.011608370579779148,1.0877010822296143,1
14.736,GOTO,0.7070702910423279,-0.011538595892488956,1.0883666276931763,1
14.74,GOTO,0.7070702910423279,-0.011538595892488956,1.0883666276931763,1
14.74,GOTO,0.7070702910423279,-0.011538595892488956,1.0883666276931763,1
14.752,GOTO,0.7070702910423279,-0.011538595892488956,1.0883666276931763,1
14.756,GOTO,0.7177752256393433,-0.01149253360927105,1.0888123512268066,1
14.76,GOTO,0.7177752256393433,-0.01149253360927105,1.0888123512268066,1
14.764,GOTO,0.7177752256393433,-0.01149253360927105,1.0888123512268066,1
14.772,GOTO,0.7177752256393433,-0.01149253360927105,1.0888123512268066,1
14.776,GOTO,0.7336882948875427,-0.011420299299061298,1.0894927978515625,1
14.78,GOTO,0.7336882948875427,-0.011420299299061298,1.0894927978515625,1
14.784,GOTO,0.7336882948875427,-0.011420299299061298,1.0894927978515625,1
14.792,GOTO,0.7336882948875427,-0.011420299299061298,1.0894927978515625,1
14.796,GOTO,0.7441995739936829,-0.011366727761924267,1.089953899383545,1
14.804,GOTO,0.7441995739936829,-0.011366727761924267,1.089953899383545,1
14.804,GOTO,0.7441995739936829,-0.011366727761924267,1.089953899383545,1
14.808,GOTO,0.7441995739936829,-0.011366727761924267,1.089953899383545,1
14.808,GOTO,0.7598187923431396,-0.01127949170768261,1.0906620025634766,1
14.808,GOTO,0.7598187923431396,-0.01127949170768261,1.0906620025634766,1
14.816,GOTO,0.7598187923431396,-0.01127949170768261,1.0906620025634766,1
14.832,GOTO,0.770125687122345,-0.011220007203519344,1.0911409854888916,1
14.836,GOTO,0.770125687122345,-0.011220007203519344,1.0911409854888916,1
14.84,GOTO,0.770125687122345,-0.011220007203519344,1.0911409854888916,1
14.844,GOTO,0.770125687122345,-0.011220007203519344,1.0911409854888916,1
14.852,GOTO,0.770125687122345,-0.011220007203519344,1.0911409854888916,1
14.856,GOTO,0.7854307293891907,-0.011135905049741268,1.0918711423873901,1
14.856,GOTO,0.7854307293891907,-0.011135905049741268,1.0918711423873901,1
14.864,GOTO,0.7854307293891907,-0.011135905049741268,1.0918711423873901,1
14.872,GOTO,0.7955232262611389,-0.01108486671000719,1.0923593044281006,1
14.876,GOTO,0.7955232262611389,-0.01108486671000719,1.0923593044281006,1
14.88,GOTO,0.7955232262611389,-0.01108486671000719,1.0923593044281006,1
14.884,GOTO,0.8104925155639648,-0.011002560146152973,1.0930951833724976,1
14.892,GOTO,0.8104925155639648,-0.011002560146152973,1.0930951833724976,1
14.896,GOTO,0.8104925155639648,-0.011002560146152973,1.0930951833724976,1
14.9,GOTO,0.8104925155639648,-0.011002560146152973,1.0930951833724976,1
14.904,GOTO,0.8104925155639648,-0.011002560146152973,1.0930951833724976,1
14.912,GOTO,0.8203561902046204,-0.010943390429019928,1.0935863256454468,1
14.916,GOTO,0.8203561902046204,-0.010943390429019928,1.0935863256454468,1
14.92,GOTO,0.8203561902046204,-0.010943390429019928,1.0935863256454468,1
14.92,GOTO,0.8203561902046204,-0.010943390429019928,1.0935863256454468,1
14.932,GOTO,0.8349751234054565,-0.010860983282327652,1.094322919845581,1
14.936,GOTO,0.8349751234054565,-0.010860983282327652,1.094322919845581,1
14.94,GOTO,0.8349751234054565,-0.010860983282327652,1.094322919845581,1
14.943999999999999,GOTO,0.8349751234054565,-0.010860983282327652,1.094322919845581,1
14.952,GOTO,0.8444554805755615,-0.010935602709650993,1.094812035560608,1
14.956,GOTO,0.8444554805755615,-0.010935602709650993,1.094812035560608,1
14.96,GOTO,0.8444554805755615,-0.010935602709650993,1.094812035560608,1
14.964,GOTO,0.8444554805755615,-0.010935602709650993,1.094812035560608,1
14.972,GOTO,0.8444554805755615,-0.010935602709650993,1.094812035560608,1
14.975999999999999,GOTO,0.858509361743927,-0.011043114587664604,1.0955477952957153,1
14.98,GOTO,0.858509361743927,-0.011043114587664604,1.0955477952957153,1
14.984,GOTO,0.858509361743927,-0.011043114587664604,1.0955477952957153,1
14.992,GOTO,0.858509361743927,-0.011043114587664604,1.0955477952957153,1
14.996,GOTO,0.8677606582641602,-0.011103367432951927,1.0960384607315063,1
15.0,GOTO,0.8677606582641602,-0.011103367432951927,1.0960384607315063,1
15.004,GOTO,0.8677606582641602,-0.011103367432951927,1.0960384607315063,1
15.012,GOTO,0.8677606582641602,-0.011103367432951927,1.0960384607315063,1
15.016,GOTO,0.8814718723297119,-0.011180520989000797,1.0967742204666138,1
15.02,GOTO,0.8814718723297119,-0.011180520989000797,1.0967742204666138,1
15.024,GOTO,0.8814718723297119,-0.011180520989000797,1.0967742204666138,1
15.032,GOTO,0.8814718723297119,-0.011180520989000797,1.0967742204666138,1
15.036,GOTO,0.8904957175254822,-0.011222497560083866,1.0972661972045898,1
15.04,GOTO,0.8904957175254822,-0.011222497560083866,1.0972661972045898,1
15.044,GOTO,0.8904957175254822,-0.011222497560083866,1.0972661972045898,1
15.052,GOTO,0.8904957175254822,-0.011222497560083866,1.0972661972045898,1
15.056,GOTO,0.9038667678833008,-0.011274109594523907,1.097996473312378,1
15.06,GOTO,0.9038667678833008,-0.011274109594523907,1.097996473312378,1
15.064,GOTO,0.9038667678833008,-0.011274109594523907,1.097996473312378,1
15.072,GOTO,0.9038667678833008,-0.011274109594523907,1.097996473312378,1
15.076,GOTO,0.9126625657081604,-0.0113008301705122,1.0984830856323242,1
15.08,GOTO,0.9126625657081604,-0.0113008301705122,1.0984830856323242,1
15.084,GOTO,0.9126625657081604,-0.0113008301705122,1.0984830856323242,1
15.092,GOTO,0.9126625657081604,-0.0113008301705122,1.0984830856323242,1
15.096,GOTO,0.9256649613380432,-0.0113317696377635,1.0992151498794556,1
15.1,GOTO,0.9256649613380432,-0.0113317696377635,1.0992151498794556,1
15.104,GOTO,0.9256649613380432,-0.0113317696377635,1.0992151498794556,1
15.112,GOTO,0.934205174446106,-0.01134271826595068,1.0997081995010376,1
15.116,GOTO,0.934205174446106,-0.01134271826595068,1.0997081995010376,1
15.12,GOTO,0.934205174446106,-0.01134271826595068,1.0997081995010376,1
15.124,GOTO,0.934205174446106,-0.01134271826595068,1.0997081995010376,1
15.132,GOTO,0.9468196630477905,-0.01134550478309393,1.1004570722579956,1
15.136,GOTO,0.9468196630477905,-0.01134550478309393,1.1004570722579956,1
15.14,GOTO,0.9468196630477905,-0.01134550478309393,1.1004570722579956,1
15.144,GOTO,0.9468196630477905,-0.01134550478309393,1.1004570722579956,1
15.152,GOTO,0.955094575881958,-0.011342333629727364,1.100960373878479,1
15.156,GOTO,0.955094575881958,-0.011342333629727364,1.100960373878479,1
15.16,GOTO,0.955094575881958,-0.011342333629727364,1.100960373878479,1
15.164,GOTO,0.955094575881958,-0.011342333629727364,1.100960373878479,1
15.172,GOTO,0.9673056602478027,-0.011327792890369892,1.1017142534255981,1
15.176,GOTO,0.9673056602478027,-0.011327792890369892,1.1017142534255981,1
15.18,GOTO,0.9673056602478027,-0.011327792890369892,1.1017142534255981,1
15.184,GOTO,0.9673056602478027,-0.011327792890369892,1.1017142534255981,1
15.192,GOTO,0.9753143191337585,-0.01131459977477789,1.102220892906189,1
15.196,GOTO,0.9753143191337585,-0.01131459977477789,1.102220892906189,1
15.2,GOTO,0.9753143191337585,-0.01131459977477789,1.102220892906189,1
15.204,GOTO,0.9753143191337585,-0.01131459977477789,1.102220892906189,1
15.212,GOTO,0.9871301651000977,-0.011277747340500355,1.1029876470565796,1
15.216,GOTO,0.9871301651000977,-0.011277747340500355,1.1029876470565796,1
15.22,GOTO,0.9871301651000977,-0.011277747340500355,1.1029876470565796,1
15.224,GOTO,0.9871301651000977,-0.011277747340500355,1.1029876470565796,1
15.232,GOTO,0.9871301651000977,-0.011277747340500355,1.1029876470565796,1
15.236,GOTO,0.9948796629905701,-0.011246966198086739,1.1034982204437256,1
15.24,GOTO,0.9948796629905701,-0.011246966198086739,1.1034982204437256,1
15.244,WAIT_WP,0.9948796629905701,-0.011246966198086739,1.1034982204437256,1
15.252,WAIT_WP,0.9948796629905701,-0.011246966198086739,1.1034982204437256,1
15.256,WAIT_WP,1.006308913230896,-0.01119046751409769,1.1042677164077759,1
15.26,WAIT_WP,1.006308913230896,-0.01119046751409769,1.1042677164077759,1
15.264,WAIT_WP,1.006308913230896,-0.01119046751409769,1.1042677164077759,1
15.272,WAIT_WP,1.006308913230896,-0.01119046751409769,1.1042677164077759,1
15.276,WAIT_WP,1.0137964487075806,-0.011150400154292583,1.1047829389572144,1
15.28,WAIT_WP,1.0137964487075806,-0.011150400154292583,1.1047829389572144,1
15.284,WAIT_WP,1.0137964487075806,-0.011150400154292583,1.1047829389572144,1
15.292,WAIT_WP,1.0137964487075806,-0.011150400154292583,1.1047829389572144,1
15.296,WAIT_WP,1.0248421430587769,-0.011087572202086449,1.1055608987808228,1
15.3,WAIT_WP,1.0248421430587769,-0.011087572202086449,1.1055608987808228,1
15.304,WAIT_WP,1.0248421430587769,-0.011087572202086449,1.1055608987808228,1
15.312,WAIT_WP,1.0248421430587769,-0.011087572202086449,1.1055608987808228,1
15.316,WAIT_WP,1.032079815864563,-0.011045671068131924,1.1060775518417358,1
15.32,WAIT_WP,1.032079815864563,-0.011045671068131924,1.1060775518417358,1
15.324,WAIT_WP,1.032079815864563,-0.011045671068131924,1.1060775518417358,1
15.332,WAIT_WP,1.032079815864563,-0.011045671068131924,1.1060775518417358,1
15.336,WAIT_WP,1.0427311658859253,-0.010979542508721352,1.106855869293213,1
15.34,WAIT_WP,1.0427311658859253,-0.010979542508721352,1.106855869293213,1
15.344,WAIT_WP,1.0427311658859253,-0.010979542508721352,1.106855869293213,1
15.352,WAIT_WP,1.0496702194213867,-0.011045227758586407,1.1073834896087646,1
15.356,WAIT_WP,1.0496702194213867,-0.011045227758586407,1.1073834896087646,1
15.36,WAIT_WP,1.0496702194213867,-0.011045227758586407,1.1073834896087646,1
15.364,WAIT_WP,1.0496702194213867,-0.011045227758586407,1.1073834896087646,1
15.372,WAIT_WP,1.0496702194213867,-0.011045227758586407,1.1073834896087646,1
15.376,WAIT_WP,1.0598846673965454,-0.011135043576359749,1.1081719398498535,1
15.38,WAIT_WP,1.0598846673965454,-0.011135043576359749,1.1081719398498535,1
15.384,WAIT_WP,1.0598846673965454,-0.011135043576359749,1.1081719398498535,1
15.392,WAIT_WP,1.0665662288665771,-0.01118474267423153,1.1086946725845337,1
15.396,WAIT_WP,1.0665662288665771,-0.01118474267423153,1.1086946725845337,1
15.4,WAIT_WP,1.0665662288665771,-0.01118474267423153,1.1086946725845337,1
15.404,WAIT_WP,1.0665662288665771,-0.01118474267423153,1.1086946725845337,1
15.412,WAIT_WP,1.0665662288665771,-0.01118474267423153,1.1086946725845337,1
15.416,WAIT_WP,1.076389193534851,-0.01125024352222681,1.1094766855239868,1
15.42,WAIT_WP,1.076389193534851,-0.01125024352222681,1.1094766855239868,1
15.424,WAIT_WP,1.076389193534851,-0.01125024352222681,1.1094766855239868,1
15.432,WAIT_WP,1.076389193534851,-0.01125024352222681,1.1094766855239868,1
15.436,WAIT_WP,1.0828086137771606,-0.011287654750049114,1.109997034072876,1
15.44,WAIT_WP,1.0828086137771606,-0.011287654750049114,1.109997034072876,1
15.444,WAIT_WP,1.0828086137771606,-0.011287654750049114,1.109997034072876,1
15.452,WAIT_WP,1.0922462940216064,-0.011332190595567226,1.1107724905014038,1
15.456,WAIT_WP,1.0922462940216064,-0.011332190595567226,1.1107724905014038,1
15.46,WAIT_WP,1.0922462940216064,-0.011332190595567226,1.1107724905014038,1
15.464,WAIT_WP,1.0922462940216064,-0.011332190595567226,1.1107724905014038,1
15.472,WAIT_WP,1.0922462940216064,-0.011332190595567226,1.1107724905014038,1
15.475999999999999,WAIT_WP,1.0984129905700684,-0.011355576105415821,1.1112875938415527,1
15.48,WAIT_WP,1.0984129905700684,-0.011355576105415821,1.1112875938415527,1
15.484,WAIT_WP,1.0984129905700684,-0.011355576105415821,1.1112875938415527,1
15.492,WAIT_WP,1.0984129905700684,-0.011355576105415821,1.1112875938415527,1
15.496,WAIT_WP,1.10747492313385,-0.011385779827833176,1.1120685338974,1
15.5,WAIT_WP,1.10747492313385,-0.011385779827833176,1.1120685338974,1
15.504,WAIT_WP,1.10747492313385,-0.011385779827833176,1.1120685338974,1
15.512,WAIT_WP,1.10747492313385,-0.011385779827833176,1.1120685338974,1
15.516,WAIT_WP,1.1133840084075928,-0.011395885609090328,1.112591028213501,1
15.52,WAIT_WP,1.1133840084075928,-0.011395885609090328,1.112591028213501,1
15.524000000000001,WAIT_WP,1.1133840084075928,-0.011395885609090328,1.112591028213501,1
15.532,WAIT_WP,1.1133840084075928,-0.011395885609090328,1.112591028213501,1
15.536,WAIT_WP,1.1220481395721436,-0.011392108164727688,1.113366723060608,1
15.54,WAIT_WP,1.1220481395721436,-0.011392108164727688,1.113366723060608,1
15.544,WAIT_WP,1.1220481395721436,-0.011392108164727688,1.113366723060608,1
15.552,WAIT_WP,1.127690076828003,-0.011377621442079544,1.1138759851455688,1
15.556000000000001,WAIT_WP,1.127690076828003,-0.011377621442079544,1.1138759851455688,1
15.56,WAIT_WP,1.127690076828003,-0.011377621442079544,1.1138759851455688,1
15.564,WAIT_WP,1.127690076828003,-0.011377621442079544,1.1138759851455688,1
15.572,WAIT_WP,1.127690076828003,-0.011377621442079544,1.1138759851455688,1
15.576,WAIT_WP,1.1359504461288452,-0.011331061832606792,1.1146421432495117,1
15.58,WAIT_WP,1.1359504461288452,-0.011331061832606792,1.1146421432495117,1
15.584,WAIT_WP,1.1359504461288452,-0.011331061832606792,1.1146421432495117,1
15.592,WAIT_WP,1.1359504461288452,-0.011331061832606792,1.1146421432495117,1
15.596,WAIT_WP,1.1413158178329468,-0.011292419396340847,1.1151498556137085,1
15.6,WAIT_WP,1.1413158178329468,-0.011292419396340847,1.1151498556137085,1
15.604,WAIT_WP,1.1413158178329468,-0.011292419396340847,1.1151498556137085,1
15.612,WAIT_WP,1.1491600275039673,-0.01122579351067543,1.1158952713012695,1
15.616,WAIT_WP,1.1491600275039673,-0.01122579351067543,1.1158952713012695,1
15.62,WAIT_WP,1.1491600275039673,-0.01122579351067543,1.1158952713012695,1
15.624,WAIT_WP,1.1491600275039673,-0.01122579351067543,1.1158952713012695,1
15.632,WAIT_WP,1.1542528867721558,-0.011174442246556282,1.116389513015747,1
15.636,WAIT_WP,1.1542528867721558,-0.011174442246556282,1.116389513015747,1
15.64,WAIT_WP,1.1542528867721558,-0.011174442246556282,1.116389513015747,1
15.644,WAIT_WP,1.1542528867721558,-0.011174442246556282,1.116389513015747,1
15.652,WAIT_WP,1.1542528867721558,-0.011174442246556282,1.116389513015747,1
15.656,WAIT_WP,1.1616965532302856,-0.01109242718666792,1.1171337366104126,1
15.66,WAIT_WP,1.1616965532302856,-0.01109242718666792,1.1171337366104126,1
15.664,WAIT_WP,1.1616965532302856,-0.01109242718666792,1.1171337366104126,1
15.672,WAIT_WP,1.1616965532302856,-0.01109242718666792,1.1171337366104126,1
15.676,WAIT_WP,1.1665366888046265,-0.011033664457499981,1.117632508277893,1
15.68,WAIT_WP,1.1665366888046265,-0.011033664457499981,1.117632508277893,1
15.684,WAIT_WP,1.1665366888046265,-0.011033664457499981,1.117632508277893,1
15.692,WAIT_WP,1.1665366888046265,-0.011033664457499981,1.117632508277893,1
15.696,WAIT_WP,1.17361581325531,-0.010939731262624264,1.118377447128296,1
15.7,WAIT_WP,1.17361581325531,-0.010939731262624264,1.118377447128296,1
15.704,WAIT_WP,1.17361581325531,-0.010939731262624264,1.118377447128296,1
15.712,WAIT_WP,1.17361581325531,-0.010939731262624264,1.118377447128296,1
15.716,WAIT_WP,1.178209900856018,-0.010873479768633842,1.118871808052063,1
15.72,WAIT_WP,1.178209900856018,-0.010873479768633842,1.118871808052063,1
15.724,WAIT_WP,1.178209900856018,-0.010873479768633842,1.118871808052063,1
15.732,WAIT_WP,1.178209900856018,-0.010873479768633842,1.118871808052063,1
15.736,WAIT_WP,1.1849138736724854,-0.010766154155135155,1.119620680809021,1
15.74,WAIT_WP,1.1849138736724854,-0.010766154155135155,1.119620680809021,1
15.744,WAIT_WP,1.1849138736724854,-0.010766154155135155,1.119620680809021,1
15.752,WAIT_WP,1.1849138736724854,-0.010766154155135155,1.119620680809021,1
15.756,WAIT_WP,1.1890708208084106,-0.010814433917403221,1.1201554536819458,1
15.76,WAIT_WP,1.1890708208084106,-0.010814433917403221,1.1201554536819458,1
15.764,WAIT_WP,1.1890708208084106,-0.010814433917403221,1.1201554536819458,1
15.772,WAIT_WP,1.1890708208084106,-0.010814433917403221,1.1201554536819458,1
15.776,WAIT_WP,1.1951509714126587,-0.010859896428883076,1.1209580898284912,1
15.78,WAIT_WP,1.1951509714126587,-0.010859896428883076,1.1209580898284912,1
15.784,WAIT_WP,1.1951509714126587,-0.010859896428883076,1.1209580898284912,1
15.792,WAIT_WP,1.1951509714126587,-0.010859896428883076,1.1209580898284912,1
15.796,WAIT_WP,1.1991032361984253,-0.01087789423763752,1.1214953660964966,1
15.8,WAIT_WP,1.1991032361984253,-0.01087789423763752,1.1214953660964966,1
15.804,WAIT_WP,1.1991032361984253,-0.01087789423763752,1.1214953660964966,1
15.812,WAIT_WP,1.1991032361984253,-0.01087789423763752,1.1214953660964966,1
15.816,WAIT_WP,1.2048872709274292,-0.010889682918787003,1.1223052740097046,1
15.82,WAIT_WP,1.2048872709274292,-0.010889682918787003,1.1223052740097046,1
15.824,WAIT_WP,1.2048872709274292,-0.010889682918787003,1.1223052740097046,1
15.832,WAIT_WP,1.2048872709274292,-0.010889682918787003,1.1223052740097046,1
15.836,WAIT_WP,1.208640694618225,-0.010884353891015053,1.1228430271148682,1
15.84,WAIT_WP,1.208640694618225,-0.010884353891015053,1.1228430271148682,1
15.844,WAIT_WP,1.208640694618225,-0.010884353891015053,1.1228430271148682,1
15.852,WAIT_WP,1.208640694618225,-0.010884353891015053,1.1228430271148682,1
15.856,WAIT_WP,1.2141153812408447,-0.010851668193936348,1.123637318611145,1
15.86,WAIT_WP,1.2141153812408447,-0.010851668193936348,1.123637318611145,1
15.864,WAIT_WP,1.2141153812408447,-0.010851668193936348,1.123637318611145,1
15.872,WAIT_WP,1.2141153812408447,-0.010851668193936348,1.123637318611145,1
15.876,WAIT_WP,1.2176645994186401,-0.010820663534104824,1.1241590976715088,1
15.88,WAIT_WP,1.2176645994186401,-0.010820663534104824,1.1241590976715088,1
15.884,WAIT_WP,1.2176645994186401,-0.010820663534104824,1.1241590976715088,1
15.892,WAIT_WP,1.2176645994186401,-0.010820663534104824,1.1241590976715088,1
15.896,WAIT_WP,1.222833275794983,-0.010761065408587456,1.1249274015426636,1
15.9,WAIT_WP,1.222833275794983,-0.010761065408587456,1.1249274015426636,1
15.904,WAIT_WP,1.222833275794983,-0.010761065408587456,1.1249274015426636,1
15.912,WAIT_WP,1.222833275794983,-0.010761065408587456,1.1249274015426636,1
15.916,WAIT_WP,1.2261772155761719,-0.010713214054703712,1.125440239906311,1
15.92,WAIT_WP,1.2261772155761719,-0.010713214054703712,1.125440239906311,1
15.924,WAIT_WP,1.2261772155761719,-0.010713214054703712,1.125440239906311,1
15.932,WAIT_WP,1.2310338020324707,-0.010634715668857098,1.1261935234069824,1
15.936,WAIT_WP,1.2310338020324707,-0.010634715668857098,1.1261935234069824,1
15.94,WAIT_WP,1.2310338020324707,-0.010634715668857098,1.1261935234069824,1
15.943999999999999,WAIT_WP,1.2310338020324707,-0.010634715668857098,1.1261935234069824,1
15.952,WAIT_WP,1.2341662645339966,-0.010578335262835026,1.1266820430755615,1
15.956,WAIT_WP,1.2341662645339966,-0.010578335262835026,1.1266820430755615,1
15.96,WAIT_WP,1.2341662645339966,-0.010578335262835026,1.1266820430755615,1
15.964,WAIT_WP,1.2341662645339966,-0.010578335262835026,1.1266820430755615,1
15.972,WAIT_WP,1.2387136220932007,-0.010481255128979683,1.1273964643478394,1
15.975999999999999,WAIT_WP,1.2387136220932007,-0.010481255128979683,1.1273964643478394,1
15.98,WAIT_WP,1.2387136220932007,-0.010481255128979683,1.1273964643478394,1
15.984,WAIT_WP,1.2387136220932007,-0.010481255128979683,1.1273964643478394,1
15.992,WAIT_WP,1.2387136220932007,-0.010481255128979683,1.1273964643478394,1
15.996,WAIT_WP,1.2416499853134155,-0.01041027158498764,1.1278659105300903,1
16.0,WAIT_WP,1.2416499853134155,-0.01041027158498764,1.1278659105300903,1
16.004,WAIT_WP,1.2416499853134155,-0.01041027158498764,1.1278659105300903,1
16.012,WAIT_WP,1.2416499853134155,-0.01041027158498764,1.1278659105300903,1
16.016,WAIT_WP,1.2459115982055664,-0.010301422327756882,1.1285663843154907,1
16.02,WAIT_WP,1.2459115982055664,-0.010301422327756882,1.1285663843154907,1
16.024,WAIT_WP,1.2459115982055664,-0.010301422327756882,1.1285663843154907,1
16.032,WAIT_WP,1.2486557960510254,-0.010222840122878551,1.1290303468704224,1
16.036,WAIT_WP,1.2486557960510254,-0.010222840122878551,1.1290303468704224,1
16.04,WAIT_WP,1.2486557960510254,-0.010222840122878551,1.1290303468704224,1
16.044,WAIT_WP,1.2486557960510254,-0.010222840122878551,1.1290303468704224,1
16.052,WAIT_WP,1.2486557960510254,-0.010222840122878551,1.1290303468704224,1
16.056,WAIT_WP,1.2526330947875977,-0.010098187252879143,1.1297190189361572,1
16.06,WAIT_WP,1.2526330947875977,-0.010098187252879143,1.1297190189361572,1
16.064,WAIT_WP,1.2526330947875977,-0.010098187252879143,1.1297190189361572,1
16.072,WAIT_WP,1.2526330947875977,-0.010098187252879143,1.1297190189361572,1
16.076,WAIT_WP,1.2551965713500977,-0.010014607571065426,1.130174994468689,1
16.08,WAIT_WP,1.2551965713500977,-0.010014607571065426,1.130174994468689,1
16.084,WAIT_WP,1.2551965713500977,-0.010014607571065426,1.130174994468689,1
16.092,WAIT_WP,1.2551965713500977,-0.010014607571065426,1.130174994468689,1
16.096,WAIT_WP,1.2589116096496582,-0.009880095720291138,1.1308642625808716,1
16.1,WAIT_WP,1.2589116096496582,-0.009880095720291138,1.1308642625808716,1
16.104,WAIT_WP,1.2589116096496582,-0.009880095720291138,1.1308642625808716,1
16.112,WAIT_WP,1.2589116096496582,-0.009880095720291138,1.1308642625808716,1
16.116,WAIT_WP,1.2613005638122559,-0.009785888716578484,1.1313289403915405,1
16.12,WAIT_WP,1.2613005638122559,-0.009785888716578484,1.1313289403915405,1
16.124,WAIT_WP,1.2613005638122559,-0.009785888716578484,1.1313289403915405,1
16.132,WAIT_WP,1.2613005638122559,-0.009785888716578484,1.1313289403915405,1
16.136,WAIT_WP,1.2647430896759033,-0.009641041047871113,1.1320157051086426,1
16.14,WAIT_WP,1.2647430896759033,-0.009641041047871113,1.1320157051086426,1
16.144,WAIT_WP,1.2647430896759033,-0.009641041047871113,1.1320157051086426,1
16.152,WAIT_WP,1.266836404800415,-0.00971340760588646,1.1324653625488281,1
16.156,WAIT_WP,1.266836404800415,-0.00971340760588646,1.1324653625488281,1
16.16,WAIT_WP,1.266836404800415,-0.00971340760588646,1.1324653625488281,1
16.164,WAIT_WP,1.266836404800415,-0.00971340760588646,1.1324653625488281,1
16.172,WAIT_WP,1.266836404800415,-0.00971340760588646,1.1324653625488281,1
16.176,WAIT_WP,1.2698593139648438,-0.009803601540625095,1.1331403255462646,1
16.18,WAIT_WP,1.2698593139648438,-0.009803601540625095,1.1331403255462646,1
16.184,WAIT_WP,1.2698593139648438,-0.009803601540625095,1.1331403255462646,1
16.192,WAIT_WP,1.2698593139648438,-0.009803601540625095,1.1331403255462646,1
16.196,WAIT_WP,1.2717976570129395,-0.009847466833889484,1.13358473777771,1
16.2,WAIT_WP,1.2717976570129395,-0.009847466833889484,1.13358473777771,1
16.204,WAIT_WP,1.2717976570129395,-0.009847466833889484,1.13358473777771,1
16.212,WAIT_WP,1.2717976570129395,-0.009847466833889484,1.13358473777771,1
16.216,WAIT_WP,1.2745863199234009,-0.009894836694002151,1.1342467069625854,1
16.22,WAIT_WP,1.2745863199234009,-0.009894836694002151,1.1342467069625854,1
16.224,WAIT_WP,1.2745863199234009,-0.009894836694002151,1.1342467069625854,1
16.232,WAIT_WP,1.2745863199234009,-0.009894836694002151,1.1342467069625854,1
16.236,WAIT_WP,1.2763689756393433,-0.009918205440044403,1.1346830129623413,1
16.24,GOTO,1.2763689756393433,-0.009918205440044403,1.1346830129623413,1
16.244,GOTO,1.2763689756393433,-0.009918205440044403,1.1346830129623413,1
16.252,GOTO,1.2763689756393433,-0.009918205440044403,1.1346830129623413,1
16.256,GOTO,1.2789363861083984,-0.009932685643434525,1.1353377103805542,1
16.26,GOTO,1.2789363861083984,-0.009932685643434525,1.1353377103805542,1
16.264,GOTO,1.2789363861083984,-0.009932685643434525,1.1353377103805542,1
16.272,GOTO,1.2789363861083984,-0.009932685643434525,1.1353377103805542,1
16.276,GOTO,1.2805781364440918,-0.009926470927894115,1.1357717514038086,1
16.28,GOTO,1.2805781364440918,-0.009926470927894115,1.1357717514038086,1
16.284,GOTO,1.2805781364440918,-0.009926470927894115,1.1357717514038086,1
16.292,GOTO,1.2829340696334839,-0.009903719648718834,1.1364169120788574,1
16.296,GOTO,1.2829340696334839,-0.009903719648718834,1.1364169120788574,1
16.3,GOTO,1.2829340696334839,-0.009903719648718834,1.1364169120788574,1
16.304,GOTO,1.2829340696334839,-0.009903719648718834,1.1364169120788574,1
16.312,GOTO,1.2829340696334839,-0.009903719648718834,1.1364169120788574,1
16.316,GOTO,1.2844345569610596,-0.00987505353987217,1.1368434429168701,1
16.32,GOTO,1.2844345569610596,-0.00987505353987217,1.1368434429168701,1
16.324,GOTO,1.2844345569610596,-0.00987505353987217,1.1368434429168701,1
16.332,GOTO,1.2865703105926514,-0.009813995100557804,1.1374748945236206,1
16.336,GOTO,1.2865703105926514,-0.009813995100557804,1.1374748945236206,1
16.34,GOTO,1.2865703105926514,-0.009813995100557804,1.1374748945236206,1
16.344,GOTO,1.2865703105926514,-0.009813995100557804,1.1374748945236206,1
16.352,GOTO,1.2865703105926514,-0.009813995100557804,1.1374748945236206,1
16.356,GOTO,1.287918210029602,-0.009762348607182503,1.1378846168518066,1
16.36,GOTO,1.287918210029602,-0.009762348607182503,1.1378846168518066,1
16.364,GOTO,1.287918210029602,-0.009762348607182503,1.1378846168518066,1
16.372,GOTO,1.2898352146148682,-0.009575768373906612,1.1386616230010986,1
16.376,GOTO,1.2898352146148682,-0.009575768373906612,1.1386616230010986,1
16.38,GOTO,1.2898352146148682,-0.009575768373906612,1.1386616230010986,1
16.384,GOTO,1.2898352146148682,-0.009575768373906612,1.1386616230010986,1
16.392,GOTO,1.2898352146148682,-0.009575768373906612,1.1386616230010986,1
16.396,GOTO,1.2910401821136475,-0.009307174943387508,1.1393812894821167,1
16.4,GOTO,1.2910401821136475,-0.009307174943387508,1.1393812894821167,1
16.404,GOTO,1.2910401821136475,-0.009307174943387508,1.1393812894821167,1
16.412,GOTO,1.2910401821136475,-0.009307174943387508,1.1393812894821167,1
16.416,GOTO,1.2927453517913818,-0.00863441452383995,1.1407148838043213,1
16.42,GOTO,1.2927453517913818,-0.00863441452383995,1.1407148838043213,1
16.424,GOTO,1.2927453517913818,-0.00863441452383995,1.1407148838043213,1
16.432,GOTO,1.2927453517913818,-0.00863441452383995,1.1407148838043213,1
16.436,GOTO,1.293814778327942,-0.007995301857590675,1.1417449712753296,1
16.44,GOTO,1.293814778327942,-0.007995301857590675,1.1417449712753296,1
16.444,GOTO,1.293814778327942,-0.007995301857590675,1.1417449712753296,1
16.452,GOTO,1.293814778327942,-0.007995301857590675,1.1417449712753296,1
16.456,GOTO,1.2953236103057861,-0.006728300824761391,1.1434406042099,1
16.46,GOTO,1.2953236103057861,-0.006728300824761391,1.1434406042099,1
16.464,GOTO,1.2953236103057861,-0.006728300824761391,1.1434406042099,1
16.472,GOTO,1.2953236103057861,-0.006728300824761391,1.1434406042099,1
16.476,GOTO,1.2962669134140015,-0.005630836356431246,1.144633173942566,1
16.48,GOTO,1.2962669134140015,-0.005630836356431246,1.144633173942566,1
16.484,GOTO,1.2962669134140015,-0.005630836356431246,1.144633173942566,1
16.492,GOTO,1.2962669134140015,-0.005630836356431246,1.144633173942566,1
16.496,GOTO,1.2975972890853882,-0.0035356637090444565,1.1464449167251587,1
16.5,GOTO,1.2975972890853882,-0.0035356637090444565,1.1464449167251587,1
16.504,GOTO,1.2975972890853882,-0.0035356637090444565,1.1464449167251587,1
16.512,GOTO,1.2975972890853882,-0.0035356637090444565,1.1464449167251587,1
16.516,GOTO,1.2984241247177124,-0.0017845828551799059,1.147639513015747,1
16.52,GOTO,1.2984241247177124,-0.0017845828551799059,1.147639513015747,1
16.524,GOTO,1.2984241247177124,-0.0017845828551799059,1.147639513015747,1
16.532,GOTO,1.2984241247177124,-0.0017845828551799059,1.147639513015747,1
16.536,GOTO,1.2994663715362549,0.0013190584722906351,1.149354100227356,1
16.54,GOTO,1.2994663715362549,0.0013190584722906351,1.149354100227356,1
16.544,GOTO,1.2994663715362549,0.0013190584722906351,1.149354100227356,1
16.552,GOTO,1.2994663715362549,0.0013190584722906351,1.149354100227356,1
16.556,GOTO,1.2999625205993652,0.0036670805420726538,1.150429606437683,1
16.56,GOTO,1.2999625205993652,0.0036670805420726538,1.150429606437683,1
16.564,GOTO,1.2999625205993652,0.0036670805420726538,1.150429606437683,1
16.572,GOTO,1.2999625205993652,0.0036670805420726538,1.150429606437683,1
16.576,GOTO,1.3006473779678345,0.007911354303359985,1.1519465446472168,1
16.58,GOTO,1.3006473779678345,0.007911354303359985,1.1519465446472168,1
16.584,GOTO,1.3006473779678345,0.007911354303359985,1.1519465446472168,1
16.592,GOTO,1.3006473779678345,0.007911354303359985,1.1519465446472168,1
16.596,GOTO,1.3010636568069458,0.011246760375797749,1.152880311012268,1
16.6,GOTO,1.3010636568069458,0.011246760375797749,1.152880311012268,1
16.604,GOTO,1.3010636568069458,0.011246760375797749,1.152880311012268,1
16.612,GOTO,1.3010636568069458,0.011246760375797749,1.152880311012268,1
16.616,GOTO,1.3016204833984375,0.017025750130414963,1.154160499572754,1
16.62,GOTO,1.3016204833984375,0.017025750130414963,1.154160499572754,1
16.624,GOTO,1.3016204833984375,0.017025750130414963,1.154160499572754,1
16.632,GOTO,1.301951289176941,0.02140721119940281,1.1549346446990967,1
16.636,GOTO,1.301951289176941,0.02140721119940281,1.1549346446990967,1
16.64,GOTO,1.301951289176941,0.02140721119940281,1.1549346446990967,1
16.644,GOTO,1.301951289176941,0.02140721119940281,1.1549346446990967,1
16.652,GOTO,1.301951289176941,0.02140721119940281,1.1549346446990967,1
16.656,GOTO,1.3023850917816162,0.028764896094799042,1.1559677124023438,1
16.66,GOTO,1.3023850917816162,0.028764896094799042,1.1559677124023438,1
16.664,GOTO,1.3023850917816162,0.028764896094799042,1.1559677124023438,1
16.672,GOTO,1.3023850917816162,0.028764896094799042,1.1559677124023438,1
16.676,GOTO,1.3026326894760132,0.034188028424978256,1.1565728187561035,1
16.68,GOTO,1.3026326894760132,0.034188028424978256,1.1565728187561035,1
16.684,GOTO,1.3026326894760132,0.034188028424978256,1.1565728187561035,1
16.692,GOTO,1.3026326894760132,0.034188028424978256,1.1565728187561035,1
16.696,GOTO,1.3029404878616333,0.0430738590657711,1.157373309135437,1
16.7,GOTO,1.3029404878616333,0.0430738590657711,1.157373309135437,1
16.7,GOTO,1.3029404878616333,0.0430738590657711,1.157373309135437,1
16.712,GOTO,1.3029404878616333,0.0430738590657711,1.157373309135437,1
16.716,GOTO,1.3031046390533447,0.04948440566658974,1.1578425168991089,1
16.72,GOTO,1.3031046390533447,0.04948440566658974,1.1578425168991089,1
16.724,GOTO,1.3031046390533447,0.04948440566658974,1.1578425168991089,1
16.732,GOTO,1.303297758102417,0.05979115515947342,1.1584538221359253,1
16.736,GOTO,1.303297758102417,0.05979115515947342,1.1584538221359253,1
16.74,GOTO,1.303297758102417,0.05979115515947342,1.1584538221359253,1
16.744,GOTO,1.303297758102417,0.05979115515947342,1.1584538221359253,1
16.752,GOTO,1.3031190633773804,0.06633953750133514,1.1588692665100098,1
16.756,GOTO,1.3031190633773804,0.06633953750133514,1.1588692665100098,1
16.76,GOTO,1.3031190633773804,0.06633953750133514,1.1588692665100098,1
16.764,GOTO,1.3031190633773804,0.06633953750133514,1.1588692665100098,1
16.772,GOTO,1.3031190633773804,0.06633953750133514,1.1588692665100098,1
16.776,GOTO,1.302813172340393,0.07685337960720062,1.1594064235687256,1
16.78,GOTO,1.302813172340393,0.07685337960720062,1.1594064235687256,1
16.784,GOTO,1.302813172340393,0.07685337960720062,1.1594064235687256,1
16.792,GOTO,1.302813172340393,0.07685337960720062,1.1594064235687256,1
16.796,GOTO,1.3025821447372437,0.08429159224033356,1.1597152948379517,1
16.8,GOTO,1.3025821447372437,0.08429159224033356,1.1597152948379517,1
16.804,GOTO,1.3025821447372437,0.08429159224033356,1.1597152948379517,1
16.812,GOTO,1.3025821447372437,0.08429159224033356,1.1597152948379517,1
16.816,GOTO,1.302204966545105,0.09604111313819885,1.1601208448410034,1
16.82,GOTO,1.302204966545105,0.09604111313819885,1.1601208448410034,1
16.824,GOTO,1.302204966545105,0.09604111313819885,1.1601208448410034,1
16.832,GOTO,1.3019351959228516,0.10424327850341797,1.1603596210479736,1
16.836,GOTO,1.3019351959228516,0.10424327850341797,1.1603596210479736,1
16.84,GOTO,1.3019351959228516,0.10424327850341797,1.1603596210479736,1
16.844,GOTO,1.3019351959228516,0.10424327850341797,1.1603596210479736,1
16.852,GOTO,1.3019351959228516,0.10424327850341797,1.1603596210479736,1
16.856,GOTO,1.301500916481018,0.1170596182346344,1.1606858968734741,1
16.86,GOTO,1.301500916481018,0.1170596182346344,1.1606858968734741,1
16.864,GOTO,1.301500916481018,0.1170596182346344,1.1606858968734741,1
16.872,GOTO,1.301500916481018,0.1170596182346344,1.1606858968734741,1
16.876,GOTO,1.301192045211792,0.12592418491840363,1.1608856916427612,1
16.88,GOTO,1.301192045211792,0.12592418491840363,1.1608856916427612,1
16.884,GOTO,1.301192045211792,0.12592418491840363,1.1608856916427612,1
16.892,GOTO,1.301192045211792,0.12592418491840363,1.1608856916427612,1
16.896,GOTO,1.3007032871246338,0.13965141773223877,1.1611661911010742,1
16.9,GOTO,1.3007032871246338,0.13965141773223877,1.1611661911010742,1
16.904,GOTO,1.3007032871246338,0.13965141773223877,1.1611661911010742,1
16.912,GOTO,1.3007032871246338,0.13965141773223877,1.1611661911010742,1
16.916,GOTO,1.3003538846969604,0.14907190203666687,1.1613459587097168,1
16.92,GOTO,1.3003538846969604,0.14907190203666687,1.1613459587097168,1
16.924,GOTO,1.3003538846969604,0.14907190203666687,1.1613459587097168,1
16.932,GOTO,1.3003538846969604,0.14907190203666687,1.1613459587097168,1
16.936,GOTO,1.2997949123382568,0.1635851413011551,1.1616040468215942,1
16.94,GOTO,1.2997949123382568,0.1635851413011551,1.1616040468215942,1
16.944,GOTO,1.2997949123382568,0.1635851413011551,1.1616040468215942,1
16.951999999999998,GOTO,1.2997949123382568,0.1635851413011551,1.1616040468215942,1
16.956,GOTO,1.2994012832641602,0.173491433262825,1.161766767501831,1
16.96,GOTO,1.2994012832641602,0.173491433262825,1.161766767501831,1
16.964,GOTO,1.2994012832641602,0.173491433262825,1.161766767501831,1
16.972,GOTO,1.2994012832641602,0.173491433262825,1.161766767501831,1
16.976,GOTO,1.298781156539917,0.18867212533950806,1.1620070934295654,1
16.98,GOTO,1.298781156539917,0.18867212533950806,1.1620070934295654,1
16.984,GOTO,1.298781156539917,0.18867212533950806,1.1620070934295654,1
16.992,GOTO,1.298781156539917,0.18867212533950806,1.1620070934295654,1
16.996,GOTO,1.2983452081680298,0.19899392127990723,1.1621578931808472,1
17.0,GOTO,1.2983452081680298,0.19899392127990723,1.1621578931808472,1
17.004,GOTO,1.2983452081680298,0.19899392127990723,1.1621578931808472,1
17.012,GOTO,1.2983452081680298,0.19899392127990723,1.1621578931808472,1
17.016,GOTO,1.2976701259613037,0.2147534340620041,1.162379503250122,1
17.02,GOTO,1.2976701259613037,0.2147534340620041,1.162379503250122,1
17.024,GOTO,1.2976701259613037,0.2147534340620041,1.162379503250122,1
17.032,GOTO,1.2972091436386108,0.22542700171470642,1.162520408630371,1
17.036,GOTO,1.2972091436386108,0.22542700171470642,1.162520408630371,1
17.04,GOTO,1.2972091436386108,0.22542700171470642,1.162520408630371,1
17.044,GOTO,1.2972091436386108,0.22542700171470642,1.162520408630371,1
17.052,GOTO,1.2972091436386108,0.22542700171470642,1.162520408630371,1
17.056,GOTO,1.2965022325515747,0.2416711002588272,1.1627236604690552,1
17.06,GOTO,1.2965022325515747,0.2416711002588272,1.1627236604690552,1
17.064,GOTO,1.2965022325515747,0.2416711002588272,1.1627236604690552,1
17.072,GOTO,1.2960141897201538,0.25263646245002747,1.162862777709961,1
17.076,GOTO,1.2960141897201538,0.25263646245002747,1.162862777709961,1
17.08,GOTO,1.2960141897201538,0.25263646245002747,1.162862777709961,1
17.084,GOTO,1.2960141897201538,0.25263646245002747,1.162862777709961,1
17.092,GOTO,1.2960141897201538,0.25263646245002747,1.162862777709961,1
17.096,GOTO,1.2952502965927124,0.2692761719226837,1.1630712747573853,1
17.1,GOTO,1.2952502965927124,0.2692761719226837,1.1630712747573853,1
17.104,GOTO,1.2952502965927124,0.2692761719226837,1.1630712747573853,1
17.112,GOTO,1.2952502965927124,0.2692761719226837,1.1630712747573853,1
17.116,GOTO,1.2947242259979248,0.28049081563949585,1.1632096767425537,1
17.12,GOTO,1.2947242259979248,0.28049081563949585,1.1632096767425537,1
17.124,GOTO,1.2947242259979248,0.28049081563949585,1.1632096767425537,1
17.132,GOTO,1.2947242259979248,0.28049081563949585,1.1632096767425537,1
17.136,GOTO,1.2939181327819824,0.29748162627220154,1.1634126901626587,1
17.14,GOTO,1.2939181327819824,0.29748162627220154,1.1634126901626587,1
17.144,GOTO,1.2939181327819824,0.29748162627220154,1.1634126901626587,1
17.152,GOTO,1.293041467666626,0.30842727422714233,1.1635818481445312,1
17.156,GOTO,1.293041467666626,0.30842727422714233,1.1635818481445312,1
17.16,GOTO,1.293041467666626,0.30842727422714233,1.1635818481445312,1
17.164,GOTO,1.293041467666626,0.30842727422714233,1.1635818481445312,1
17.172,GOTO,1.293041467666626,0.30842727422714233,1.1635818481445312,1
17.176,GOTO,1.2917284965515137,0.32502660155296326,1.163837194442749,1
17.18,GOTO,1.2917284965515137,0.32502660155296326,1.163837194442749,1
17.184,GOTO,1.2917284965515137,0.32502660155296326,1.163837194442749,1
17.192,GOTO,1.2908604145050049,0.3362015187740326,1.1640015840530396,1
17.196,GOTO,1.2908604145050049,0.3362015187740326,1.1640015840530396,1
17.2,GOTO,1.2908604145050049,0.3362015187740326,1.1640015840530396,1
17.204,GOTO,1.2908604145050049,0.3362015187740326,1.1640015840530396,1
17.212,GOTO,1.2908604145050049,0.3362015187740326,1.1640015840530396,1
17.216,GOTO,1.2895675897598267,0.3531078100204468,1.1642341613769531,1
17.22,GOTO,1.2895675897598267,0.3531078100204468,1.1642341613769531,1
17.224,GOTO,1.2895675897598267,0.3531078100204468,1.1642341613769531,1
17.232,GOTO,1.2887043952941895,0.36446866393089294,1.164380669593811,1
17.236,GOTO,1.2887043952941895,0.36446866393089294,1.164380669593811,1
17.24,GOTO,1.2887043952941895,0.36446866393089294,1.164380669593811,1
17.244,GOTO,1.2887043952941895,0.36446866393089294,1.164380669593811,1
17.252,GOTO,1.2887043952941895,0.36446866393089294,1.164380669593811,1
17.252,GOTO,1.2874078750610352,0.38161730766296387,1.164595127105713,1
17.252,GOTO,1.2874078750610352,0.38161730766296387,1.164595127105713,1
17.264,GOTO,1.2874078750610352,0.38161730766296387,1.164595127105713,1
17.272,GOTO,1.2874078750610352,0.38161730766296387,1.164595127105713,1
17.276,GOTO,1.2874078750610352,0.38161730766296387,1.164595127105713,1
17.28,GOTO,1.2861199378967285,0.39887601137161255,1.164806842803955,1
17.284,GOTO,1.2861199378967285,0.39887601137161255,1.164806842803955,1
17.292,GOTO,1.2852610349655151,0.4104369878768921,1.164950966835022,1
17.3,GOTO,1.2852610349655151,0.4104369878768921,1.164950966835022,1
17.3,GOTO,1.2852610349655151,0.4104369878768921,1.164950966835022,1
17.3,GOTO,1.2852610349655151,0.4104369878768921,1.164950966835022,1
17.312,GOTO,1.2844007015228271,0.4220266342163086,1.1650898456573486,1
17.312,GOTO,1.2844007015228271,0.4220266342163086,1.1650898456573486,1
17.312,GOTO,1.2844007015228271,0.4220266342163086,1.1650898456573486,1
17.312,GOTO,1.2844007015228271,0.4220266342163086,1.1650898456573486,1
17.332,GOTO,1.2831059694290161,0.4394635558128357,1.1652921438217163,1
17.34,GOTO,1.2831059694290161,0.4394635558128357,1.1652921438217163,1
17.34,GOTO,1.2831059694290161,0.4394635558128357,1.1652921438217163,1
17.344,GOTO,1.2831059694290161,0.4394635558128357,1.1652921438217163,1
17.352,GOTO,1.2831059694290161,0.4394635558128357,1.1652921438217163,1
17.356,GOTO,1.2822402715682983,0.45111018419265747,1.165427327156067,1
17.36,GOTO,1.2822402715682983,0.45111018419265747,1.165427327156067,1
17.364,GOTO,1.2822402715682983,0.45111018419265747,1.165427327156067,1
17.372,GOTO,1.2822402715682983,0.45111018419265747,1.165427327156067,1
17.376,GOTO,1.2809537649154663,0.4685962200164795,1.1656389236450195,1
17.388,GOTO,1.2809537649154663,0.4685962200164795,1.1656389236450195,1
17.396,GOTO,1.2809537649154663,0.4685962200164795,1.1656389236450195,1
17.396,GOTO,1.2809537649154663,0.4685962200164795,1.1656389236450195,1
17.404,GOTO,1.2809537649154663,0.4685962200164795,1.1656389236450195,1
17.408,GOTO,1.2801012992858887,0.4802599549293518,1.1657794713974,1
17.408,GOTO,1.2801012992858887,0.4802599549293518,1.1657794713974,1
17.42,GOTO,1.2801012992858887,0.4802599549293518,1.1657794713974,1
17.424,GOTO,1.2788307666778564,0.4977530241012573,1.1659854650497437,1
17.424,GOTO,1.2788307666778564,0.4977530241012573,1.1659854650497437,1
17.428,GOTO,1.2788307666778564,0.4977530241012573,1.1659854650497437,1
17.436,GOTO,1.2775702476501465,0.5152299404144287,1.16619074344635,1
17.436,GOTO,1.2775702476501465,0.5152299404144287,1.16619074344635,1
17.444,GOTO,1.2775702476501465,0.5152299404144287,1.16619074344635,1
17.444,GOTO,1.2775702476501465,0.5152299404144287,1.16619074344635,1
17.452,GOTO,1.2767322063446045,0.5268620848655701,1.1663235425949097,1
17.456,GOTO,1.2767322063446045,0.5268620848655701,1.1663235425949097,1
17.46,GOTO,1.2767322063446045,0.5268620848655701,1.1663235425949097,1
17.464,GOTO,1.2767322063446045,0.5268620848655701,1.1663235425949097,1
17.472,GOTO,1.2758982181549072,0.538481593132019,1.1664607524871826,1
17.476,GOTO,1.2758982181549072,0.538481593132019,1.1664607524871826,1
17.476,GOTO,1.2758982181549072,0.538481593132019,1.1664607524871826,1
17.484,GOTO,1.2758982181549072,0.538481593132019,1.1664607524871826,1
17.492,GOTO,1.2758982181549072,0.538481593132019,1.1664607524871826,1
17.496,GOTO,1.2758982181549072,0.538481593132019,1.1664607524871826,1
17.5,GOTO,1.2758982181549072,0.538481593132019,1.1664607524871826,1
17.508,GOTO,1.2746502161026,0.5558849573135376,1.1666772365570068,1
17.508,GOTO,1.2738159894943237,0.5674527287483215,1.1668261289596558,1
17.52,GOTO,1.2738159894943237,0.5674527287483215,1.1668261289596558,1
17.52,GOTO,1.2738159894943237,0.5674527287483215,1.1668261289596558,1
17.524,GOTO,1.2738159894943237,0.5674527287483215,1.1668261289596558,1
17.532,GOTO,1.2738159894943237,0.5674527287483215,1.1668261289596558,1
17.532,GOTO,1.2725664377212524,0.5847380757331848,1.1670582294464111,1
17.54,GOTO,1.2725664377212524,0.5847380757331848,1.1670582294464111,1
17.544,GOTO,1.2725664377212524,0.5847380757331848,1.1670582294464111,1
17.552,GOTO,1.2712939977645874,0.5959315299987793,1.1672582626342773,1
17.556,GOTO,1.2712939977645874,0.5959315299987793,1.1672582626342773,1
17.56,GOTO,1.2712939977645874,0.5959315299987793,1.1672582626342773,1
17.564,GOTO,1.2712939977645874,0.5959315299987793,1.1672582626342773,1
17.572,GOTO,1.2694405317306519,0.6126584410667419,1.1675482988357544,1
17.576,GOTO,1.2694405317306519,0.6126584410667419,1.1675482988357544,1
17.58,GOTO,1.2694405317306519,0.6126584410667419,1.1675482988357544,1
17.58,GOTO,1.2694405317306519,0.6126584410667419,1.1675482988357544,1
17.592,GOTO,1.2682313919067383,0.6237704753875732,1.1677374839782715,1
17.596,GOTO,1.2682313919067383,0.6237704753875732,1.1677374839782715,1
17.6,GOTO,1.2682313919067383,0.6237704753875732,1.1677374839782715,1
17.604,GOTO,1.2682313919067383,0.6237704753875732,1.1677374839782715,1
17.608,GOTO,1.2664581537246704,0.6403809785842896,1.1680171489715576,1
17.616,GOTO,1.2664581537246704,0.6403809785842896,1.1680171489715576,1
17.616,GOTO,1.2664581537246704,0.6403809785842896,1.1680171489715576,1
17.624,GOTO,1.2664581537246704,0.6403809785842896,1.1680171489715576,1
17.632,GOTO,1.2647286653518677,0.6568930745124817,1.168282389640808,1
17.636,GOTO,1.2647286653518677,0.6568930745124817,1.168282389640808,1
17.64,GOTO,1.2647286653518677,0.6568930745124817,1.168282389640808,1
17.644,GOTO,1.2647286653518677,0.6568930745124817,1.168282389640808,1
17.652,GOTO,1.263599157333374,0.6678314805030823,1.1684541702270508,1
17.656,GOTO,1.263599157333374,0.6678314805030823,1.1684541702270508,1
17.656,GOTO,1.263599157333374,0.6678314805030823,1.1684541702270508,1
17.664,GOTO,1.263599157333374,0.6678314805030823,1.1684541702270508,1
17.672,GOTO,1.2619366645812988,0.684118390083313,1.1687028408050537,1
17.676,GOTO,1.2619366645812988,0.684118390083313,1.1687028408050537,1
17.676,GOTO,1.2619366645812988,0.684118390083313,1.1687028408050537,1
17.676,GOTO,1.2619366645812988,0.684118390083313,1.1687028408050537,1
17.68,GOTO,1.2619366645812988,0.684118390083313,1.1687028408050537,1
17.68,GOTO,1.2608458995819092,0.6948990225791931,1.168861985206604,1
17.68,GOTO,1.2608458995819092,0.6948990225791931,1.168861985206604,1
17.704,GOTO,1.2608458995819092,0.6948990225791931,1.168861985206604,1
17.712,GOTO,1.2592487335205078,0.7109390497207642,1.1690984964370728,1
17.716,GOTO,1.2592487335205078,0.7109390497207642,1.1690984964370728,1
17.716,GOTO,1.2592487335205078,0.7109390497207642,1.1690984964370728,1
17.716,GOTO,1.2592487335205078,0.7109390497207642,1.1690984964370728,1
17.732,GOTO,1.2582048177719116,0.7215538620948792,1.1692510843276978,1
17.736,GOTO,1.2582048177719116,0.7215538620948792,1.1692510843276978,1
17.74,GOTO,1.2582048177719116,0.7215538620948792,1.1692510843276978,1
17.744,GOTO,1.2582048177719116,0.7215538620948792,1.1692510843276978,1
17.752,GOTO,1.2571746110916138,0.7321065664291382,1.169399380683899,1
17.756,GOTO,1.2571746110916138,0.7321065664291382,1.169399380683899,1
17.756,GOTO,1.2571746110916138,0.7321065664291382,1.169399380683899,1
17.756,GOTO,1.2571746110916138,0.7321065664291382,1.169399380683899,1
17.768,GOTO,1.2556625604629517,0.7477998733520508,1.1696255207061768,1
17.768,GOTO,1.2556625604629517,0.7477998733520508,1.1696255207061768,1
17.78,GOTO,1.2556625604629517,0.7477998733520508,1.1696255207061768,1
17.788,GOTO,1.2556625604629517,0.7477998733520508,1.1696255207061768,1
17.792,GOTO,1.2556625604629517,0.7477998733520508,1.1696255207061768,1
17.792,GOTO,1.2546756267547607,0.7581753730773926,1.169779896736145,1
17.792,GOTO,1.2546756267547607,0.7581753730773926,1.169779896736145,1
17.804,GOTO,1.2546756267547607,0.7581753730773926,1.169779896736145,1
17.812,GOTO,1.2532293796539307,0.7735995650291443,1.170004963874817,1
17.82,GOTO,1.2532293796539307,0.7735995650291443,1.170004963874817,1
17.824,GOTO,1.2532293796539307,0.7735995650291443,1.170004963874817,1
17.824,GOTO,1.2532293796539307,0.7735995650291443,1.170004963874817,1
17.832,GOTO,1.2522921562194824,0.7837827205657959,1.1701539754867554,1
17.836,GOTO,1.2522921562194824,0.7837827205657959,1.1701539754867554,1
17.84,GOTO,1.2522921562194824,0.7837827205657959,1.1701539754867554,1
17.844,GOTO,1.2522921562194824,0.7837827205657959,1.1701539754867554,1
17.852,GOTO,1.2509143352508545,0.7989098429679871,1.1703648567199707,1
17.856,GOTO,1.2509143352508545,0.7989098429679871,1.1703648567199707,1
17.856,GOTO,1.2509143352508545,0.7989098429679871,1.1703648567199707,1
17.864,GOTO,1.2509143352508545,0.7989098429679871,1.1703648567199707,1
17.872,GOTO,1.2495750188827515,0.8138394355773926,1.1705619096755981,1
17.876,GOTO,1.2495750188827515,0.8138394355773926,1.1705619096755981,1
17.88,GOTO,1.2495750188827515,0.8138394355773926,1.1705619096755981,1
17.884,GOTO,1.2495750188827515,0.8138394355773926,1.1705619096755981,1
17.892,GOTO,1.2487019300460815,0.8236872553825378,1.170694351196289,1
17.892,GOTO,1.2487019300460815,0.8236872553825378,1.170694351196289,1
17.892,GOTO,1.2487019300460815,0.8236872553825378,1.170694351196289,1
17.904,GOTO,1.2487019300460815,0.8236872553825378,1.170694351196289,1
17.916,GOTO,1.2478440999984741,0.8334479331970215,1.1708251237869263,1
17.916,GOTO,1.2478440999984741,0.8334479331970215,1.1708251237869263,1
17.92,GOTO,1.2478440999984741,0.8334479331970215,1.1708251237869263,1
17.92,GOTO,1.2478440999984741,0.8334479331970215,1.1708251237869263,1
17.932,GOTO,1.246585488319397,0.8479122519493103,1.171016812324524,1
17.936,GOTO,1.246585488319397,0.8479122519493103,1.171016812324524,1
17.94,GOTO,1.246585488319397,0.8479122519493103,1.171016812324524,1
17.944,GOTO,1.246585488319397,0.8479122519493103,1.171016812324524,1
17.951999999999998,GOTO,1.2453043460845947,0.8572357892990112,1.1711747646331787,1
17.956,GOTO,1.2453043460845947,0.8572357892990112,1.1711747646331787,1
17.956,GOTO,1.2453043460845947,0.8572357892990112,1.1711747646331787,1
17.956,GOTO,1.2453043460845947,0.8572357892990112,1.1711747646331787,1
17.976,GOTO,1.2434531450271606,0.87105792760849,1.171401858329773,1
17.98,GOTO,1.2434531450271606,0.87105792760849,1.171401858329773,1
17.98,GOTO,1.2434531450271606,0.87105792760849,1.171401858329773,1
17.988,GOTO,1.2434531450271606,0.87105792760849,1.171401858329773,1
17.988,GOTO,1.2422659397125244,0.8801577687263489,1.1715551614761353,1
17.988,GOTO,1.2422659397125244,0.8801577687263489,1.1715551614761353,1
17.988,GOTO,1.2422659397125244,0.8801577687263489,1.1715551614761353,1
18.004,GOTO,1.2422659397125244,0.8801577687263489,1.1715551614761353,1
18.012,GOTO,1.2422659397125244,0.8801577687263489,1.1715551614761353,1
18.016,GOTO,1.2422659397125244,0.8801577687263489,1.1715551614761353,1
18.024,GOTO,1.2405505180358887,0.8936324119567871,1.1717846393585205,1
18.024,GOTO,1.2405505180358887,0.8936324119567871,1.1717846393585205,1
18.032,GOTO,1.2394477128982544,0.9025064706802368,1.1719298362731934,1
18.036,GOTO,1.2394477128982544,0.9025064706802368,1.1719298362731934,1
18.04,GOTO,1.2394477128982544,0.9025064706802368,1.1719298362731934,1
18.044,GOTO,1.2394477128982544,0.9025064706802368,1.1719298362731934,1
18.052,GOTO,1.2378582954406738,0.9156433343887329,1.1721328496932983,1
18.056,GOTO,1.2378582954406738,0.9156433343887329,1.1721328496932983,1
18.06,GOTO,1.2378582954406738,0.9156433343887329,1.1721328496932983,1
18.064,GOTO,1.2378582954406738,0.9156433343887329,1.1721328496932983,1
18.072,GOTO,1.2368431091308594,0.9242802858352661,1.1722643375396729,1
18.076,GOTO,1.2368431091308594,0.9242802858352661,1.1722643375396729,1
18.084,GOTO,1.2368431091308594,0.9242802858352661,1.1722643375396729,1
18.088,GOTO,1.2368431091308594,0.9242802858352661,1.1722643375396729,1
18.096,GOTO,1.2353864908218384,0.9370471835136414,1.1724542379379272,1
18.1,GOTO,1.2353864908218384,0.9370471835136414,1.1724542379379272,1
18.108,GOTO,1.2353864908218384,0.9370471835136414,1.1724542379379272,1
18.108,GOTO,1.2353864908218384,0.9370471835136414,1.1724542379379272,1
18.108,GOTO,1.2339885234832764,0.9495902061462402,1.1726380586624146,1
18.12,GOTO,1.2339885234832764,0.9495902061462402,1.1726380586624146,1
18.124,GOTO,1.2339885234832764,0.9495902061462402,1.1726380586624146,1
18.128,GOTO,1.2339885234832764,0.9495902061462402,1.1726380586624146,1
18.132,GOTO,1.233091115951538,0.9578271508216858,1.1727654933929443,1
18.136,GOTO,1.233091115951538,0.9578271508216858,1.1727654933929443,1
18.14,WAIT_WP,1.233091115951538,0.9578271508216858,1.1727654933929443,1
18.144,WAIT_WP,1.233091115951538,0.9578271508216858,1.1727654933929443,1
18.152,WAIT_WP,1.232218623161316,0.9659680128097534,1.1728956699371338,1
18.152,WAIT_WP,1.232218623161316,0.9659680128097534,1.1728956699371338,1
18.152,WAIT_WP,1.232218623161316,0.9659680128097534,1.1728956699371338,1
18.152,WAIT_WP,1.232218623161316,0.9659680128097534,1.1728956699371338,1
18.172,WAIT_WP,1.2309554815292358,0.9779864549636841,1.1730973720550537,1
18.176,WAIT_WP,1.2309554815292358,0.9779864549636841,1.1730973720550537,1
18.18,WAIT_WP,1.2309554815292358,0.9779864549636841,1.1730973720550537,1
18.188,WAIT_WP,1.2309554815292358,0.9779864549636841,1.1730973720550537,1
18.192,WAIT_WP,1.2297508716583252,0.9897664785385132,1.1732922792434692,1
18.192,WAIT_WP,1.2297508716583252,0.9897664785385132,1.1732922792434692,1
18.192,WAIT_WP,1.2297508716583252,0.9897664785385132,1.1732922792434692,1
18.192,WAIT_WP,1.2297508716583252,0.9897664785385132,1.1732922792434692,1
18.212,WAIT_WP,1.2297508716583252,0.9897664785385132,1.1732922792434692,1
18.212,WAIT_WP,1.2297508716583252,0.9897664785385132,1.1732922792434692,1
18.22,WAIT_WP,1.2289760112762451,0.997490406036377,1.1734187602996826,1
18.224,WAIT_WP,1.2289760112762451,0.997490406036377,1.1734187602996826,1
18.232,WAIT_WP,1.2282265424728394,1.0051175355911255,1.1735478639602661,1
18.236,WAIT_WP,1.2282265424728394,1.0051175355911255,1.1735478639602661,1
18.24,WAIT_WP,1.2282265424728394,1.0051175355911255,1.1735478639602661,1
18.244,WAIT_WP,1.2282265424728394,1.0051175355911255,1.1735478639602661,1
18.26,WAIT_WP,1.2271456718444824,1.0163581371307373,1.1737399101257324,1
18.26,WAIT_WP,1.2271456718444824,1.0163581371307373,1.1737399101257324,1
18.268,WAIT_WP,1.2271456718444824,1.0163581371307373,1.1737399101257324,1
18.268,WAIT_WP,1.2271456718444824,1.0163581371307373,1.1737399101257324,1
18.268,WAIT_WP,1.2264536619186401,1.023726463317871,1.173874855041504,1
18.268,WAIT_WP,1.2264536619186401,1.023726463317871,1.173874855041504,1
18.268,WAIT_WP,1.2264536619186401,1.023726463317871,1.173874855041504,1
18.272,WAIT_WP,1.2264536619186401,1.023726463317871,1.173874855041504,1
18.292,WAIT_WP,1.225459098815918,1.0345793962478638,1.1740878820419312,1
18.3,WAIT_WP,1.225459098815918,1.0345793962478638,1.1740878820419312,1
18.3,WAIT_WP,1.225459098815918,1.0345793962478638,1.1740878820419312,1
18.3,WAIT_WP,1.225459098815918,1.0345793962478638,1.1740878820419312,1
18.312,WAIT_WP,1.225459098815918,1.0345793962478638,1.1740878820419312,1
18.316,WAIT_WP,1.2245125770568848,1.045186996459961,1.174302101135254,1
18.32,WAIT_WP,1.2245125770568848,1.045186996459961,1.174302101135254,1
18.324,WAIT_WP,1.2245125770568848,1.045186996459961,1.174302101135254,1
18.332,WAIT_WP,1.2239048480987549,1.0521224737167358,1.174437403678894,1
18.336,WAIT_WP,1.2239048480987549,1.0521224737167358,1.174437403678894,1
18.34,WAIT_WP,1.2239048480987549,1.0521224737167358,1.174437403678894,1
18.344,WAIT_WP,1.2239048480987549,1.0521224737167358,1.174437403678894,1
18.36,WAIT_WP,1.222829818725586,1.0587795972824097,1.174631118774414,1
18.364,WAIT_WP,1.222829818725586,1.0587795972824097,1.174631118774414,1
18.364,WAIT_WP,1.222829818725586,1.0587795972824097,1.174631118774414,1
18.364,WAIT_WP,1.222829818725586,1.0587795972824097,1.174631118774414,1
18.376,WAIT_WP,1.2212846279144287,1.0685806274414062,1.1749093532562256,1
18.376,WAIT_WP,1.2212846279144287,1.0685806274414062,1.1749093532562256,1
18.376,WAIT_WP,1.2212846279144287,1.0685806274414062,1.1749093532562256,1
18.376,WAIT_WP,1.2212846279144287,1.0685806274414062,1.1749093532562256,1
18.392,WAIT_WP,1.2202932834625244,1.0749852657318115,1.17509126663208,1
18.396,WAIT_WP,1.2202932834625244,1.0749852657318115,1.17509126663208,1
18.4,WAIT_WP,1.2202932834625244,1.0749852657318115,1.17509126663208,1
18.4,WAIT_WP,1.2202932834625244,1.0749852657318115,1.17509126663208,1
18.412,WAIT_WP,1.2188818454742432,1.0843919515609741,1.1753572225570679,1
18.416,WAIT_WP,1.2188818454742432,1.0843919515609741,1.1753572225570679,1
18.42,WAIT_WP,1.2188818454742432,1.0843919515609741,1.1753572225570679,1
18.424,WAIT_WP,1.2188818454742432,1.0843919515609741,1.1753572225570679,1
18.432,WAIT_WP,1.217981219291687,1.0905396938323975,1.1755297183990479,1
18.436,WAIT_WP,1.217981219291687,1.0905396938323975,1.1755297183990479,1
18.44,WAIT_WP,1.217981219291687,1.0905396938323975,1.1755297183990479,1
18.444,WAIT_WP,1.217981219291687,1.0905396938323975,1.1755297183990479,1
18.452,WAIT_WP,1.2166929244995117,1.0995688438415527,1.1757830381393433,1
18.456,WAIT_WP,1.2166929244995117,1.0995688438415527,1.1757830381393433,1
18.46,WAIT_WP,1.2166929244995117,1.0995688438415527,1.1757830381393433,1
18.464,WAIT_WP,1.2166929244995117,1.0995688438415527,1.1757830381393433,1
18.472,WAIT_WP,1.215868592262268,1.1054670810699463,1.1759486198425293,1
18.476,WAIT_WP,1.215868592262268,1.1054670810699463,1.1759486198425293,1
18.48,WAIT_WP,1.215868592262268,1.1054670810699463,1.1759486198425293,1
18.484,WAIT_WP,1.215868592262268,1.1054670810699463,1.1759486198425293,1
18.492,WAIT_WP,1.214694857597351,1.1141308546066284,1.1761934757232666,1
18.496,WAIT_WP,1.214694857597351,1.1141308546066284,1.1761934757232666,1
18.5,WAIT_WP,1.214694857597351,1.1141308546066284,1.1761934757232666,1
18.504,WAIT_WP,1.214694857597351,1.1141308546066284,1.1761934757232666,1
18.512,WAIT_WP,1.2139452695846558,1.1197841167449951,1.1763498783111572,1
18.516,WAIT_WP,1.2139452695846558,1.1197841167449951,1.1763498783111572,1
18.52,WAIT_WP,1.2139452695846558,1.1197841167449951,1.1763498783111572,1
18.524,WAIT_WP,1.2139452695846558,1.1197841167449951,1.1763498783111572,1
18.532,WAIT_WP,1.2128759622573853,1.1280831098556519,1.1765748262405396,1
18.536,WAIT_WP,1.2128759622573853,1.1280831098556519,1.1765748262405396,1
18.54,WAIT_WP,1.2128759622573853,1.1280831098556519,1.1765748262405396,1
18.544,WAIT_WP,1.2128759622573853,1.1280831098556519,1.1765748262405396,1
18.552,WAIT_WP,1.212202548980713,1.1334996223449707,1.1767181158065796,1
18.556,WAIT_WP,1.212202548980713,1.1334996223449707,1.1767181158065796,1
18.56,WAIT_WP,1.212202548980713,1.1334996223449707,1.1767181158065796,1
18.564,WAIT_WP,1.212202548980713,1.1334996223449707,1.1767181158065796,1
18.572,WAIT_WP,1.2112425565719604,1.1414352655410767,1.1769253015518188,1
18.576,WAIT_WP,1.2112425565719604,1.1414352655410767,1.1769253015518188,1
18.58,WAIT_WP,1.2112425565719604,1.1414352655410767,1.1769253015518188,1
18.584,WAIT_WP,1.2112425565719604,1.1414352655410767,1.1769253015518188,1
18.592,WAIT_WP,1.2106335163116455,1.1466059684753418,1.1770663261413574,1
18.596,WAIT_WP,1.2106335163116455,1.1466059684753418,1.1770663261413574,1
18.6,WAIT_WP,1.2106335163116455,1.1466059684753418,1.1770663261413574,1
18.604,WAIT_WP,1.2106335163116455,1.1466059684753418,1.1770663261413574,1
18.612,WAIT_WP,1.2097666263580322,1.1541731357574463,1.1772809028625488,1
18.616,WAIT_WP,1.2097666263580322,1.1541731357574463,1.1772809028625488,1
18.62,WAIT_WP,1.2097666263580322,1.1541731357574463,1.1772809028625488,1
18.624,WAIT_WP,1.2097666263580322,1.1541731357574463,1.1772809028625488,1
18.632,WAIT_WP,1.2092183828353882,1.1590975522994995,1.1774224042892456,1
18.636,WAIT_WP,1.2092183828353882,1.1590975522994995,1.1774224042892456,1
18.64,WAIT_WP,1.2092183828353882,1.1590975522994995,1.1774224042892456,1
18.644,WAIT_WP,1.2092183828353882,1.1590975522994995,1.1774224042892456,1
18.652,WAIT_WP,1.2084470987319946,1.1662940979003906,1.1776281595230103,1
18.656,WAIT_WP,1.2084470987319946,1.1662940979003906,1.1776281595230103,1
18.66,WAIT_WP,1.2084470987319946,1.1662940979003906,1.1776281595230103,1
18.664,WAIT_WP,1.2084470987319946,1.1662940979003906,1.1776281595230103,1
18.672,WAIT_WP,1.2079607248306274,1.1709740161895752,1.1777598857879639,1
18.676,WAIT_WP,1.2079607248306274,1.1709740161895752,1.1777598857879639,1
18.68,WAIT_WP,1.2079607248306274,1.1709740161895752,1.1777598857879639,1
18.684,WAIT_WP,1.2079607248306274,1.1709740161895752,1.1777598857879639,1
18.692,WAIT_WP,1.2072681188583374,1.1778175830841064,1.1779483556747437,1
18.696,WAIT_WP,1.2072681188583374,1.1778175830841064,1.1779483556747437,1
18.7,WAIT_WP,1.2072681188583374,1.1778175830841064,1.1779483556747437,1
18.704,WAIT_WP,1.2072681188583374,1.1778175830841064,1.1779483556747437,1
18.712,WAIT_WP,1.2068284749984741,1.1822665929794312,1.1780726909637451,1
18.712,WAIT_WP,1.2068284749984741,1.1822665929794312,1.1780726909637451,1
18.716,WAIT_WP,1.2068284749984741,1.1822665929794312,1.1780726909637451,1
18.724,WAIT_WP,1.2068284749984741,1.1822665929794312,1.1780726909637451,1
18.732,WAIT_WP,1.2062050104141235,1.1887532472610474,1.1782602071762085,1
18.736,WAIT_WP,1.2062050104141235,1.1887532472610474,1.1782602071762085,1
18.74,WAIT_WP,1.2062050104141235,1.1887532472610474,1.1782602071762085,1
18.744,WAIT_WP,1.2062050104141235,1.1887532472610474,1.1782602071762085,1
18.752,WAIT_WP,1.2053364515304565,1.192810297012329,1.1784688234329224,1
18.756,WAIT_WP,1.2053364515304565,1.192810297012329,1.1784688234329224,1
18.76,WAIT_WP,1.2053364515304565,1.192810297012329,1.1784688234329224,1
18.764,WAIT_WP,1.2053364515304565,1.192810297012329,1.1784688234329224,1
18.772,WAIT_WP,1.204122543334961,1.1987334489822388,1.1787766218185425,1
18.776,WAIT_WP,1.204122543334961,1.1987334489822388,1.1787766218185425,1
18.78,WAIT_WP,1.204122543334961,1.1987334489822388,1.1787766218185425,1
18.784,WAIT_WP,1.204122543334961,1.1987334489822388,1.1787766218185425,1
18.792,WAIT_WP,1.2033601999282837,1.202579140663147,1.178972840309143,1
18.796,WAIT_WP,1.2033601999282837,1.202579140663147,1.178972840309143,1
18.8,WAIT_WP,1.2033601999282837,1.202579140663147,1.178972840309143,1
18.804,WAIT_WP,1.2033601999282837,1.202579140663147,1.178972840309143,1
18.812,WAIT_WP,1.2022877931594849,1.208195686340332,1.1792558431625366,1
18.816,WAIT_WP,1.2022877931594849,1.208195686340332,1.1792558431625366,1
18.82,WAIT_WP,1.2022877931594849,1.208195686340332,1.1792558431625366,1
18.824,WAIT_WP,1.2022877931594849,1.208195686340332,1.1792558431625366,1
18.832,WAIT_WP,1.2016080617904663,1.2118386030197144,1.1794443130493164,1
18.836,WAIT_WP,1.2016080617904663,1.2118386030197144,1.1794443130493164,1
18.84,WAIT_WP,1.2016080617904663,1.2118386030197144,1.1794443130493164,1
18.844,WAIT_WP,1.2016080617904663,1.2118386030197144,1.1794443130493164,1
18.852,WAIT_WP,1.2006431818008423,1.2171427011489868,1.1797165870666504,1
18.856,WAIT_WP,1.2006431818008423,1.2171427011489868,1.1797165870666504,1
18.86,WAIT_WP,1.2006431818008423,1.2171427011489868,1.1797165870666504,1
18.864,WAIT_WP,1.2006431818008423,1.2171427011489868,1.1797165870666504,1
18.872,WAIT_WP,1.2000280618667603,1.2205772399902344,1.179887056350708,1
18.876,WAIT_WP,1.2000280618667603,1.2205772399902344,1.179887056350708,1
18.88,WAIT_WP,1.2000280618667603,1.2205772399902344,1.179887056350708,1
18.884,WAIT_WP,1.2000280618667603,1.2205772399902344,1.179887056350708,1
18.892,WAIT_WP,1.1991527080535889,1.2255797386169434,1.1801366806030273,1
18.896,WAIT_WP,1.1991527080535889,1.2255797386169434,1.1801366806030273,1
18.9,WAIT_WP,1.1991527080535889,1.2255797386169434,1.1801366806030273,1
18.904,WAIT_WP,1.1991527080535889,1.2255797386169434,1.1801366806030273,1
18.912,WAIT_WP,1.1985973119735718,1.2288154363632202,1.180295705795288,1
18.916,WAIT_WP,1.1985973119735718,1.2288154363632202,1.180295705795288,1
18.92,WAIT_WP,1.1985973119735718,1.2288154363632202,1.180295705795288,1
18.924,WAIT_WP,1.1985973119735718,1.2288154363632202,1.180295705795288,1
18.932,WAIT_WP,1.1978139877319336,1.2335103750228882,1.180522084236145,1
18.936,WAIT_WP,1.1978139877319336,1.2335103750228882,1.180522084236145,1
18.94,WAIT_WP,1.1978139877319336,1.2335103750228882,1.180522084236145,1
18.944,WAIT_WP,1.1978139877319336,1.2335103750228882,1.180522084236145,1
18.951999999999998,WAIT_WP,1.1973187923431396,1.2365367412567139,1.1806745529174805,1
18.956,WAIT_WP,1.1973187923431396,1.2365367412567139,1.1806745529174805,1
18.96,WAIT_WP,1.1973187923431396,1.2365367412567139,1.1806745529174805,1
18.96,WAIT_WP,1.1973187923431396,1.2365367412567139,1.1806745529174805,1
18.972,WAIT_WP,1.1966164112091064,1.240925669670105,1.1809000968933105,1
18.976,WAIT_WP,1.1966164112091064,1.240925669670105,1.1809000968933105,1
18.98,WAIT_WP,1.1966164112091064,1.240925669670105,1.1809000968933105,1
18.984,WAIT_WP,1.1966164112091064,1.240925669670105,1.1809000968933105,1
18.992,WAIT_WP,1.196181297302246,1.24375581741333,1.1810472011566162,1
18.996,WAIT_WP,1.196181297302246,1.24375581741333,1.1810472011566162,1
18.996,WAIT_WP,1.196181297302246,1.24375581741333,1.1810472011566162,1
19.004,WAIT_WP,1.196181297302246,1.24375581741333,1.1810472011566162,1
19.012,WAIT_WP,1.1955736875534058,1.2478545904159546,1.1812576055526733,1
19.016,WAIT_WP,1.1955736875534058,1.2478545904159546,1.1812576055526733,1
19.02,WAIT_WP,1.1955736875534058,1.2478545904159546,1.1812576055526733,1
19.024,WAIT_WP,1.1955736875534058,1.2478545904159546,1.1812576055526733,1
19.032,WAIT_WP,1.1952043771743774,1.2504899501800537,1.1813911199569702,1
19.036,WAIT_WP,1.1952043771743774,1.2504899501800537,1.1813911199569702,1
19.04,WAIT_WP,1.1952043771743774,1.2504899501800537,1.1813911199569702,1
19.044,WAIT_WP,1.1952043771743774,1.2504899501800537,1.1813911199569702,1
19.052,WAIT_WP,1.1946916580200195,1.2542973756790161,1.1816033124923706,1
19.056,WAIT_WP,1.1946916580200195,1.2542973756790161,1.1816033124923706,1
19.06,WAIT_WP,1.1946916580200195,1.2542973756790161,1.1816033124923706,1
19.064,WAIT_WP,1.1946916580200195,1.2542973756790161,1.1816033124923706,1
19.072,WAIT_WP,1.1943795680999756,1.2567353248596191,1.1817445755004883,1
19.076,WAIT_WP,1.1943795680999756,1.2567353248596191,1.1817445755004883,1
19.08,WAIT_WP,1.1943795680999756,1.2567353248596191,1.1817445755004883,1
19.084,WAIT_WP,1.1943795680999756,1.2567353248596191,1.1817445755004883,1
19.092,WAIT_WP,1.193953275680542,1.260254144668579,1.1819461584091187,1
19.096,WAIT_WP,1.193953275680542,1.260254144668579,1.1819461584091187,1
19.1,WAIT_WP,1.193953275680542,1.260254144668579,1.1819461584091187,1
19.104,WAIT_WP,1.193953275680542,1.260254144668579,1.1819461584091187,1
19.112,WAIT_WP,1.193697452545166,1.2625128030776978,1.1820733547210693,1
19.116,WAIT_WP,1.193697452545166,1.2625128030776978,1.1820733547210693,1
19.12,WAIT_WP,1.193697452545166,1.2625128030776978,1.1820733547210693,1
19.124,WAIT_WP,1.193697452545166,1.2625128030776978,1.1820733547210693,1
19.132,WAIT_WP,1.1933529376983643,1.2657705545425415,1.182258129119873,1
19.136,WAIT_WP,1.1933529376983643,1.2657705545425415,1.182258129119873,1
19.136,WAIT_WP,1.1933529376983643,1.2657705545425415,1.182258129119873,1
19.144,WAIT_WP,1.1933529376983643,1.2657705545425415,1.182258129119873,1
19.152,GOTO,1.1926883459091187,1.2675774097442627,1.1824610233306885,1
19.156,GOTO,1.1926883459091187,1.2675774097442627,1.1824610233306885,1
19.16,GOTO,1.1926883459091187,1.2675774097442627,1.1824610233306885,1
19.164,GOTO,1.1926883459091187,1.2675774097442627,1.1824610233306885,1
19.172,GOTO,1.191768765449524,1.270178198814392,1.182755708694458,1
19.176,GOTO,1.191768765449524,1.270178198814392,1.182755708694458,1
19.18,GOTO,1.191768765449524,1.270178198814392,1.182755708694458,1
19.184,GOTO,1.191768765449524,1.270178198814392,1.182755708694458,1
19.192,GOTO,1.191198706626892,1.2718364000320435,1.1829460859298706,1
19.196,GOTO,1.191198706626892,1.2718364000320435,1.1829460859298706,1
19.2,GOTO,1.191198706626892,1.2718364000320435,1.1829460859298706,1
19.204,GOTO,1.191198706626892,1.2718364000320435,1.1829460859298706,1
19.212,GOTO,1.190409779548645,1.2742210626602173,1.1832144260406494,1
19.216,GOTO,1.190409779548645,1.2742210626602173,1.1832144260406494,1
19.22,GOTO,1.190409779548645,1.2742210626602173,1.1832144260406494,1
19.224,GOTO,1.190409779548645,1.2742210626602173,1.1832144260406494,1
19.232,GOTO,1.1899229288101196,1.2757394313812256,1.1833860874176025,1
19.236,GOTO,1.1899229288101196,1.2757394313812256,1.1833860874176025,1
19.24,GOTO,1.1899229288101196,1.2757394313812256,1.1833860874176025,1
19.244,GOTO,1.1899229288101196,1.2757394313812256,1.1833860874176025,1
19.252,GOTO,1.189246654510498,1.2779159545898438,1.1836674213409424,1
19.256,GOTO,1.189246654510498,1.2779159545898438,1.1836674213409424,1
19.26,GOTO,1.189246654510498,1.2779159545898438,1.1836674213409424,1
19.264,GOTO,1.189246654510498,1.2779159545898438,1.1836674213409424,1
19.272,GOTO,1.1887764930725098,1.2792946100234985,1.184028148651123,1
19.276,GOTO,1.1887764930725098,1.2792946100234985,1.184028148651123,1
19.28,GOTO,1.1887764930725098,1.2792946100234985,1.184028148651123,1
19.284,GOTO,1.1887764930725098,1.2792946100234985,1.184028148651123,1
19.292,GOTO,1.1879445314407349,1.2812665700912476,1.1849370002746582,1
19.296,GOTO,1.1879445314407349,1.2812665700912476,1.1849370002746582,1
19.3,GOTO,1.1879445314407349,1.2812665700912476,1.1849370002746582,1
19.304,GOTO,1.1879445314407349,1.2812665700912476,1.1849370002746582,1
19.312,GOTO,1.1872755289077759,1.2825151681900024,1.185743808746338,1
19.316,GOTO,1.1872755289077759,1.2825151681900024,1.185743808746338,1
19.32,GOTO,1.1872755289077759,1.2825151681900024,1.185743808746338,1
19.324,GOTO,1.1872755289077759,1.2825151681900024,1.185743808746338,1
19.332,GOTO,1.1860573291778564,1.2842918634414673,1.187174677848816,1
19.336,GOTO,1.1860573291778564,1.2842918634414673,1.187174677848816,1
19.34,GOTO,1.1860573291778564,1.2842918634414673,1.187174677848816,1
19.344,GOTO,1.1860573291778564,1.2842918634414673,1.187174677848816,1
19.352,GOTO,1.1850676536560059,1.285416603088379,1.1882343292236328,1
19.356,GOTO,1.1850676536560059,1.285416603088379,1.1882343292236328,1
19.36,GOTO,1.1850676536560059,1.285416603088379,1.1882343292236328,1
19.364,GOTO,1.1850676536560059,1.285416603088379,1.1882343292236328,1
19.372,GOTO,1.1832313537597656,1.2870192527770996,1.1898871660232544,1
19.376,GOTO,1.1832313537597656,1.2870192527770996,1.1898871660232544,1
19.38,GOTO,1.1832313537597656,1.2870192527770996,1.1898871660232544,1
19.384,GOTO,1.1832313537597656,1.2870192527770996,1.1898871660232544,1
19.392,GOTO,1.181717038154602,1.2880300283432007,1.1909879446029663,1
19.396,GOTO,1.181717038154602,1.2880300283432007,1.1909879446029663,1
19.4,GOTO,1.181717038154602,1.2880300283432007,1.1909879446029663,1
19.404,GOTO,1.181717038154602,1.2880300283432007,1.1909879446029663,1
19.412,GOTO,1.1789147853851318,1.2894494533538818,1.192588210105896,1
19.416,GOTO,1.1789147853851318,1.2894494533538818,1.192588210105896,1
19.42,GOTO,1.1789147853851318,1.2894494533538818,1.192588210105896,1
19.424,GOTO,1.1789147853851318,1.2894494533538818,1.192588210105896,1
19.432,GOTO,1.1766551733016968,1.29033362865448,1.1935914754867554,1
19.436,GOTO,1.1766551733016968,1.29033362865448,1.1935914754867554,1
19.44,GOTO,1.1766551733016968,1.29033362865448,1.1935914754867554,1
19.444,GOTO,1.1766551733016968,1.29033362865448,1.1935914754867554,1
19.452,GOTO,1.1726078987121582,1.2915619611740112,1.1949666738510132,1
19.456,GOTO,1.1726078987121582,1.2915619611740112,1.1949666738510132,1
19.46,GOTO,1.1726078987121582,1.2915619611740112,1.1949666738510132,1
19.464,GOTO,1.1726078987121582,1.2915619611740112,1.1949666738510132,1
19.472,GOTO,1.1694409847259521,1.292325735092163,1.1957802772521973,1
19.476,GOTO,1.1694409847259521,1.292325735092163,1.1957802772521973,1
19.48,GOTO,1.1694409847259521,1.292325735092163,1.1957802772521973,1
19.484,GOTO,1.1694409847259521,1.292325735092163,1.1957802772521973,1
19.492,GOTO,1.163945198059082,1.2933926582336426,1.1968317031860352,1
19.496,GOTO,1.163945198059082,1.2933926582336426,1.1968317031860352,1
19.5,GOTO,1.163945198059082,1.2933926582336426,1.1968317031860352,1
19.504,GOTO,1.163945198059082,1.2933926582336426,1.1968317031860352,1
19.512,GOTO,1.1597803831100464,1.2940540313720703,1.1974176168441772,1
19.516,GOTO,1.1597803831100464,1.2940540313720703,1.1974176168441772,1
19.52,GOTO,1.1597803831100464,1.2940540313720703,1.1974176168441772,1
19.524,GOTO,1.1597803831100464,1.2940540313720703,1.1974176168441772,1
19.532,GOTO,1.1527559757232666,1.294977068901062,1.1981345415115356,1
19.536,GOTO,1.1527559757232666,1.294977068901062,1.1981345415115356,1
19.54,GOTO,1.1527559757232666,1.294977068901062,1.1981345415115356,1
19.544,GOTO,1.1527559757232666,1.294977068901062,1.1981345415115356,1
19.552,GOTO,1.1473827362060547,1.2953252792358398,1.198573350906372,1
19.556,GOTO,1.1473827362060547,1.2953252792358398,1.198573350906372,1
19.56,GOTO,1.1473827362060547,1.2953252792358398,1.198573350906372,1
19.564,GOTO,1.1473827362060547,1.2953252792358398,1.198573350906372,1
19.572,GOTO,1.1385844945907593,1.2957903146743774,1.1990880966186523,1
19.576,GOTO,1.1385844945907593,1.2957903146743774,1.1990880966186523,1
19.58,GOTO,1.1385844945907593,1.2957903146743774,1.1990880966186523,1
19.584,GOTO,1.1385844945907593,1.2957903146743774,1.1990880966186523,1
19.592,GOTO,1.1322338581085205,1.2960622310638428,1.1993427276611328,1
19.596,GOTO,1.1322338581085205,1.2960622310638428,1.1993427276611328,1
19.6,GOTO,1.1322338581085205,1.2960622310638428,1.1993427276611328,1
19.604,GOTO,1.1322338581085205,1.2960622310638428,1.1993427276611328,1
19.612,GOTO,1.1220093965530396,1.2964128255844116,1.1995868682861328,1
19.616,GOTO,1.1220093965530396,1.2964128255844116,1.1995868682861328,1
19.62,GOTO,1.1220093965530396,1.2964128255844116,1.1995868682861328,1
19.624,GOTO,1.1220093965530396,1.2964128255844116,1.1995868682861328,1
19.632,GOTO,1.1147464513778687,1.2966091632843018,1.1996759176254272,1
19.636,GOTO,1.1147464513778687,1.2966091632843018,1.1996759176254272,1
19.64,GOTO,1.1147464513778687,1.2966091632843018,1.1996759176254272,1
19.644,GOTO,1.1147464513778687,1.2966091632843018,1.1996759176254272,1
19.652,GOTO,1.1032301187515259,1.2968485355377197,1.1997045278549194,1
19.656,GOTO,1.1032301187515259,1.2968485355377197,1.1997045278549194,1
19.66,GOTO,1.1032301187515259,1.2968485355377197,1.1997045278549194,1
19.664,GOTO,1.1032301187515259,1.2968485355377197,1.1997045278549194,1
19.672,GOTO,1.0951671600341797,1.2969704866409302,1.1996700763702393,1
19.676,GOTO,1.0951671600341797,1.2969704866409302,1.1996700763702393,1
19.68,GOTO,1.0951671600341797,1.2969704866409302,1.1996700763702393,1
19.684,GOTO,1.0951671600341797,1.2969704866409302,1.1996700763702393,1
19.692,GOTO,1.0825425386428833,1.2971007823944092,1.1995601654052734,1
19.696,GOTO,1.0825425386428833,1.2971007823944092,1.1995601654052734,1
19.7,GOTO,1.0825425386428833,1.2971007823944092,1.1995601654052734,1
19.704,GOTO,1.0825425386428833,1.2971007823944092,1.1995601654052734,1
19.712,GOTO,1.0737982988357544,1.2971535921096802,1.199455976486206,1
19.716,GOTO,1.0737982988357544,1.2971535921096802,1.199455976486206,1
19.72,GOTO,1.0737982988357544,1.2971535921096802,1.199455976486206,1
19.724,GOTO,1.0737982988357544,1.2971535921096802,1.199455976486206,1
19.732,GOTO,1.0602329969406128,1.2971831560134888,1.1992541551589966,1
19.736,GOTO,1.0602329969406128,1.2971831560134888,1.1992541551589966,1
19.74,GOTO,1.0602329969406128,1.2971831560134888,1.1992541551589966,1
19.744,GOTO,1.0602329969406128,1.2971831560134888,1.1992541551589966,1
19.752,GOTO,1.0509183406829834,1.2971670627593994,1.199102520942688,1
19.756,GOTO,1.0509183406829834,1.2971670627593994,1.199102520942688,1
19.76,GOTO,1.0509183406829834,1.2971670627593994,1.199102520942688,1
19.764,GOTO,1.0509183406829834,1.2971670627593994,1.199102520942688,1
19.772,GOTO,1.036589503288269,1.2970948219299316,1.1988539695739746,1
19.776,GOTO,1.036589503288269,1.2970948219299316,1.1988539695739746,1
19.78,GOTO,1.036589503288269,1.2970948219299316,1.1988539695739746,1
19.784,GOTO,1.036589503288269,1.2970948219299316,1.1988539695739746,1
19.792,GOTO,1.0268205404281616,1.2970175743103027,1.198681354522705,1
19.796,GOTO,1.0268205404281616,1.2970175743103027,1.198681354522705,1
19.8,GOTO,1.0268205404281616,1.2970175743103027,1.198681354522705,1
19.804,GOTO,1.0268205404281616,1.2970175743103027,1.198681354522705,1
19.812,GOTO,1.0118770599365234,1.2968512773513794,1.198419213294983,1
19.816,GOTO,1.0118770599365234,1.2968512773513794,1.198419213294983,1
19.82,GOTO,1.0118770599365234,1.2968512773513794,1.198419213294983,1
19.824,GOTO,1.0118770599365234,1.2968512773513794,1.198419213294983,1
19.832,GOTO,1.0017346143722534,1.296709656715393,1.1982403993606567,1
19.836,GOTO,1.0017346143722534,1.296709656715393,1.1982403993606567,1
19.84,GOTO,1.0017346143722534,1.296709656715393,1.1982403993606567,1
19.844,GOTO,1.0017346143722534,1.296709656715393,1.1982403993606567,1
19.852,GOTO,0.9862810969352722,1.2964539527893066,1.1979730129241943,1
19.856,GOTO,0.9862810969352722,1.2964539527893066,1.1979730129241943,1
19.86,GOTO,0.9862810969352722,1.2964539527893066,1.1979730129241943,1
19.864,GOTO,0.9862810969352722,1.2964539527893066,1.1979730129241943,1
19.872,GOTO,0.9758324027061462,1.2962530851364136,1.197792649269104,1
19.876,GOTO,0.9758324027061462,1.2962530851364136,1.197792649269104,1
19.88,GOTO,0.9758324027061462,1.2962530851364136,1.197792649269104,1
19.884,GOTO,0.9758324027061462,1.2962530851364136,1.197792649269104,1
19.892,GOTO,0.9599702954292297,1.2959121465682983,1.1975241899490356,1
19.896,GOTO,0.9599702954292297,1.2959121465682983,1.1975241899490356,1
19.9,GOTO,0.9599702954292297,1.2959121465682983,1.1975241899490356,1
19.904,GOTO,0.9599702954292297,1.2959121465682983,1.1975241899490356,1
19.912,GOTO,0.9492816925048828,1.2956591844558716,1.1973451375961304,1
19.916,GOTO,0.9492816925048828,1.2956591844558716,1.1973451375961304,1
19.92,GOTO,0.9492816925048828,1.2956591844558716,1.1973451375961304,1
19.924,GOTO,0.9492816925048828,1.2956591844558716,1.1973451375961304,1
19.932,GOTO,0.9331056475639343,1.295248031616211,1.197101354598999,1
19.936,GOTO,0.9331056475639343,1.295248031616211,1.197101354598999,1
19.94,GOTO,0.9331056475639343,1.295248031616211,1.197101354598999,1
19.944,GOTO,0.9331056475639343,1.295248031616211,1.197101354598999,1
19.951999999999998,GOTO,0.9220094084739685,1.294594645500183,1.1970545053482056,1
19.956,GOTO,0.9220094084739685,1.294594645500183,1.1970545053482056,1
19.96,GOTO,0.9220094084739685,1.294594645500183,1.1970545053482056,1
19.964,GOTO,0.9220094084739685,1.294594645500183,1.1970545053482056,1
19.972,GOTO,0.9052732586860657,1.2936166524887085,1.1969749927520752,1
19.976,GOTO,0.9052732586860657,1.2936166524887085,1.1969749927520752,1
19.98,GOTO,0.9052732586860657,1.2936166524887085,1.1969749927520752,1
19.984,GOTO,0.9052732586860657,1.2936166524887085,1.1969749927520752,1
19.992,GOTO,0.8940473198890686,1.2929555177688599,1.196915626525879,1
19.996,GOTO,0.8940473198890686,1.2929555177688599,1.196915626525879,1
20.0,GOTO,0.8940473198890686,1.2929555177688599,1.196915626525879,1
20.004,GOTO,0.8940473198890686,1.2929555177688599,1.196915626525879,1
20.012,GOTO,0.8771236538887024,1.2919597625732422,1.196806788444519,1
20.016,GOTO,0.8771236538887024,1.2919597625732422,1.196806788444519,1
20.02,GOTO,0.8771236538887024,1.2919597625732422,1.196806788444519,1
20.024,GOTO,0.8771236538887024,1.2919597625732422,1.196806788444519,1
20.032,GOTO,0.8657799959182739,1.2912938594818115,1.1967244148254395,1
20.036,GOTO,0.8657799959182739,1.2912938594818115,1.1967244148254395,1
20.04,GOTO,0.8657799959182739,1.2912938594818115,1.1967244148254395,1
20.044,GOTO,0.8657799959182739,1.2912938594818115,1.1967244148254395,1
20.052,GOTO,0.8486956357955933,1.2902905941009521,1.1965974569320679,1
20.056,GOTO,0.8486956357955933,1.2902905941009521,1.1965974569320679,1
20.06,GOTO,0.8486956357955933,1.2902905941009521,1.1965974569320679,1
20.064,GOTO,0.8486956357955933,1.2902905941009521,1.1965974569320679,1
20.072,GOTO,0.8372613787651062,1.2896119356155396,1.196510672569275,1
20.076,GOTO,0.8372613787651062,1.2896119356155396,1.196510672569275,1
20.08,GOTO,0.8372613787651062,1.2896119356155396,1.196510672569275,1
20.084,GOTO,0.8372613787651062,1.2896119356155396,1.196510672569275,1
20.092,GOTO,0.8200582265853882,1.2885929346084595,1.1963701248168945,1
20.096,GOTO,0.8200582265853882,1.2885929346084595,1.1963701248168945,1
20.1,GOTO,0.8200582265853882,1.2885929346084595,1.1963701248168945,1
20.104,GOTO,0.8200582265853882,1.2885929346084595,1.1963701248168945,1
20.112,GOTO,0.8085476756095886,1.287904977798462,1.1962734460830688,1
20.116,GOTO,0.8085476756095886,1.287904977798462,1.1962734460830688,1
20.12,GOTO,0.8085476756095886,1.287904977798462,1.1962734460830688,1
20.124,GOTO,0.8085476756095886,1.287904977798462,1.1962734460830688,1
20.132,GOTO,0.791250467300415,1.2868636846542358,1.1961252689361572,1
20.136,GOTO,0.791250467300415,1.2868636846542358,1.1961252689361572,1
20.14,GOTO,0.791250467300415,1.2868636846542358,1.1961252689361572,1
20.14,GOTO,0.791250467300415,1.2868636846542358,1.1961252689361572,1
20.152,GOTO,0.7796961069107056,1.286160945892334,1.1960219144821167,1
20.156,GOTO,0.7796961069107056,1.286160945892334,1.1960219144821167,1
20.16,GOTO,0.7796961069107056,1.286160945892334,1.1960219144821167,1
20.164,GOTO,0.7796961069107056,1.286160945892334,1.1960219144821167,1
20.172,GOTO,0.762337863445282,1.285094141960144,1.1958571672439575,1
20.176,GOTO,0.762337863445282,1.285094141960144,1.1958571672439575,1
20.18,GOTO,0.762337863445282,1.285094141960144,1.1958571672439575,1
20.184,GOTO,0.762337863445282,1.285094141960144,1.1958571672439575,1
20.192,GOTO,0.7507520914077759,1.2843745946884155,1.1957472562789917,1
20.196,GOTO,0.7507520914077759,1.2843745946884155,1.1957472562789917,1
20.2,GOTO,0.7507520914077759,1.2843745946884155,1.1957472562789917,1
20.204,GOTO,0.7507520914077759,1.2843745946884155,1.1957472562789917,1
20.212,GOTO,0.7333744168281555,1.2832883596420288,1.1955833435058594,1
20.216,GOTO,0.7333744168281555,1.2832883596420288,1.1955833435058594,1
20.22,GOTO,0.7333744168281555,1.2832883596420288,1.1955833435058594,1
20.224,GOTO,0.7333744168281555,1.2832883596420288,1.1955833435058594,1
20.232,GOTO,0.7217885851860046,1.282562494277954,1.195479393005371,1
20.236,GOTO,0.7217885851860046,1.282562494277954,1.195479393005371,1
20.236,GOTO,0.7217885851860046,1.282562494277954,1.195479393005371,1
20.244,GOTO,0.7217885851860046,1.282562494277954,1.195479393005371,1
20.252,GOTO,0.7044140696525574,1.2814793586730957,1.195317268371582,1
20.256,GOTO,0.7044140696525574,1.2814793586730957,1.195317268371582,1
20.26,GOTO,0.7044140696525574,1.2814793586730957,1.195317268371582,1
20.264,GOTO,0.7044140696525574,1.2814793586730957,1.195317268371582,1
20.272,GOTO,0.6928387880325317,1.2807533740997314,1.1952013969421387,1
20.276,GOTO,0.6928387880325317,1.2807533740997314,1.1952013969421387,1
20.28,GOTO,0.6928387880325317,1.2807533740997314,1.1952013969421387,1
20.284,GOTO,0.6928387880325317,1.2807533740997314,1.1952013969421387,1
20.292,GOTO,0.6755192279815674,1.2796599864959717,1.1950243711471558,1
20.296,GOTO,0.6755192279815674,1.2796599864959717,1.1950243711471558,1
20.3,GOTO,0.6755192279815674,1.2796599864959717,1.1950243711471558,1
20.304,GOTO,0.6755192279815674,1.2796599864959717,1.1950243711471558,1
20.312,GOTO,0.6640024185180664,1.2789310216903687,1.1949058771133423,1
20.316,GOTO,0.6640024185180664,1.2789310216903687,1.1949058771133423,1
20.32,GOTO,0.6640024185180664,1.2789310216903687,1.1949058771133423,1
20.324,GOTO,0.6640024185180664,1.2789310216903687,1.1949058771133423,1
20.332,GOTO,0.6467857956886292,1.2778373956680298,1.1947212219238281,1
20.336,GOTO,0.6467857956886292,1.2778373956680298,1.1947212219238281,1
20.34,GOTO,0.6467857956886292,1.2778373956680298,1.1947212219238281,1
20.344,GOTO,0.6467857956886292,1.2778373956680298,1.1947212219238281,1
20.352,GOTO,0.6349302530288696,1.2766380310058594,1.1947286128997803,1
20.356,GOTO,0.6349302530288696,1.2766380310058594,1.1947286128997803,1
20.36,GOTO,0.6349302530288696,1.2766380310058594,1.1947286128997803,1
20.364,GOTO,0.6349302530288696,1.2766380310058594,1.1947286128997803,1
20.372,GOTO,0.6172671914100647,1.2748749256134033,1.1947416067123413,1
20.376,GOTO,0.6172671914100647,1.2748749256134033,1.1947416067123413,1
20.38,GOTO,0.6172671914100647,1.2748749256134033,1.1947416067123413,1
20.384,GOTO,0.6172671914100647,1.2748749256134033,1.1947416067123413,1
20.392,GOTO,0.6055653095245361,1.2737176418304443,1.194750189781189,1
20.396,GOTO,0.6055653095245361,1.2737176418304443,1.194750189781189,1
20.4,GOTO,0.6055653095245361,1.2737176418304443,1.194750189781189,1
20.404,GOTO,0.6055653095245361,1.2737176418304443,1.194750189781189,1
20.412,GOTO,0.5881421566009521,1.2720164060592651,1.194756269454956,1
20.416,GOTO,0.5881421566009521,1.2720164060592651,1.194756269454956,1
20.42,GOTO,0.5881421566009521,1.2720164060592651,1.194756269454956,1
20.424,GOTO,0.5881421566009521,1.2720164060592651,1.194756269454956,1
20.432,GOTO,0.5766047239303589,1.2708990573883057,1.1947557926177979,1
20.436,GOTO,0.5766047239303589,1.2708990573883057,1.1947557926177979,1
20.44,GOTO,0.5766047239303589,1.2708990573883057,1.1947557926177979,1
20.444,GOTO,0.5766047239303589,1.2708990573883057,1.1947557926177979,1
20.452,GOTO,0.5594427585601807,1.2692643404006958,1.1947542428970337,1
20.456,GOTO,0.5594427585601807,1.2692643404006958,1.1947542428970337,1
20.46,GOTO,0.5594427585601807,1.2692643404006958,1.1947542428970337,1
20.464,GOTO,0.5594427585601807,1.2692643404006958,1.1947542428970337,1
20.472,GOTO,0.5480897426605225,1.2681928873062134,1.1947518587112427,1
20.476,GOTO,0.5480897426605225,1.2681928873062134,1.1947518587112427,1
20.48,GOTO,0.5480897426605225,1.2681928873062134,1.1947518587112427,1
20.484,GOTO,0.5480897426605225,1.2681928873062134,1.1947518587112427,1
20.492,GOTO,0.5312075018882751,1.2666198015213013,1.1947335004806519,1
20.492,GOTO,0.5312075018882751,1.2666198015213013,1.1947335004806519,1
20.5,GOTO,0.5312075018882751,1.2666198015213013,1.1947335004806519,1
20.504,GOTO,0.5312075018882751,1.2666198015213013,1.1947335004806519,1
20.512,GOTO,0.520045280456543,1.2655869722366333,1.1947171688079834,1
20.516,GOTO,0.520045280456543,1.2655869722366333,1.1947171688079834,1
20.52,GOTO,0.520045280456543,1.2655869722366333,1.1947171688079834,1
20.524,GOTO,0.520045280456543,1.2655869722366333,1.1947171688079834,1
20.532,GOTO,0.5034651160240173,1.2640600204467773,1.1946932077407837,1
20.536,GOTO,0.5034651160240173,1.2640600204467773,1.1946932077407837,1
20.54,GOTO,0.5034651160240173,1.2640600204467773,1.1946932077407837,1
20.544,GOTO,0.5034651160240173,1.2640600204467773,1.1946932077407837,1
20.552,GOTO,0.49251317977905273,1.263055443763733,1.1946765184402466,1
20.556,GOTO,0.49251317977905273,1.263055443763733,1.1946765184402466,1
20.56,GOTO,0.49251317977905273,1.263055443763733,1.1946765184402466,1
20.564,GOTO,0.49251317977905273,1.263055443763733,1.1946765184402466,1
20.572,GOTO,0.4762531518936157,1.2615811824798584,1.1946427822113037,1
20.576,GOTO,0.4762531518936157,1.2615811824798584,1.1946427822113037,1
20.58,GOTO,0.4762531518936157,1.2615811824798584,1.1946427822113037,1
20.584,GOTO,0.4762531518936157,1.2615811824798584,1.1946427822113037,1
20.592,GOTO,0.46551501750946045,1.2606101036071777,1.194612741470337,1
20.596,GOTO,0.46551501750946045,1.2606101036071777,1.194612741470337,1
20.6,GOTO,0.46551501750946045,1.2606101036071777,1.194612741470337,1
20.604,GOTO,0.46551501750946045,1.2606101036071777,1.194612741470337,1
20.612,GOTO,0.4495781362056732,1.2591779232025146,1.1945539712905884,1
20.616,GOTO,0.4495781362056732,1.2591779232025146,1.1945539712905884,1
20.62,GOTO,0.4495781362056732,1.2591779232025146,1.1945539712905884,1
20.624,GOTO,0.4495781362056732,1.2591779232025146,1.1945539712905884,1
20.632,GOTO,0.439067542552948,1.2582443952560425,1.1945157051086426,1
20.636,GOTO,0.439067542552948,1.2582443952560425,1.1945157051086426,1
20.64,GOTO,0.439067542552948,1.2582443952560425,1.1945157051086426,1
20.644,GOTO,0.439067542552948,1.2582443952560425,1.1945157051086426,1
20.652,GOTO,0.4234846830368042,1.2568670511245728,1.1944597959518433,1
20.652,GOTO,0.4234846830368042,1.2568670511245728,1.1944597959518433,1
20.66,GOTO,0.4234846830368042,1.2568670511245728,1.1944597959518433,1
20.664,GOTO,0.4234846830368042,1.2568670511245728,1.1944597959518433,1
20.672,GOTO,0.413216233253479,1.2559645175933838,1.194420337677002,1
20.676,GOTO,0.413216233253479,1.2559645175933838,1.194420337677002,1
20.68,GOTO,0.413216233253479,1.2559645175933838,1.194420337677002,1
20.684,GOTO,0.413216233253479,1.2559645175933838,1.194420337677002,1
20.692,GOTO,0.3980029225349426,1.2546249628067017,1.1943647861480713,1
20.696,GOTO,0.3980029225349426,1.2546249628067017,1.1943647861480713,1
20.7,GOTO,0.3980029225349426,1.2546249628067017,1.1943647861480713,1
20.704,GOTO,0.3980029225349426,1.2546249628067017,1.1943647861480713,1
20.712,GOTO,0.3879832327365875,1.2537438869476318,1.194332480430603,1
20.716,GOTO,0.3879832327365875,1.2537438869476318,1.194332480430603,1
20.72,GOTO,0.3879832327365875,1.2537438869476318,1.194332480430603,1
20.724,GOTO,0.3879832327365875,1.2537438869476318,1.194332480430603,1
20.732,GOTO,0.37289512157440186,1.2522375583648682,1.1943575143814087,1
20.736,GOTO,0.37289512157440186,1.2522375583648682,1.1943575143814087,1
20.74,GOTO,0.37289512157440186,1.2522375583648682,1.1943575143814087,1
20.744,GOTO,0.37289512157440186,1.2522375583648682,1.1943575143814087,1
20.752,GOTO,0.3626408576965332,1.250981092453003,1.1944695711135864,1
20.756,GOTO,0.3626408576965332,1.250981092453003,1.1944695711135864,1
20.76,GOTO,0.3626408576965332,1.250981092453003,1.1944695711135864,1
20.764,GOTO,0.3626408576965332,1.250981092453003,1.1944695711135864,1
20.772,GOTO,0.3475121855735779,1.249152421951294,1.1946253776550293,1
20.776,GOTO,0.3475121855735779,1.249152421951294,1.1946253776550293,1
20.78,GOTO,0.3475121855735779,1.249152421951294,1.1946253776550293,1
20.784,GOTO,0.3475121855735779,1.249152421951294,1.1946253776550293,1
20.792,GOTO,0.3375764787197113,1.2479617595672607,1.194718837738037,1
20.796,GOTO,0.3375764787197113,1.2479617595672607,1.194718837738037,1
20.8,GOTO,0.3375764787197113,1.2479617595672607,1.194718837738037,1
20.804,GOTO,0.3375764787197113,1.2479617595672607,1.194718837738037,1
20.812,GOTO,0.32291772961616516,1.2462232112884521,1.1948366165161133,1
20.816,GOTO,0.32291772961616516,1.2462232112884521,1.1948366165161133,1
20.82,GOTO,0.32291772961616516,1.2462232112884521,1.1948366165161133,1
20.824,GOTO,0.32291772961616516,1.2462232112884521,1.1948366165161133,1
20.832,GOTO,0.3133050799369812,1.2450872659683228,1.1949052810668945,1
20.836,GOTO,0.3133050799369812,1.2450872659683228,1.1949052810668945,1
20.84,GOTO,0.3133050799369812,1.2450872659683228,1.1949052810668945,1
20.844,GOTO,0.3133050799369812,1.2450872659683228,1.1949052810668945,1
20.852,GOTO,0.29913949966430664,1.2434290647506714,1.1949890851974487,1
20.856,GOTO,0.29913949966430664,1.2434290647506714,1.1949890851974487,1
20.86,GOTO,0.29913949966430664,1.2434290647506714,1.1949890851974487,1
20.864,GOTO,0.29913949966430664,1.2434290647506714,1.1949890851974487,1
20.872,GOTO,0.28984540700912476,1.2423503398895264,1.1950348615646362,1
20.876,GOTO,0.28984540700912476,1.2423503398895264,1.1950348615646362,1
20.88,GOTO,0.28984540700912476,1.2423503398895264,1.1950348615646362,1
20.884,GOTO,0.28984540700912476,1.2423503398895264,1.1950348615646362,1
20.892,GOTO,0.2761498987674713,1.2407772541046143,1.1951007843017578,1
20.896,GOTO,0.2761498987674713,1.2407772541046143,1.1951007843017578,1
20.9,GOTO,0.2761498987674713,1.2407772541046143,1.1951007843017578,1
20.904,GOTO,0.2761498987674713,1.2407772541046143,1.1951007843017578,1
20.912,GOTO,0.2671699821949005,1.2397539615631104,1.1951401233673096,1
20.916,GOTO,0.2671699821949005,1.2397539615631104,1.1951401233673096,1
20.92,GOTO,0.2671699821949005,1.2397539615631104,1.1951401233673096,1
20.924,GOTO,0.2671699821949005,1.2397539615631104,1.1951401233673096,1
20.932,GOTO,0.2539407014846802,1.2382545471191406,1.1951943635940552,1
20.936,GOTO,0.2539407014846802,1.2382545471191406,1.1951943635940552,1
20.94,GOTO,0.2539407014846802,1.2382545471191406,1.1951943635940552,1
20.944,GOTO,0.2539407014846802,1.2382545471191406,1.1951943635940552,1
20.951999999999998,GOTO,0.24475008249282837,1.2369071245193481,1.195351004600525,1
20.956,GOTO,0.24475008249282837,1.2369071245193481,1.195351004600525,1
20.96,GOTO,0.24475008249282837,1.2369071245193481,1.195351004600525,1
20.964,GOTO,0.24475008249282837,1.2369071245193481,1.195351004600525,1
20.972,GOTO,0.23125742375850677,1.2349612712860107,1.1955678462982178,1
20.976,GOTO,0.23125742375850677,1.2349612712860107,1.1955678462982178,1
20.98,GOTO,0.23125742375850677,1.2349612712860107,1.1955678462982178,1
20.984,GOTO,0.23125742375850677,1.2349612712860107,1.1955678462982178,1
20.992,WAIT_WP,0.22243918478488922,1.233704686164856,1.1957087516784668,1
20.996,WAIT_WP,0.22243918478488922,1.233704686164856,1.1957087516784668,1
21.0,WAIT_WP,0.22243918478488922,1.233704686164856,1.1957087516784668,1
21.004,WAIT_WP,0.22243918478488922,1.233704686164856,1.1957087516784668,1
21.012,WAIT_WP,0.20948907732963562,1.2318854331970215,1.1959104537963867,1
21.016,WAIT_WP,0.20948907732963562,1.2318854331970215,1.1959104537963867,1
21.02,WAIT_WP,0.20948907732963562,1.2318854331970215,1.1959104537963867,1
21.024,WAIT_WP,0.20948907732963562,1.2318854331970215,1.1959104537963867,1
21.032,WAIT_WP,0.20102490484714508,1.2307097911834717,1.1960351467132568,1
21.036,WAIT_WP,0.20102490484714508,1.2307097911834717,1.1960351467132568,1
21.04,WAIT_WP,0.20102490484714508,1.2307097911834717,1.1960351467132568,1
21.044,WAIT_WP,0.20102490484714508,1.2307097911834717,1.1960351467132568,1
21.052,WAIT_WP,0.18859873712062836,1.2290163040161133,1.1961997747421265,1
21.056,WAIT_WP,0.18859873712062836,1.2290163040161133,1.1961997747421265,1
21.06,WAIT_WP,0.18859873712062836,1.2290163040161133,1.1961997747421265,1
21.064,WAIT_WP,0.18859873712062836,1.2290163040161133,1.1961997747421265,1
21.072,WAIT_WP,0.18048109114170074,1.2279237508773804,1.196300745010376,1
21.076,WAIT_WP,0.18048109114170074,1.2279237508773804,1.196300745010376,1
21.08,WAIT_WP,0.18048109114170074,1.2279237508773804,1.196300745010376,1
21.084,WAIT_WP,0.18048109114170074,1.2279237508773804,1.196300745010376,1
21.092,WAIT_WP,0.16857443749904633,1.2263438701629639,1.1964328289031982,1
21.096,WAIT_WP,0.16857443749904633,1.2263438701629639,1.1964328289031982,1
21.1,WAIT_WP,0.16857443749904633,1.2263438701629639,1.1964328289031982,1
21.104,WAIT_WP,0.16857443749904633,1.2263438701629639,1.1964328289031982,1
21.112,WAIT_WP,0.16081096231937408,1.2253283262252808,1.1965076923370361,1
21.116,WAIT_WP,0.16081096231937408,1.2253283262252808,1.1965076923370361,1
21.12,WAIT_WP,0.16081096231937408,1.2253283262252808,1.1965076923370361,1
21.124,WAIT_WP,0.16081096231937408,1.2253283262252808,1.1965076923370361,1
21.132,WAIT_WP,0.14943131804466248,1.2238545417785645,1.1966058015823364,1
21.136,WAIT_WP,0.14943131804466248,1.2238545417785645,1.1966058015823364,1
21.14,WAIT_WP,0.14943131804466248,1.2238545417785645,1.1966058015823364,1
21.144,WAIT_WP,0.14943131804466248,1.2238545417785645,1.1966058015823364,1
21.152,WAIT_WP,0.14200836420059204,1.2229008674621582,1.1966614723205566,1
21.156,WAIT_WP,0.14200836420059204,1.2229008674621582,1.1966614723205566,1
21.16,WAIT_WP,0.14200836420059204,1.2229008674621582,1.1966614723205566,1
21.16,WAIT_WP,0.14200836420059204,1.2229008674621582,1.1966614723205566,1
21.172,WAIT_WP,0.13113054633140564,1.2215125560760498,1.1967395544052124,1
21.176,WAIT_WP,0.13113054633140564,1.2215125560760498,1.1967395544052124,1
21.184,WAIT_WP,0.13113054633140564,1.2215125560760498,1.1967395544052124,1
21.188,WAIT_WP,0.13113054633140564,1.2215125560760498,1.1967395544052124,1
21.192,WAIT_WP,0.12404439598321915,1.2206145524978638,1.1967893838882446,1
21.192,WAIT_WP,0.12404439598321915,1.2206145524978638,1.1967893838882446,1
21.2,WAIT_WP,0.12404439598321915,1.2206145524978638,1.1967893838882446,1
21.204,WAIT_WP,0.12404439598321915,1.2206145524978638,1.1967893838882446,1
21.212,WAIT_WP,0.11366718262434006,1.2193078994750977,1.196857213973999,1
21.212,WAIT_WP,0.11366718262434006,1.2193078994750977,1.196857213973999,1
21.216,WAIT_WP,0.11366718262434006,1.2193078994750977,1.196857213973999,1
21.224,WAIT_WP,0.11366718262434006,1.2193078994750977,1.196857213973999,1
21.232,WAIT_WP,0.11366718262434006,1.2193078994750977,1.196857213973999,1
21.236,WAIT_WP,0.10691273957490921,1.2184659242630005,1.1968982219696045,1
21.24,WAIT_WP,0.10691273957490921,1.2184659242630005,1.1968982219696045,1
21.24,WAIT_WP,0.10691273957490921,1.2184659242630005,1.1968982219696045,1
21.252,WAIT_WP,0.09702637046575546,1.2172431945800781,1.1969600915908813,1
21.256,WAIT_WP,0.09702637046575546,1.2172431945800781,1.1969600915908813,1
21.26,WAIT_WP,0.09702637046575546,1.2172431945800781,1.1969600915908813,1
21.264,WAIT_WP,0.09702637046575546,1.2172431945800781,1.1969600915908813,1
21.272,WAIT_WP,0.09059783071279526,1.216454267501831,1.1969940662384033,1
21.28,WAIT_WP,0.09059783071279526,1.216454267501831,1.1969940662384033,1
21.28,WAIT_WP,0.09059783071279526,1.216454267501831,1.1969940662384033,1
21.292,WAIT_WP,0.09059783071279526,1.216454267501831,1.1969940662384033,1
21.292,WAIT_WP,0.08118972927331924,1.2153112888336182,1.1970261335372925,1
21.292,WAIT_WP,0.08118972927331924,1.2153112888336182,1.1970261335372925,1
21.304,WAIT_WP,0.08118972927331924,1.2153112888336182,1.1970261335372925,1
21.304,WAIT_WP,0.08118972927331924,1.2153112888336182,1.1970261335372925,1
21.304,WAIT_WP,0.07507939636707306,1.2145733833312988,1.197043776512146,1
21.316,WAIT_WP,0.07507939636707306,1.2145733833312988,1.197043776512146,1
21.32,WAIT_WP,0.07507939636707306,1.2145733833312988,1.197043776512146,1
21.32,WAIT_WP,0.07507939636707306,1.2145733833312988,1.197043776512146,1
21.332,WAIT_WP,0.06615384668111801,1.213503122329712,1.1970573663711548,1
21.34,WAIT_WP,0.06615384668111801,1.213503122329712,1.1970573663711548,1
21.34,WAIT_WP,0.06615384668111801,1.213503122329712,1.1970573663711548,1
21.34,WAIT_WP,0.06615384668111801,1.213503122329712,1.1970573663711548,1
21.352,WAIT_WP,0.059897150844335556,1.212393879890442,1.197205662727356,1
21.356,WAIT_WP,0.059897150844335556,1.212393879890442,1.197205662727356,1
21.36,WAIT_WP,0.059897150844335556,1.212393879890442,1.197205662727356,1
21.364,WAIT_WP,0.059897150844335556,1.212393879890442,1.197205662727356,1
21.372,WAIT_WP,0.05079495161771774,1.2108005285263062,1.1974085569381714,1
21.376,WAIT_WP,0.05079495161771774,1.2108005285263062,1.1974085569381714,1
21.376,WAIT_WP,0.05079495161771774,1.2108005285263062,1.1974085569381714,1
21.376,WAIT_WP,0.05079495161771774,1.2108005285263062,1.1974085569381714,1
21.392,WAIT_WP,0.05079495161771774,1.2108005285263062,1.1974085569381714,1
21.396,WAIT_WP,0.0449044369161129,1.2097874879837036,1.197533130645752,1
21.396,WAIT_WP,0.0449044369161129,1.2097874879837036,1.197533130645752,1
21.404,WAIT_WP,0.0449044369161129,1.2097874879837036,1.197533130645752,1
21.412,WAIT_WP,0.03633434697985649,1.2083438634872437,1.1976898908615112,1
21.412,WAIT_WP,0.03633434697985649,1.2083438634872437,1.1976898908615112,1
21.416,WAIT_WP,0.03633434697985649,1.2083438634872437,1.1976898908615112,1
21.416,WAIT_WP,0.03633434697985649,1.2083438634872437,1.1976898908615112,1
21.432,WAIT_WP,0.030788276344537735,1.2074236869812012,1.197782039642334,1
21.432,WAIT_WP,0.030788276344537735,1.2074236869812012,1.197782039642334,1
21.44,WAIT_WP,0.030788276344537735,1.2074236869812012,1.197782039642334,1
21.444,WAIT_WP,0.030788276344537735,1.2074236869812012,1.197782039642334,1
21.452,WAIT_WP,0.022730547934770584,1.206109642982483,1.1979098320007324,1
21.456,WAIT_WP,0.022730547934770584,1.206109642982483,1.1979098320007324,1
21.46,WAIT_WP,0.022730547934770584,1.206109642982483,1.1979098320007324,1
21.46,WAIT_WP,0.022730547934770584,1.206109642982483,1.1979098320007324,1
21.472,WAIT_WP,0.017520911991596222,1.2052773237228394,1.1979912519454956,1
21.48,WAIT_WP,0.017520911991596222,1.2052773237228394,1.1979912519454956,1
21.484,WAIT_WP,0.017520911991596222,1.2052773237228394,1.1979912519454956,1
21.488,WAIT_WP,0.017520911991596222,1.2052773237228394,1.1979912519454956,1
21.492,WAIT_WP,0.009942403994500637,1.2040789127349854,1.1981074810028076,1
21.496,WAIT_WP,0.009942403994500637,1.2040789127349854,1.1981074810028076,1
21.504,WAIT_WP,0.009942403994500637,1.2040789127349854,1.1981074810028076,1
21.504,WAIT_WP,0.009942403994500637,1.2040789127349854,1.1981074810028076,1
21.512,WAIT_WP,0.009942403994500637,1.2040789127349854,1.1981074810028076,1
21.516,WAIT_WP,0.009942403994500637,1.2040789127349854,1.1981074810028076,1
21.524,WAIT_WP,0.009942403994500637,1.2040789127349854,1.1981074810028076,1
21.524,WAIT_WP,0.005049737635999918,1.2033202648162842,1.1981775760650635,1
21.532,WAIT_WP,-0.0020556035451591015,1.202237844467163,1.1982712745666504,1
21.536,WAIT_WP,-0.0020556035451591015,1.202237844467163,1.1982712745666504,1
21.54,WAIT_WP,-0.0020556035451591015,1.202237844467163,1.1982712745666504,1
21.544,WAIT_WP,-0.0020556035451591015,1.202237844467163,1.1982712745666504,1
21.552,WAIT_WP,-0.006637854035943747,1.2015538215637207,1.1983284950256348,1
21.556,WAIT_WP,-0.006637854035943747,1.2015538215637207,1.1983284950256348,1
21.56,WAIT_WP,-0.006637854035943747,1.2015538215637207,1.1983284950256348,1
21.564,WAIT_WP,-0.006637854035943747,1.2015538215637207,1.1983284950256348,1
21.572,WAIT_WP,-0.0132779935374856,1.200578212738037,1.198401689529419,1
21.576,WAIT_WP,-0.0132779935374856,1.200578212738037,1.198401689529419,1
21.584,WAIT_WP,-0.0132779935374856,1.200578212738037,1.198401689529419,1
21.584,WAIT_WP,-0.0132779935374856,1.200578212738037,1.198401689529419,1
21.588,WAIT_WP,-0.017554372549057007,1.1999602317810059,1.1984480619430542,1
21.588,WAIT_WP,-0.017554372549057007,1.1999602317810059,1.1984480619430542,1
21.588,WAIT_WP,-0.017554372549057007,1.1999602317810059,1.1984480619430542,1
21.604,WAIT_WP,-0.017554372549057007,1.1999602317810059,1.1984480619430542,1
21.604,WAIT_WP,-0.023754753172397614,1.199082612991333,1.1985100507736206,1
21.604,WAIT_WP,-0.023754753172397614,1.199082612991333,1.1985100507736206,1
21.62,WAIT_WP,-0.023754753172397614,1.199082612991333,1.1985100507736206,1
21.624,WAIT_WP,-0.023754753172397614,1.199082612991333,1.1985100507736206,1
21.632,WAIT_WP,-0.027749771252274513,1.1985280513763428,1.1985387802124023,1
21.636,WAIT_WP,-0.027749771252274513,1.1985280513763428,1.1985387802124023,1
21.64,WAIT_WP,-0.027749771252274513,1.1985280513763428,1.1985387802124023,1
21.644,WAIT_WP,-0.027749771252274513,1.1985280513763428,1.1985387802124023,1
21.652,WAIT_WP,-0.03352797403931618,1.1977325677871704,1.1985721588134766,1
21.656,WAIT_WP,-0.03352797403931618,1.1977325677871704,1.1985721588134766,1
21.664,WAIT_WP,-0.03352797403931618,1.1977325677871704,1.1985721588134766,1
21.664,WAIT_WP,-0.03352797403931618,1.1977325677871704,1.1985721588134766,1
21.672,WAIT_WP,-0.037236351519823074,1.1972297430038452,1.198586106300354,1
21.68,WAIT_WP,-0.037236351519823074,1.1972297430038452,1.198586106300354,1
21.684,WAIT_WP,-0.037236351519823074,1.1972297430038452,1.198586106300354,1
21.688,WAIT_WP,-0.037236351519823074,1.1972297430038452,1.198586106300354,1
21.692,WAIT_WP,-0.04258126765489578,1.1965166330337524,1.1986011266708374,1
21.696,WAIT_WP,-0.04258126765489578,1.1965166330337524,1.1986011266708374,1
21.696,WAIT_WP,-0.04258126765489578,1.1965166330337524,1.1986011266708374,1
21.708,WAIT_WP,-0.04258126765489578,1.1965166330337524,1.1986011266708374,1
21.712,WAIT_WP,-0.0460004061460495,1.1960633993148804,1.1986041069030762,1
21.716,WAIT_WP,-0.0460004061460495,1.1960633993148804,1.1986041069030762,1
21.72,WAIT_WP,-0.0460004061460495,1.1960633993148804,1.1986041069030762,1
21.724,WAIT_WP,-0.0460004061460495,1.1960633993148804,1.1986041069030762,1
21.732,WAIT_WP,-0.050941601395606995,1.1954158544540405,1.198603868484497,1
21.736,WAIT_WP,-0.050941601395606995,1.1954158544540405,1.198603868484497,1
21.74,WAIT_WP,-0.050941601395606995,1.1954158544540405,1.198603868484497,1
21.748,WAIT_WP,-0.050941601395606995,1.1954158544540405,1.198603868484497,1
21.752,WAIT_WP,-0.05461602658033371,1.1946014165878296,1.198764443397522,1
21.756,WAIT_WP,-0.05461602658033371,1.1946014165878296,1.198764443397522,1
21.764,WAIT_WP,-0.05461602658033371,1.1946014165878296,1.198764443397522,1
21.764,WAIT_WP,-0.05461602658033371,1.1946014165878296,1.198764443397522,1
21.772,WAIT_WP,-0.05989552661776543,1.1934521198272705,1.1989872455596924,1
21.776,WAIT_WP,-0.05989552661776543,1.1934521198272705,1.1989872455596924,1
21.78,WAIT_WP,-0.05989552661776543,1.1934521198272705,1.1989872455596924,1
21.784,WAIT_WP,-0.05989552661776543,1.1934521198272705,1.1989872455596924,1
21.792,WAIT_WP,-0.06327309459447861,1.1927317380905151,1.1991173028945923,1
21.792,WAIT_WP,-0.06327309459447861,1.1927317380905151,1.1991173028945923,1
21.8,WAIT_WP,-0.06327309459447861,1.1927317380905151,1.1991173028945923,1
21.8,WAIT_WP,-0.06327309459447861,1.1927317380905151,1.1991173028945923,1
21.816,WAIT_WP,-0.06812877953052521,1.191720724105835,1.1992976665496826,1
21.82,WAIT_WP,-0.06812877953052521,1.191720724105835,1.1992976665496826,1
21.82,WAIT_WP,-0.06812877953052521,1.191720724105835,1.1992976665496826,1
21.82,WAIT_WP,-0.06812877953052521,1.191720724105835,1.1992976665496826,1
21.832,WAIT_WP,-0.07122883200645447,1.1910849809646606,1.1994171142578125,1
21.836,WAIT_WP,-0.07122883200645447,1.1910849809646606,1.1994171142578125,1
21.84,WAIT_WP,-0.07122883200645447,1.1910849809646606,1.1994171142578125,1
21.844,WAIT_WP,-0.07122883200645447,1.1910849809646606,1.1994171142578125,1
21.852,WAIT_WP,-0.07566655427217484,1.1901878118515015,1.199571967124939,1
21.856,WAIT_WP,-0.07566655427217484,1.1901878118515015,1.199571967124939,1
21.86,WAIT_WP,-0.07566655427217484,1.1901878118515015,1.199571967124939,1
21.864,WAIT_WP,-0.07566655427217484,1.1901878118515015,1.199571967124939,1
21.876,WAIT_WP,-0.07849536091089249,1.1896271705627441,1.1996601819992065,1
21.876,WAIT_WP,-0.07849536091089249,1.1896271705627441,1.1996601819992065,1
21.88,WAIT_WP,-0.07849536091089249,1.1896271705627441,1.1996601819992065,1
21.88,WAIT_WP,-0.07849536091089249,1.1896271705627441,1.1996601819992065,1
21.888,WAIT_WP,-0.08254068344831467,1.1888365745544434,1.1997873783111572,1
21.888,WAIT_WP,-0.08254068344831467,1.1888365745544434,1.1997873783111572,1
21.888,WAIT_WP,-0.08254068344831467,1.1888365745544434,1.1997873783111572,1
21.888,WAIT_WP,-0.08254068344831467,1.1888365745544434,1.1997873783111572,1
21.912,WAIT_WP,-0.08254068344831467,1.1888365745544434,1.1997873783111572,1
21.916,WAIT_WP,-0.08510766178369522,1.1883419752120972,1.1998560428619385,1
21.92,WAIT_WP,-0.08510766178369522,1.1883419752120972,1.1998560428619385,1
21.924,WAIT_WP,-0.08510766178369522,1.1883419752120972,1.1998560428619385,1
21.932,WAIT_WP,-0.08877535909414291,1.187644362449646,1.1999365091323853,1
21.936,WAIT_WP,-0.08877535909414291,1.187644362449646,1.1999365091323853,1
21.94,WAIT_WP,-0.08877535909414291,1.187644362449646,1.1999365091323853,1
21.944,WAIT_WP,-0.08877535909414291,1.187644362449646,1.1999365091323853,1
21.944,WAIT_WP,-0.08877535909414291,1.187644362449646,1.1999365091323853,1
21.944,WAIT_WP,-0.09110576659440994,1.187210202217102,1.1999857425689697,1
21.944,WAIT_WP,-0.09110576659440994,1.187210202217102,1.1999857425689697,1
21.944,WAIT_WP,-0.09110576659440994,1.187210202217102,1.1999857425689697,1
21.972,WAIT_WP,-0.0944279283285141,1.1866058111190796,1.2000409364700317,1
21.972,WAIT_WP,-0.0944279283285141,1.1866058111190796,1.2000409364700317,1
21.984,GOTO,-0.0944279283285141,1.1866058111190796,1.2000409364700317,1
21.988,GOTO,-0.0944279283285141,1.1866058111190796,1.2000409364700317,1
21.992,GOTO,-0.09754336625337601,1.186057448387146,1.2000782489776611,1
21.992,GOTO,-0.09754336625337601,1.186057448387146,1.2000782489776611,1
22.0,GOTO,-0.09754336625337601,1.186057448387146,1.2000782489776611,1
22.0,GOTO,-0.09754336625337601,1.186057448387146,1.2000782489776611,1
22.012,GOTO,-0.09951304644346237,1.1857231855392456,1.2000961303710938,1
22.016,GOTO,-0.09951304644346237,1.1857231855392456,1.2000961303710938,1
22.02,GOTO,-0.09951304644346237,1.1857231855392456,1.2000961303710938,1
22.024,GOTO,-0.09951304644346237,1.1857231855392456,1.2000961303710938,1
22.032,GOTO,-0.10139120370149612,1.1854157447814941,1.2001090049743652,1
22.036,GOTO,-0.10139120370149612,1.1854157447814941,1.2001090049743652,1
22.04,GOTO,-0.10139120370149612,1.1854157447814941,1.2001090049743652,1
22.044,GOTO,-0.10139120370149612,1.1854157447814941,1.2001090049743652,1
22.052,GOTO,-0.10405300557613373,1.1849905252456665,1.2001160383224487,1
22.052,GOTO,-0.10405300557613373,1.1849905252456665,1.2001160383224487,1
22.052,GOTO,-0.10405300557613373,1.1849905252456665,1.2001160383224487,1
22.052,GOTO,-0.10405300557613373,1.1849905252456665,1.2001160383224487,1
22.072,GOTO,-0.10572288930416107,1.1847336292266846,1.2001121044158936,1
22.076,GOTO,-0.10572288930416107,1.1847336292266846,1.2001121044158936,1
22.08,GOTO,-0.10572288930416107,1.1847336292266846,1.2001121044158936,1
22.084,GOTO,-0.10572288930416107,1.1847336292266846,1.2001121044158936,1
22.096,GOTO,-0.10806873440742493,1.1843905448913574,1.2000991106033325,1
22.1,GOTO,-0.10806873440742493,1.1843905448913574,1.2000991106033325,1
22.1,GOTO,-0.10806873440742493,1.1843905448913574,1.2000991106033325,1
22.108,GOTO,-0.10806873440742493,1.1843905448913574,1.2000991106033325,1
22.112,GOTO,-0.10952338576316833,1.1841827630996704,1.2000921964645386,1
22.116,GOTO,-0.10952338576316833,1.1841827630996704,1.2000921964645386,1
22.12,GOTO,-0.10952338576316833,1.1841827630996704,1.2000921964645386,1
22.124,GOTO,-0.10952338576316833,1.1841827630996704,1.2000921964645386,1
22.132,GOTO,-0.11154817789793015,1.1837862730026245,1.2002869844436646,1
22.136,GOTO,-0.11154817789793015,1.1837862730026245,1.2002869844436646,1
22.14,GOTO,-0.11154817789793015,1.1837862730026245,1.2002869844436646,1
22.14,GOTO,-0.11154817789793015,1.1837862730026245,1.2002869844436646,1
22.14,GOTO,-0.11317189037799835,1.1830018758773804,1.2007681131362915,1
22.156,GOTO,-0.11317189037799835,1.1830018758773804,1.2007681131362915,1
22.16,GOTO,-0.11317189037799835,1.1830018758773804,1.2007681131362915,1
22.16,GOTO,-0.11317189037799835,1.1830018758773804,1.2007681131362915,1
22.172,GOTO,-0.11543504893779755,1.181648850440979,1.2016888856887817,1
22.176,GOTO,-0.11543504893779755,1.181648850440979,1.2016888856887817,1
22.18,GOTO,-0.11543504893779755,1.181648850440979,1.2016888856887817,1
22.184,GOTO,-0.11543504893779755,1.181648850440979,1.2016888856887817,1
22.196,GOTO,-0.11683004349470139,1.1806139945983887,1.2024118900299072,1
22.196,GOTO,-0.11683004349470139,1.1806139945983887,1.2024118900299072,1
22.196,GOTO,-0.11683004349470139,1.1806139945983887,1.2024118900299072,1
22.2,GOTO,-0.11683004349470139,1.1806139945983887,1.2024118900299072,1
22.212,GOTO,-0.11875692754983902,1.1788036823272705,1.2035834789276123,1
22.216,GOTO,-0.11875692754983902,1.1788036823272705,1.2035834789276123,1
22.22,GOTO,-0.11875692754983902,1.1788036823272705,1.2035834789276123,1
22.224,GOTO,-0.11875692754983902,1.1788036823272705,1.2035834789276123,1
22.232,GOTO,-0.11993322521448135,1.177382230758667,1.2043886184692383,1
22.24,GOTO,-0.11993322521448135,1.177382230758667,1.2043886184692383,1
22.24,GOTO,-0.11993322521448135,1.177382230758667,1.2043886184692383,1
22.24,GOTO,-0.11993322521448135,1.177382230758667,1.2043886184692383,1
22.252,GOTO,-0.12156173586845398,1.1748404502868652,1.2055692672729492,1
22.252,GOTO,-0.12156173586845398,1.1748404502868652,1.2055692672729492,1
22.256,GOTO,-0.12156173586845398,1.1748404502868652,1.2055692672729492,1
22.256,GOTO,-0.12156173586845398,1.1748404502868652,1.2055692672729492,1
22.272,GOTO,-0.12255322933197021,1.1728236675262451,1.2063137292861938,1
22.272,GOTO,-0.12255322933197021,1.1728236675262451,1.2063137292861938,1
22.284,GOTO,-0.12255322933197021,1.1728236675262451,1.2063137292861938,1
22.288,GOTO,-0.12255322933197021,1.1728236675262451,1.2063137292861938,1
22.292,GOTO,-0.12390146404504776,1.1692278385162354,1.207338809967041,1
22.292,GOTO,-0.12390146404504776,1.1692278385162354,1.207338809967041,1
22.296,GOTO,-0.12390146404504776,1.1692278385162354,1.207338809967041,1
22.296,GOTO,-0.12390146404504776,1.1692278385162354,1.207338809967041,1
22.3,GOTO,-0.12470967322587967,1.1664230823516846,1.2079468965530396,1
22.312,GOTO,-0.12470967322587967,1.1664230823516846,1.2079468965530396,1
22.32,GOTO,-0.12470967322587967,1.1664230823516846,1.2079468965530396,1
22.328,GOTO,-0.12470967322587967,1.1664230823516846,1.2079468965530396,1
22.332,GOTO,-0.1257994920015335,1.1615464687347412,1.2087266445159912,1
22.332,GOTO,-0.1257994920015335,1.1615464687347412,1.2087266445159912,1
22.336,GOTO,-0.1257994920015335,1.1615464687347412,1.2087266445159912,1
22.336,GOTO,-0.1257994920015335,1.1615464687347412,1.2087266445159912,1
22.352,GOTO,-0.12644365429878235,1.1578295230865479,1.2091593742370605,1
22.356,GOTO,-0.12644365429878235,1.1578295230865479,1.2091593742370605,1
22.36,GOTO,-0.12644365429878235,1.1578295230865479,1.2091593742370605,1
22.36,GOTO,-0.12644365429878235,1.1578295230865479,1.2091593742370605,1
22.372,GOTO,-0.12728829681873322,1.1515231132507324,1.2096655368804932,1
22.376,GOTO,-0.12728829681873322,1.1515231132507324,1.2096655368804932,1
22.38,GOTO,-0.12728829681873322,1.1515231132507324,1.2096655368804932,1
22.384,GOTO,-0.12728829681873322,1.1515231132507324,1.2096655368804932,1
22.392,GOTO,-0.12777040898799896,1.1468321084976196,1.2099121809005737,1
22.396,GOTO,-0.12777040898799896,1.1468321084976196,1.2099121809005737,1
22.4,GOTO,-0.12777040898799896,1.1468321084976196,1.2099121809005737,1
22.4,GOTO,-0.12777040898799896,1.1468321084976196,1.2099121809005737,1
22.412,GOTO,-0.12837666273117065,1.1390659809112549,1.2101635932922363,1
22.412,GOTO,-0.12837666273117065,1.1390659809112549,1.2101635932922363,1
22.416,GOTO,-0.12837666273117065,1.1390659809112549,1.2101635932922363,1
22.42,GOTO,-0.12837666273117065,1.1390659809112549,1.2101635932922363,1
22.432,GOTO,-0.1287093162536621,1.1334127187728882,1.2102538347244263,1
22.436,GOTO,-0.1287093162536621,1.1334127187728882,1.2102538347244263,1
22.44,GOTO,-0.1287093162536621,1.1334127187728882,1.2102538347244263,1
22.444,GOTO,-0.1287093162536621,1.1334127187728882,1.2102538347244263,1
22.452,GOTO,-0.12909671664237976,1.1242305040359497,1.2102854251861572,1
22.452,GOTO,-0.12909671664237976,1.1242305040359497,1.2102854251861572,1
22.456,GOTO,-0.12909671664237976,1.1242305040359497,1.2102854251861572,1
22.456,GOTO,-0.12909671664237976,1.1242305040359497,1.2102854251861572,1
22.46,GOTO,-0.1292809396982193,1.1176502704620361,1.2102456092834473,1
22.472,GOTO,-0.1292809396982193,1.1176502704620361,1.2102456092834473,1
22.48,GOTO,-0.1292809396982193,1.1176502704620361,1.2102456092834473,1
22.484,GOTO,-0.1292809396982193,1.1176502704620361,1.2102456092834473,1
22.488,GOTO,-0.12945814430713654,1.1071312427520752,1.2101001739501953,1
22.496,GOTO,-0.12945814430713654,1.1071312427520752,1.2101001739501953,1
22.504,GOTO,-0.12945814430713654,1.1071312427520752,1.2101001739501953,1
22.508,GOTO,-0.12945814430713654,1.1071312427520752,1.2101001739501953,1
22.512,GOTO,-0.129508376121521,1.0997083187103271,1.2099519968032837,1
22.516,GOTO,-0.129508376121521,1.0997083187103271,1.2099519968032837,1
22.52,GOTO,-0.129508376121521,1.0997083187103271,1.2099519968032837,1
22.524,GOTO,-0.129508376121521,1.0997083187103271,1.2099519968032837,1
22.532,GOTO,-0.1294826716184616,1.0879993438720703,1.2096701860427856,1
22.536,GOTO,-0.1294826716184616,1.0879993438720703,1.2096701860427856,1
22.54,GOTO,-0.1294826716184616,1.0879993438720703,1.2096701860427856,1
22.544,GOTO,-0.1294826716184616,1.0879993438720703,1.2096701860427856,1
22.552,GOTO,-0.12975408136844635,1.0800108909606934,1.2096505165100098,1
22.556,GOTO,-0.12975408136844635,1.0800108909606934,1.2096505165100098,1
22.56,GOTO,-0.12975408136844635,1.0800108909606934,1.2096505165100098,1
22.564,GOTO,-0.12975408136844635,1.0800108909606934,1.2096505165100098,1
22.572,GOTO,-0.13003887236118317,1.0675103664398193,1.2095520496368408,1
22.576,GOTO,-0.13003887236118317,1.0675103664398193,1.2095520496368408,1
22.58,GOTO,-0.13003887236118317,1.0675103664398193,1.2095520496368408,1
22.584,GOTO,-0.13003887236118317,1.0675103664398193,1.2095520496368408,1
22.592,GOTO,-0.1301506608724594,1.058863639831543,1.209460973739624,1
22.596,GOTO,-0.1301506608724594,1.058863639831543,1.209460973739624,1
22.6,GOTO,-0.1301506608724594,1.058863639831543,1.209460973739624,1
22.604,GOTO,-0.1301506608724594,1.058863639831543,1.209460973739624,1
22.612,GOTO,-0.13020852208137512,1.0454473495483398,1.2092914581298828,1
22.616,GOTO,-0.13020852208137512,1.0454473495483398,1.2092914581298828,1
22.62,GOTO,-0.13020852208137512,1.0454473495483398,1.2092914581298828,1
22.624,GOTO,-0.13020852208137512,1.0454473495483398,1.2092914581298828,1
22.632,GOTO,-0.13017579913139343,1.0362330675125122,1.2091529369354248,1
22.636,GOTO,-0.13017579913139343,1.0362330675125122,1.2091529369354248,1
22.64,GOTO,-0.13017579913139343,1.0362330675125122,1.2091529369354248,1
22.644,GOTO,-0.13017579913139343,1.0362330675125122,1.2091529369354248,1
22.652,GOTO,-0.13002359867095947,1.0220446586608887,1.2089197635650635,1
22.656,GOTO,-0.13002359867095947,1.0220446586608887,1.2089197635650635,1
22.66,GOTO,-0.13002359867095947,1.0220446586608887,1.2089197635650635,1
22.664,GOTO,-0.13002359867095947,1.0220446586608887,1.2089197635650635,1
22.672,GOTO,-0.12985225021839142,1.012359857559204,1.2087537050247192,1
22.676,GOTO,-0.12985225021839142,1.012359857559204,1.2087537050247192,1
22.68,GOTO,-0.12985225021839142,1.012359857559204,1.2087537050247192,1
22.684,GOTO,-0.12985225021839142,1.012359857559204,1.2087537050247192,1
22.692,GOTO,-0.12950336933135986,0.9975086450576782,1.2084851264953613,1
22.696,GOTO,-0.12950336933135986,0.9975086450576782,1.2084851264953613,1
22.7,GOTO,-0.12950336933135986,0.9975086450576782,1.2084851264953613,1
22.704,GOTO,-0.12950336933135986,0.9975086450576782,1.2084851264953613,1
22.712,GOTO,-0.1292095184326172,0.9874112606048584,1.20830237865448,1
22.716,GOTO,-0.1292095184326172,0.9874112606048584,1.20830237865448,1
22.72,GOTO,-0.1292095184326172,0.9874112606048584,1.20830237865448,1
22.724,GOTO,-0.1292095184326172,0.9874112606048584,1.20830237865448,1
22.732,GOTO,-0.1286790668964386,0.9719998240470886,1.2080261707305908,1
22.736,GOTO,-0.1286790668964386,0.9719998240470886,1.2080261707305908,1
22.74,GOTO,-0.1286790668964386,0.9719998240470886,1.2080261707305908,1
22.744,GOTO,-0.1286790668964386,0.9719998240470886,1.2080261707305908,1
22.752,GOTO,-0.1282634437084198,0.9615640044212341,1.207833170890808,1
22.756,GOTO,-0.1282634437084198,0.9615640044212341,1.207833170890808,1
22.76,GOTO,-0.1282634437084198,0.9615640044212341,1.207833170890808,1
22.764,GOTO,-0.1282634437084198,0.9615640044212341,1.207833170890808,1
22.772,GOTO,-0.1275680810213089,0.9456874132156372,1.2075397968292236,1
22.776,GOTO,-0.1275680810213089,0.9456874132156372,1.2075397968292236,1
22.78,GOTO,-0.1275680810213089,0.9456874132156372,1.2075397968292236,1
22.784,GOTO,-0.1275680810213089,0.9456874132156372,1.2075397968292236,1
22.792,GOTO,-0.12705238163471222,0.9349650144577026,1.2073402404785156,1
22.796,GOTO,-0.12705238163471222,0.9349650144577026,1.2073402404785156,1
22.8,GOTO,-0.12705238163471222,0.9349650144577026,1.2073402404785156,1
22.804,GOTO,-0.12705238163471222,0.9349650144577026,1.2073402404785156,1
22.812,GOTO,-0.12620672583580017,0.918695867061615,1.207031488418579,1
22.816,GOTO,-0.12620672583580017,0.918695867061615,1.207031488418579,1
22.82,GOTO,-0.12620672583580017,0.918695867061615,1.207031488418579,1
22.824,GOTO,-0.12620672583580017,0.918695867061615,1.207031488418579,1
22.832,GOTO,-0.12559644877910614,0.907736599445343,1.2068251371383667,1
22.836,GOTO,-0.12559644877910614,0.907736599445343,1.2068251371383667,1
22.836,GOTO,-0.12559644877910614,0.907736599445343,1.2068251371383667,1
22.844,GOTO,-0.12559644877910614,0.907736599445343,1.2068251371383667,1
22.852,GOTO,-0.12462029606103897,0.8911441564559937,1.2065178155899048,1
22.856,GOTO,-0.12462029606103897,0.8911441564559937,1.2065178155899048,1
22.86,GOTO,-0.12462029606103897,0.8911441564559937,1.2065178155899048,1
22.864,GOTO,-0.12462029606103897,0.8911441564559937,1.2065178155899048,1
22.872,GOTO,-0.12392918020486832,0.8799898028373718,1.2063089609146118,1
22.876,GOTO,-0.12392918020486832,0.8799898028373718,1.2063089609146118,1
22.88,GOTO,-0.12392918020486832,0.8799898028373718,1.2063089609146118,1
22.884,GOTO,-0.12392918020486832,0.8799898028373718,1.2063089609146118,1
22.892,GOTO,-0.12284453958272934,0.8631314635276794,1.2060027122497559,1
22.896,GOTO,-0.12284453958272934,0.8631314635276794,1.2060027122497559,1
22.896,GOTO,-0.12284453958272934,0.8631314635276794,1.2060027122497559,1
22.9,GOTO,-0.12284453958272934,0.8631314635276794,1.2060027122497559,1
22.912,GOTO,-0.12208621203899384,0.8518149256706238,1.2057929039001465,1
22.916,GOTO,-0.12208621203899384,0.8518149256706238,1.2057929039001465,1
22.92,GOTO,-0.12208621203899384,0.8518149256706238,1.2057929039001465,1
22.924,GOTO,-0.12208621203899384,0.8518149256706238,1.2057929039001465,1
22.932,GOTO,-0.12090222537517548,0.8347373604774475,1.2054802179336548,1
22.936,GOTO,-0.12090222537517548,0.8347373604774475,1.2054802179336548,1
22.94,GOTO,-0.12090222537517548,0.8347373604774475,1.2054802179336548,1
22.944,GOTO,-0.12090222537517548,0.8347373604774475,1.2054802179336548,1
22.951999999999998,GOTO,-0.12036047130823135,0.8231412768363953,1.2054747343063354,1
22.956,GOTO,-0.12036047130823135,0.8231412768363953,1.2054747343063354,1
22.96,GOTO,-0.12036047130823135,0.8231412768363953,1.2054747343063354,1
22.964,GOTO,-0.12036047130823135,0.8231412768363953,1.2054747343063354,1
22.972,GOTO,-0.11946834623813629,0.8056920170783997,1.2054498195648193,1
22.976,GOTO,-0.11946834623813629,0.8056920170783997,1.2054498195648193,1
22.98,GOTO,-0.11946834623813629,0.8056920170783997,1.2054498195648193,1
22.984,GOTO,-0.11946834623813629,0.8056920170783997,1.2054498195648193,1
22.992,GOTO,-0.11881798505783081,0.7940233945846558,1.2054365873336792,1
22.996,GOTO,-0.11881798505783081,0.7940233945846558,1.2054365873336792,1
23.0,GOTO,-0.11881798505783081,0.7940233945846558,1.2054365873336792,1
23.004,GOTO,-0.11881798505783081,0.7940233945846558,1.2054365873336792,1
23.012,GOTO,-0.11776962131261826,0.776491105556488,1.2054080963134766,1
23.016,GOTO,-0.11776962131261826,0.776491105556488,1.2054080963134766,1
23.02,GOTO,-0.11776962131261826,0.776491105556488,1.2054080963134766,1
23.024,GOTO,-0.11776962131261826,0.776491105556488,1.2054080963134766,1
23.032,GOTO,-0.1170244961977005,0.7647767663002014,1.2053828239440918,1
23.036,GOTO,-0.1170244961977005,0.7647767663002014,1.2053828239440918,1
23.04,GOTO,-0.1170244961977005,0.7647767663002014,1.2053828239440918,1
23.044,GOTO,-0.1170244961977005,0.7647767663002014,1.2053828239440918,1
23.052,GOTO,-0.115846648812294,0.7471923232078552,1.2053344249725342,1
23.056,GOTO,-0.115846648812294,0.7471923232078552,1.2053344249725342,1
23.06,GOTO,-0.115846648812294,0.7471923232078552,1.2053344249725342,1
23.064,GOTO,-0.115846648812294,0.7471923232078552,1.2053344249725342,1
23.072,GOTO,-0.11501895636320114,0.7354597449302673,1.2052887678146362,1
23.076,GOTO,-0.11501895636320114,0.7354597449302673,1.2052887678146362,1
23.08,GOTO,-0.11501895636320114,0.7354597449302673,1.2052887678146362,1
23.084,GOTO,-0.11501895636320114,0.7354597449302673,1.2052887678146362,1
23.092,GOTO,-0.1137269139289856,0.7178825736045837,1.205200433731079,1
23.096,GOTO,-0.1137269139289856,0.7178825736045837,1.205200433731079,1
23.1,GOTO,-0.1137269139289856,0.7178825736045837,1.205200433731079,1
23.104,GOTO,-0.1137269139289856,0.7178825736045837,1.205200433731079,1
23.112,GOTO,-0.11283218115568161,0.7061669826507568,1.2051397562026978,1
23.116,GOTO,-0.11283218115568161,0.7061669826507568,1.2051397562026978,1
23.12,GOTO,-0.11283218115568161,0.7061669826507568,1.2051397562026978,1
23.124,GOTO,-0.11283218115568161,0.7061669826507568,1.2051397562026978,1
23.132,GOTO,-0.11144834756851196,0.6886224150657654,1.2050299644470215,1
23.136,GOTO,-0.11144834756851196,0.6886224150657654,1.2050299644470215,1
23.14,GOTO,-0.11144834756851196,0.6886224150657654,1.2050299644470215,1
23.144,GOTO,-0.11144834756851196,0.6886224150657654,1.2050299644470215,1
23.152,GOTO,-0.11049927771091461,0.676939845085144,1.2049471139907837,1
23.156,GOTO,-0.11049927771091461,0.676939845085144,1.2049471139907837,1
23.16,GOTO,-0.11049927771091461,0.676939845085144,1.2049471139907837,1
23.164,GOTO,-0.11049927771091461,0.676939845085144,1.2049471139907837,1
23.172,GOTO,-0.10904432833194733,0.6594672799110413,1.204817771911621,1
23.176,GOTO,-0.10904432833194733,0.6594672799110413,1.204817771911621,1
23.18,GOTO,-0.10904432833194733,0.6594672799110413,1.204817771911621,1
23.184,GOTO,-0.10904432833194733,0.6594672799110413,1.204817771911621,1
23.192,GOTO,-0.1080460175871849,0.6478509902954102,1.2047210931777954,1
23.196,GOTO,-0.1080460175871849,0.6478509902954102,1.2047210931777954,1
23.2,GOTO,-0.1080460175871849,0.6478509902954102,1.2047210931777954,1
23.204,GOTO,-0.1080460175871849,0.6478509902954102,1.2047210931777954,1
23.212,GOTO,-0.10652497410774231,0.6304911971092224,1.2045626640319824,1
23.216,GOTO,-0.10652497410774231,0.6304911971092224,1.2045626640319824,1
23.22,GOTO,-0.10652497410774231,0.6304911971092224,1.2045626640319824,1
23.224,GOTO,-0.10652497410774231,0.6304911971092224,1.2045626640319824,1
23.232,GOTO,-0.10548876971006393,0.6189585328102112,1.2044625282287598,1
23.236,GOTO,-0.10548876971006393,0.6189585328102112,1.2044625282287598,1
23.24,GOTO,-0.10548876971006393,0.6189585328102112,1.2044625282287598,1
23.244,GOTO,-0.10548876971006393,0.6189585328102112,1.2044625282287598,1
23.252,GOTO,-0.10390894114971161,0.6017487049102783,1.2042990922927856,1
23.256,GOTO,-0.10390894114971161,0.6017487049102783,1.2042990922927856,1
23.26,GOTO,-0.10390894114971161,0.6017487049102783,1.2042990922927856,1
23.264,GOTO,-0.10390894114971161,0.6017487049102783,1.2042990922927856,1
23.272,GOTO,-0.1028372272849083,0.5903334617614746,1.2041864395141602,1
23.276,GOTO,-0.1028372272849083,0.5903334617614746,1.2041864395141602,1
23.28,GOTO,-0.1028372272849083,0.5903334617614746,1.2041864395141602,1
23.284,GOTO,-0.1028372272849083,0.5903334617614746,1.2041864395141602,1
23.292,GOTO,-0.10121121257543564,0.5733084678649902,1.204022765159607,1
23.296,GOTO,-0.10121121257543564,0.5733084678649902,1.204022765159607,1
23.3,GOTO,-0.10121121257543564,0.5733084678649902,1.204022765159607,1
23.304,GOTO,-0.10121121257543564,0.5733084678649902,1.204022765159607,1
23.312,GOTO,-0.10011116415262222,0.5620207786560059,1.2039145231246948,1
23.316,GOTO,-0.10011116415262222,0.5620207786560059,1.2039145231246948,1
23.32,GOTO,-0.10011116415262222,0.5620207786560059,1.2039145231246948,1
23.324,GOTO,-0.10011116415262222,0.5620207786560059,1.2039145231246948,1
23.332,GOTO,-0.09844090044498444,0.5452077388763428,1.203752040863037,1
23.336,GOTO,-0.09844090044498444,0.5452077388763428,1.203752040863037,1
23.34,GOTO,-0.09844090044498444,0.5452077388763428,1.203752040863037,1
23.344,GOTO,-0.09844090044498444,0.5452077388763428,1.203752040863037,1
23.352,GOTO,-0.09749797731637955,0.5337402820587158,1.2038791179656982,1
23.356,GOTO,-0.09749797731637955,0.5337402820587158,1.2038791179656982,1
23.36,GOTO,-0.09749797731637955,0.5337402820587158,1.2038791179656982,1
23.364,GOTO,-0.09749797731637955,0.5337402820587158,1.2038791179656982,1
23.372,GOTO,-0.09604881703853607,0.5167062878608704,1.2040481567382812,1
23.376,GOTO,-0.09604881703853607,0.5167062878608704,1.2040481567382812,1
23.38,GOTO,-0.09604881703853607,0.5167062878608704,1.2040481567382812,1
23.384,GOTO,-0.09604881703853607,0.5167062878608704,1.2040481567382812,1
23.392,GOTO,-0.09505665302276611,0.5054522156715393,1.2041534185409546,1
23.396,GOTO,-0.09505665302276611,0.5054522156715393,1.2041534185409546,1
23.4,GOTO,-0.09505665302276611,0.5054522156715393,1.2041534185409546,1
23.404,GOTO,-0.09505665302276611,0.5054522156715393,1.2041534185409546,1
23.412,GOTO,-0.0935363620519638,0.488746702671051,1.2042858600616455,1
23.416,GOTO,-0.0935363620519638,0.488746702671051,1.2042858600616455,1
23.42,GOTO,-0.0935363620519638,0.488746702671051,1.2042858600616455,1
23.424,GOTO,-0.0935363620519638,0.488746702671051,1.2042858600616455,1
23.432,GOTO,-0.09249605238437653,0.47771745920181274,1.204360842704773,1
23.436,GOTO,-0.09249605238437653,0.47771745920181274,1.204360842704773,1
23.44,GOTO,-0.09249605238437653,0.47771745920181274,1.204360842704773,1
23.444,GOTO,-0.09249605238437653,0.47771745920181274,1.204360842704773,1
23.452,GOTO,-0.09090930223464966,0.461353600025177,1.2044649124145508,1
23.456,GOTO,-0.09090930223464966,0.461353600025177,1.2044649124145508,1
23.46,GOTO,-0.09090930223464966,0.461353600025177,1.2044649124145508,1
23.464,GOTO,-0.09090930223464966,0.461353600025177,1.2044649124145508,1
23.472,GOTO,-0.08983808010816574,0.4505557119846344,1.2045248746871948,1
23.476,GOTO,-0.08983808010816574,0.4505557119846344,1.2045248746871948,1
23.48,GOTO,-0.08983808010816574,0.4505557119846344,1.2045248746871948,1
23.484,GOTO,-0.08983808010816574,0.4505557119846344,1.2045248746871948,1
23.492,GOTO,-0.08821500092744827,0.434548556804657,1.2045979499816895,1
23.496,GOTO,-0.08821500092744827,0.434548556804657,1.2045979499816895,1
23.5,GOTO,-0.08821500092744827,0.434548556804657,1.2045979499816895,1
23.504,GOTO,-0.08821500092744827,0.434548556804657,1.2045979499816895,1
23.512,GOTO,-0.0871187299489975,0.4239988923072815,1.2046421766281128,1
23.516,GOTO,-0.0871187299489975,0.4239988923072815,1.2046421766281128,1
23.52,GOTO,-0.0871187299489975,0.4239988923072815,1.2046421766281128,1
23.524,GOTO,-0.0871187299489975,0.4239988923072815,1.2046421766281128,1
23.532,GOTO,-0.08545801788568497,0.40837520360946655,1.2046842575073242,1
23.536,GOTO,-0.08545801788568497,0.40837520360946655,1.2046842575073242,1
23.54,GOTO,-0.08545801788568497,0.40837520360946655,1.2046842575073242,1
23.544,GOTO,-0.08545801788568497,0.40837520360946655,1.2046842575073242,1
23.552,GOTO,-0.08434239774942398,0.3980860710144043,1.2047052383422852,1
23.556,GOTO,-0.08434239774942398,0.3980860710144043,1.2047052383422852,1
23.56,GOTO,-0.08434239774942398,0.3980860710144043,1.2047052383422852,1
23.564,GOTO,-0.08434239774942398,0.3980860710144043,1.2047052383422852,1
23.572,GOTO,-0.08265820890665054,0.3828537166118622,1.204717993736267,1
23.576,GOTO,-0.08265820890665054,0.3828537166118622,1.204717993736267,1
23.58,GOTO,-0.08265820890665054,0.3828537166118622,1.204717993736267,1
23.584,GOTO,-0.08265820890665054,0.3828537166118622,1.204717993736267,1
23.592,GOTO,-0.08152119815349579,0.372816264629364,1.2047079801559448,1
23.596,GOTO,-0.08152119815349579,0.372816264629364,1.2047079801559448,1
23.6,GOTO,-0.08152119815349579,0.372816264629364,1.2047079801559448,1
23.604,GOTO,-0.08152119815349579,0.372816264629364,1.2047079801559448,1
23.612,GOTO,-0.07980270683765411,0.35796260833740234,1.2046802043914795,1
23.616,GOTO,-0.07980270683765411,0.35796260833740234,1.2046802043914795,1
23.62,GOTO,-0.07980270683765411,0.35796260833740234,1.2046802043914795,1
23.624,GOTO,-0.07980270683765411,0.35796260833740234,1.2046802043914795,1
23.632,GOTO,-0.07864852249622345,0.34818845987319946,1.20465087890625,1
23.636,GOTO,-0.07864852249622345,0.34818845987319946,1.20465087890625,1
23.64,GOTO,-0.07864852249622345,0.34818845987319946,1.20465087890625,1
23.644,GOTO,-0.07864852249622345,0.34818845987319946,1.20465087890625,1
23.652,GOTO,-0.0769188404083252,0.3337341845035553,1.2045929431915283,1
23.656,GOTO,-0.0769188404083252,0.3337341845035553,1.2045929431915283,1
23.66,GOTO,-0.0769188404083252,0.3337341845035553,1.2045929431915283,1
23.664,GOTO,-0.0769188404083252,0.3337341845035553,1.2045929431915283,1
23.672,GOTO,-0.07576131820678711,0.32423076033592224,1.2045475244522095,1
23.676,GOTO,-0.07576131820678711,0.32423076033592224,1.2045475244522095,1
23.68,GOTO,-0.07576131820678711,0.32423076033592224,1.2045475244522095,1
23.684,GOTO,-0.07576131820678711,0.32423076033592224,1.2045475244522095,1
23.692,GOTO,-0.07402359694242477,0.31018495559692383,1.2044767141342163,1
23.696,GOTO,-0.07402359694242477,0.31018495559692383,1.2044767141342163,1
23.7,GOTO,-0.07402359694242477,0.31018495559692383,1.2044767141342163,1
23.704,GOTO,-0.07402359694242477,0.31018495559692383,1.2044767141342163,1
23.712,GOTO,-0.07285239547491074,0.3009607791900635,1.2044235467910767,1
23.716,GOTO,-0.07285239547491074,0.3009607791900635,1.2044235467910767,1
23.72,GOTO,-0.07285239547491074,0.3009607791900635,1.2044235467910767,1
23.724,GOTO,-0.07285239547491074,0.3009607791900635,1.2044235467910767,1
23.732,GOTO,-0.07109501212835312,0.2873460352420807,1.2043519020080566,1
23.736,GOTO,-0.07109501212835312,0.2873460352420807,1.2043519020080566,1
23.74,GOTO,-0.07109501212835312,0.2873460352420807,1.2043519020080566,1
23.744,GOTO,-0.07109501212835312,0.2873460352420807,1.2043519020080566,1
23.752,GOTO,-0.07009412348270416,0.2780219614505768,1.2045831680297852,1
23.756,GOTO,-0.07009412348270416,0.2780219614505768,1.2045831680297852,1
23.76,GOTO,-0.07009412348270416,0.2780219614505768,1.2045831680297852,1
23.764,GOTO,-0.07009412348270416,0.2780219614505768,1.2045831680297852,1
23.772,GOTO,-0.06857628375291824,0.2642897367477417,1.2048895359039307,1
23.776,GOTO,-0.06857628375291824,0.2642897367477417,1.2048895359039307,1
23.78,GOTO,-0.06857628375291824,0.2642897367477417,1.2048895359039307,1
23.784,GOTO,-0.06857628375291824,0.2642897367477417,1.2048895359039307,1
23.792,GOTO,-0.06755352765321732,0.2553008198738098,1.2050732374191284,1
23.796,GOTO,-0.06755352765321732,0.2553008198738098,1.2050732374191284,1
23.8,GOTO,-0.06755352765321732,0.2553008198738098,1.2050732374191284,1
23.804,GOTO,-0.06755352765321732,0.2553008198738098,1.2050732374191284,1
23.812,GOTO,-0.06600674986839294,0.24207782745361328,1.2053190469741821,1
23.816,GOTO,-0.06600674986839294,0.24207782745361328,1.2053190469741821,1
23.82,GOTO,-0.06600674986839294,0.24207782745361328,1.2053190469741821,1
23.824,GOTO,-0.06600674986839294,0.24207782745361328,1.2053190469741821,1
23.832,GOTO,-0.06496972590684891,0.23342035710811615,1.2054651975631714,1
23.836,GOTO,-0.06496972590684891,0.23342035710811615,1.2054651975631714,1
23.84,WAIT_WP,-0.06496972590684891,0.23342035710811615,1.2054651975631714,1
23.84,WAIT_WP,-0.06496972590684891,0.23342035710811615,1.2054651975631714,1
23.852,WAIT_WP,-0.06341090053319931,0.2206820398569107,1.2056663036346436,1
23.856,WAIT_WP,-0.06341090053319931,0.2206820398569107,1.2056663036346436,1
23.86,WAIT_WP,-0.06341090053319931,0.2206820398569107,1.2056663036346436,1
23.864,WAIT_WP,-0.06341090053319931,0.2206820398569107,1.2056663036346436,1
23.872,WAIT_WP,-0.062371931970119476,0.2123478204011917,1.2057908773422241,1
23.876,WAIT_WP,-0.062371931970119476,0.2123478204011917,1.2057908773422241,1
23.88,WAIT_WP,-0.062371931970119476,0.2123478204011917,1.2057908773422241,1
23.884,WAIT_WP,-0.062371931970119476,0.2123478204011917,1.2057908773422241,1
23.892,WAIT_WP,-0.06081477552652359,0.20009949803352356,1.205944538116455,1
23.896,WAIT_WP,-0.06081477552652359,0.20009949803352356,1.205944538116455,1
23.9,WAIT_WP,-0.06081477552652359,0.20009949803352356,1.205944538116455,1
23.904,WAIT_WP,-0.06081477552652359,0.20009949803352356,1.205944538116455,1
23.912,WAIT_WP,-0.05977505445480347,0.19209520518779755,1.2060307264328003,1
23.916,WAIT_WP,-0.05977505445480347,0.19209520518779755,1.2060307264328003,1
23.92,WAIT_WP,-0.05977505445480347,0.19209520518779755,1.2060307264328003,1
23.924,WAIT_WP,-0.05977505445480347,0.19209520518779755,1.2060307264328003,1
23.932,WAIT_WP,-0.058224547654390335,0.1803385615348816,1.2061408758163452,1
23.936,WAIT_WP,-0.058224547654390335,0.1803385615348816,1.2061408758163452,1
23.94,WAIT_WP,-0.058224547654390335,0.1803385615348816,1.2061408758163452,1
23.944,WAIT_WP,-0.058224547654390335,0.1803385615348816,1.2061408758163452,1
23.951999999999998,WAIT_WP,-0.05718923732638359,0.17266182601451874,1.2061989307403564,1
23.956,WAIT_WP,-0.05718923732638359,0.17266182601451874,1.2061989307403564,1
23.96,WAIT_WP,-0.05718923732638359,0.17266182601451874,1.2061989307403564,1
23.964,WAIT_WP,-0.05718923732638359,0.17266182601451874,1.2061989307403564,1
23.972,WAIT_WP,-0.05563824996352196,0.1613927185535431,1.2062780857086182,1
23.976,WAIT_WP,-0.05563824996352196,0.1613927185535431,1.2062780857086182,1
23.98,WAIT_WP,-0.05563824996352196,0.1613927185535431,1.2062780857086182,1
23.984,WAIT_WP,-0.05563824996352196,0.1613927185535431,1.2062780857086182,1
23.992,WAIT_WP,-0.054606109857559204,0.15403512120246887,1.206322193145752,1
23.996,WAIT_WP,-0.054606109857559204,0.15403512120246887,1.206322193145752,1
24.0,WAIT_WP,-0.054606109857559204,0.15403512120246887,1.206322193145752,1
24.004,WAIT_WP,-0.054606109857559204,0.15403512120246887,1.206322193145752,1
24.012,WAIT_WP,-0.05307579040527344,0.14324021339416504,1.206372857093811,1
24.016,WAIT_WP,-0.05307579040527344,0.14324021339416504,1.206372857093811,1
24.02,WAIT_WP,-0.05307579040527344,0.14324021339416504,1.206372857093811,1
24.024,WAIT_WP,-0.05307579040527344,0.14324021339416504,1.206372857093811,1
24.032,WAIT_WP,-0.052056632936000824,0.13620354235172272,1.2064045667648315,1
24.036,WAIT_WP,-0.052056632936000824,0.13620354235172272,1.2064045667648315,1
24.04,WAIT_WP,-0.052056632936000824,0.13620354235172272,1.2064045667648315,1
24.044,WAIT_WP,-0.052056632936000824,0.13620354235172272,1.2064045667648315,1
24.052,WAIT_WP,-0.050541952252388,0.12589183449745178,1.206433653831482,1
24.056,WAIT_WP,-0.050541952252388,0.12589183449745178,1.206433653831482,1
24.06,WAIT_WP,-0.050541952252388,0.12589183449745178,1.206433653831482,1
24.064,WAIT_WP,-0.050541952252388,0.12589183449745178,1.206433653831482,1
24.072,WAIT_WP,-0.04953925684094429,0.11917401105165482,1.2064366340637207,1
24.076,WAIT_WP,-0.04953925684094429,0.11917401105165482,1.2064366340637207,1
24.08,WAIT_WP,-0.04953925684094429,0.11917401105165482,1.2064366340637207,1
24.084,WAIT_WP,-0.04953925684094429,0.11917401105165482,1.2064366340637207,1
24.092,WAIT_WP,-0.048051171004772186,0.10933084785938263,1.2064261436462402,1
24.096,WAIT_WP,-0.048051171004772186,0.10933084785938263,1.2064261436462402,1
24.1,WAIT_WP,-0.048051171004772186,0.10933084785938263,1.2064261436462402,1
24.104,WAIT_WP,-0.048051171004772186,0.10933084785938263,1.2064261436462402,1
24.112,WAIT_WP,-0.04706722870469093,0.10292500257492065,1.2064005136489868,1
24.116,WAIT_WP,-0.04706722870469093,0.10292500257492065,1.2064005136489868,1
24.12,WAIT_WP,-0.04706722870469093,0.10292500257492065,1.2064005136489868,1
24.124,WAIT_WP,-0.04706722870469093,0.10292500257492065,1.2064005136489868,1
24.132,WAIT_WP,-0.04560955986380577,0.09354746341705322,1.2063627243041992,1
24.136,WAIT_WP,-0.04560955986380577,0.09354746341705322,1.2063627243041992,1
24.14,WAIT_WP,-0.04560955986380577,0.09354746341705322,1.2063627243041992,1
24.144,WAIT_WP,-0.04560955986380577,0.09354746341705322,1.2063627243041992,1
24.152,WAIT_WP,-0.04478207230567932,0.08698292076587677,1.206636667251587,1
24.156,WAIT_WP,-0.04478207230567932,0.08698292076587677,1.206636667251587,1
24.16,WAIT_WP,-0.04478207230567932,0.08698292076587677,1.206636667251587,1
24.164,WAIT_WP,-0.04478207230567932,0.08698292076587677,1.206636667251587,1
24.172,WAIT_WP,-0.04353965446352959,0.07741273939609528,1.2070014476776123,1
24.176,WAIT_WP,-0.04353965446352959,0.07741273939609528,1.2070014476776123,1
24.18,WAIT_WP,-0.04353965446352959,0.07741273939609528,1.2070014476776123,1
24.184,WAIT_WP,-0.04353965446352959,0.07741273939609528,1.2070014476776123,1
24.192,WAIT_WP,-0.04271682724356651,0.07120218873023987,1.20722234249115,1
24.196,WAIT_WP,-0.04271682724356651,0.07120218873023987,1.20722234249115,1
24.2,WAIT_WP,-0.04271682724356651,0.07120218873023987,1.20722234249115,1
24.204,WAIT_WP,-0.04271682724356651,0.07120218873023987,1.20722234249115,1
24.212,WAIT_WP,-0.04148660600185394,0.06214200332760811,1.2075172662734985,1
24.216,WAIT_WP,-0.04148660600185394,0.06214200332760811,1.2075172662734985,1
24.22,WAIT_WP,-0.04148660600185394,0.06214200332760811,1.2075172662734985,1
24.224,WAIT_WP,-0.04148660600185394,0.06214200332760811,1.2075172662734985,1
24.232,WAIT_WP,-0.04066944867372513,0.05626708269119263,1.207688331604004,1
24.236,WAIT_WP,-0.04066944867372513,0.05626708269119263,1.207688331604004,1
24.24,WAIT_WP,-0.04066944867372513,0.05626708269119263,1.207688331604004,1
24.244,WAIT_WP,-0.04066944867372513,0.05626708269119263,1.207688331604004,1
24.252,WAIT_WP,-0.03944329172372818,0.04771466553211212,1.207907795906067,1
24.256,WAIT_WP,-0.03944329172372818,0.04771466553211212,1.207907795906067,1
24.26,WAIT_WP,-0.03944329172372818,0.04771466553211212,1.207907795906067,1
24.264,WAIT_WP,-0.03944329172372818,0.04771466553211212,1.207907795906067,1
24.272,WAIT_WP,-0.038629718124866486,0.04218000918626785,1.2080378532409668,1
24.276,WAIT_WP,-0.038629718124866486,0.04218000918626785,1.2080378532409668,1
24.28,WAIT_WP,-0.038629718124866486,0.04218000918626785,1.2080378532409668,1
24.284,WAIT_WP,-0.038629718124866486,0.04218000918626785,1.2080378532409668,1
24.292,WAIT_WP,-0.037416309118270874,0.03412910923361778,1.2082041501998901,1
24.296,WAIT_WP,-0.037416309118270874,0.03412910923361778,1.2082041501998901,1
24.3,WAIT_WP,-0.037416309118270874,0.03412910923361778,1.2082041501998901,1
24.304,WAIT_WP,-0.037416309118270874,0.03412910923361778,1.2082041501998901,1
24.312,WAIT_WP,-0.036609210073947906,0.028916234150528908,1.2083057165145874,1
24.316,WAIT_WP,-0.036609210073947906,0.028916234150528908,1.2083057165145874,1
24.32,WAIT_WP,-0.036609210073947906,0.028916234150528908,1.2083057165145874,1
24.324,WAIT_WP,-0.036609210073947906,0.028916234150528908,1.2083057165145874,1
24.332,WAIT_WP,-0.035407207906246185,0.0213334783911705,1.2084317207336426,1
24.336,WAIT_WP,-0.035407207906246185,0.0213334783911705,1.2084317207336426,1
24.34,WAIT_WP,-0.035407207906246185,0.0213334783911705,1.2084317207336426,1
24.344,WAIT_WP,-0.035407207906246185,0.0213334783911705,1.2084317207336426,1
24.352,WAIT_WP,-0.03461240604519844,0.016426609829068184,1.2084952592849731,1
24.356,WAIT_WP,-0.03461240604519844,0.016426609829068184,1.2084952592849731,1
24.36,WAIT_WP,-0.03461240604519844,0.016426609829068184,1.2084952592849731,1
24.364,WAIT_WP,-0.03461240604519844,0.016426609829068184,1.2084952592849731,1
24.372,WAIT_WP,-0.03343527391552925,0.00929524376988411,1.208565354347229,1
24.376,WAIT_WP,-0.03343527391552925,0.00929524376988411,1.208565354347229,1
24.38,WAIT_WP,-0.03343527391552925,0.00929524376988411,1.208565354347229,1
24.384,WAIT_WP,-0.03343527391552925,0.00929524376988411,1.208565354347229,1
24.392,WAIT_WP,-0.03266014903783798,0.004692323040217161,1.2085918188095093,1
24.396,WAIT_WP,-0.03266014903783798,0.004692323040217161,1.2085918188095093,1
24.4,WAIT_WP,-0.03266014903783798,0.004692323040217161,1.2085918188095093,1
24.404,WAIT_WP,-0.03266014903783798,0.004692323040217161,1.2085918188095093,1
24.412,WAIT_WP,-0.03151335567235947,-0.0019805128686130047,1.2086050510406494,1
24.416,WAIT_WP,-0.03151335567235947,-0.0019805128686130047,1.2086050510406494,1
24.42,WAIT_WP,-0.03151335567235947,-0.0019805128686130047,1.2086050510406494,1
24.424,WAIT_WP,-0.03151335567235947,-0.0019805128686130047,1.2086050510406494,1
24.432,WAIT_WP,-0.030757756903767586,-0.006286337971687317,1.2086113691329956,1
24.436,WAIT_WP,-0.030757756903767586,-0.006286337971687317,1.2086113691329956,1
24.44,WAIT_WP,-0.030757756903767586,-0.006286337971687317,1.2086113691329956,1
24.444,WAIT_WP,-0.030757756903767586,-0.006286337971687317,1.2086113691329956,1
24.452,WAIT_WP,-0.029635421931743622,-0.012528807856142521,1.2085926532745361,1
24.456,WAIT_WP,-0.029635421931743622,-0.012528807856142521,1.2085926532745361,1
24.46,WAIT_WP,-0.029635421931743622,-0.012528807856142521,1.2085926532745361,1
24.464,WAIT_WP,-0.029635421931743622,-0.012528807856142521,1.2085926532745361,1
24.472,WAIT_WP,-0.02889261767268181,-0.0165547002106905,1.2085635662078857,1
24.476,WAIT_WP,-0.02889261767268181,-0.0165547002106905,1.2085635662078857,1
24.48,WAIT_WP,-0.02889261767268181,-0.0165547002106905,1.2085635662078857,1
24.484,WAIT_WP,-0.02889261767268181,-0.0165547002106905,1.2085635662078857,1
24.492,WAIT_WP,-0.027792925015091896,-0.022382304072380066,1.2085161209106445,1
24.496,WAIT_WP,-0.027792925015091896,-0.022382304072380066,1.2085161209106445,1
24.5,WAIT_WP,-0.027792925015091896,-0.022382304072380066,1.2085161209106445,1
24.504,WAIT_WP,-0.027792925015091896,-0.022382304072380066,1.2085161209106445,1
24.512,WAIT_WP,-0.02707323245704174,-0.026130495592951775,1.20847487449646,1
24.516,WAIT_WP,-0.02707323245704174,-0.026130495592951775,1.20847487449646,1
24.52,WAIT_WP,-0.02707323245704174,-0.026130495592951775,1.20847487449646,1
24.524,WAIT_WP,-0.02707323245704174,-0.026130495592951775,1.20847487449646,1
24.532,WAIT_WP,-0.02601189911365509,-0.031550776213407516,1.2083854675292969,1
24.536,WAIT_WP,-0.02601189911365509,-0.031550776213407516,1.2083854675292969,1
24.54,WAIT_WP,-0.02601189911365509,-0.031550776213407516,1.2083854675292969,1
24.544,WAIT_WP,-0.02601189911365509,-0.031550776213407516,1.2083854675292969,1
24.552,WAIT_WP,-0.025499742478132248,-0.03537202998995781,1.2085968255996704,1
24.556,WAIT_WP,-0.025499742478132248,-0.03537202998995781,1.2085968255996704,1
24.56,WAIT_WP,-0.025499742478132248,-0.03537202998995781,1.2085968255996704,1
24.564,WAIT_WP,-0.025499742478132248,-0.03537202998995781,1.2085968255996704,1
24.572,WAIT_WP,-0.02472436986863613,-0.04087347164750099,1.2088686227798462,1
24.576,WAIT_WP,-0.02472436986863613,-0.04087347164750099,1.2088686227798462,1
24.58,WAIT_WP,-0.02472436986863613,-0.04087347164750099,1.2088686227798462,1
24.584,WAIT_WP,-0.02472436986863613,-0.04087347164750099,1.2088686227798462,1
24.592,WAIT_WP,-0.02420356497168541,-0.044397156685590744,1.2090259790420532,1
24.596,WAIT_WP,-0.02420356497168541,-0.044397156685590744,1.2090259790420532,1
24.6,WAIT_WP,-0.02420356497168541,-0.044397156685590744,1.2090259790420532,1
24.604,WAIT_WP,-0.02420356497168541,-0.044397156685590744,1.2090259790420532,1
24.612,WAIT_WP,-0.023421071469783783,-0.049470968544483185,1.2092325687408447,1
24.616,WAIT_WP,-0.023421071469783783,-0.049470968544483185,1.2092325687408447,1
24.62,WAIT_WP,-0.023421071469783783,-0.049470968544483185,1.2092325687408447,1
24.624,WAIT_WP,-0.023421071469783783,-0.049470968544483185,1.2092325687408447,1
24.632,WAIT_WP,-0.022897779941558838,-0.05271948128938675,1.2093478441238403,1
24.636,WAIT_WP,-0.022897779941558838,-0.05271948128938675,1.2093478441238403,1
24.64,WAIT_WP,-0.022897779941558838,-0.05271948128938675,1.2093478441238403,1
24.644,WAIT_WP,-0.022897779941558838,-0.05271948128938675,1.2093478441238403,1
24.652,WAIT_WP,-0.0221119225025177,-0.05739177018404007,1.2095025777816772,1
24.656,WAIT_WP,-0.0221119225025177,-0.05739177018404007,1.2095025777816772,1
24.66,WAIT_WP,-0.0221119225025177,-0.05739177018404007,1.2095025777816772,1
24.664,WAIT_WP,-0.0221119225025177,-0.05739177018404007,1.2095025777816772,1
24.672,WAIT_WP,-0.021593598648905754,-0.060383688658475876,1.2095943689346313,1
24.676,WAIT_WP,-0.021593598648905754,-0.060383688658475876,1.2095943689346313,1
24.68,WAIT_WP,-0.021593598648905754,-0.060383688658475876,1.2095943689346313,1
24.684,WAIT_WP,-0.021593598648905754,-0.060383688658475876,1.2095943689346313,1
24.692,WAIT_WP,-0.02081402763724327,-0.06468267738819122,1.2096973657608032,1
24.696,WAIT_WP,-0.02081402763724327,-0.06468267738819122,1.2096973657608032,1
24.7,WAIT_WP,-0.02081402763724327,-0.06468267738819122,1.2096973657608032,1
24.704,WAIT_WP,-0.02081402763724327,-0.06468267738819122,1.2096973657608032,1
24.712,WAIT_WP,-0.02029825747013092,-0.0674232691526413,1.2097479104995728,1
24.716,WAIT_WP,-0.02029825747013092,-0.0674232691526413,1.2097479104995728,1
24.72,WAIT_WP,-0.02029825747013092,-0.0674232691526413,1.2097479104995728,1
24.724,WAIT_WP,-0.02029825747013092,-0.0674232691526413,1.2097479104995728,1
24.732,WAIT_WP,-0.019536323845386505,-0.07134474068880081,1.2097970247268677,1
24.736,WAIT_WP,-0.019536323845386505,-0.07134474068880081,1.2097970247268677,1
24.74,WAIT_WP,-0.019536323845386505,-0.07134474068880081,1.2097970247268677,1
24.744,WAIT_WP,-0.019536323845386505,-0.07134474068880081,1.2097970247268677,1
24.752,WAIT_WP,-0.019034376367926598,-0.07384034991264343,1.2098067998886108,1
24.756,WAIT_WP,-0.019034376367926598,-0.07384034991264343,1.2098067998886108,1
24.76,WAIT_WP,-0.019034376367926598,-0.07384034991264343,1.2098067998886108,1
24.764,WAIT_WP,-0.019034376367926598,-0.07384034991264343,1.2098067998886108,1
24.772,WAIT_WP,-0.018287619575858116,-0.07740290462970734,1.2098101377487183,1
24.776,WAIT_WP,-0.018287619575858116,-0.07740290462970734,1.2098101377487183,1
24.78,WAIT_WP,-0.018287619575858116,-0.07740290462970734,1.2098101377487183,1
24.784,WAIT_WP,-0.018287619575858116,-0.07740290462970734,1.2098101377487183,1
24.792,WAIT_WP,-0.01779366284608841,-0.079664446413517,1.209790825843811,1
24.796,WAIT_WP,-0.01779366284608841,-0.079664446413517,1.209790825843811,1
24.8,WAIT_WP,-0.01779366284608841,-0.079664446413517,1.209790825843811,1
24.804,WAIT_WP,-0.01779366284608841,-0.079664446413517,1.209790825843811,1
24.812,WAIT_WP,-0.0170583575963974,-0.0828881561756134,1.209736704826355,1
24.816,WAIT_WP,-0.0170583575963974,-0.0828881561756134,1.209736704826355,1
24.82,WAIT_WP,-0.0170583575963974,-0.0828881561756134,1.209736704826355,1
24.824,WAIT_WP,-0.0170583575963974,-0.0828881561756134,1.209736704826355,1
24.832,WAIT_WP,-0.016576217487454414,-0.0849277600646019,1.209700345993042,1
24.836,WAIT_WP,-0.016576217487454414,-0.0849277600646019,1.209700345993042,1
24.84,RTL,-0.016576217487454414,-0.0849277600646019,1.209700345993042,1
24.844,RTL,-0.016576217487454414,-0.0849277600646019,1.209700345993042,1
24.852,RTL,-0.01586560346186161,-0.08782512694597244,1.2096251249313354,1
24.856,RTL,-0.01586560346186161,-0.08782512694597244,1.2096251249313354,1
24.86,RTL,-0.01586560346186161,-0.08782512694597244,1.2096251249313354,1
24.864,RTL,-0.01586560346186161,-0.08782512694597244,1.2096251249313354,1
24.872,RTL,-0.015403550118207932,-0.08964989334344864,1.2095625400543213,1
24.876,RTL,-0.015403550118207932,-0.08964989334344864,1.2095625400543213,1
24.88,RTL,-0.015403550118207932,-0.08964989334344864,1.2095625400543213,1
24.884,RTL,-0.015403550118207932,-0.08964989334344864,1.2095625400543213,1
24.892,LAND,-0.014724484644830227,-0.09223330765962601,1.2094753980636597,1
24.896,LAND,-0.014724484644830227,-0.09223330765962601,1.2094753980636597,1
24.9,LAND,-0.014724484644830227,-0.09223330765962601,1.2094753980636597,1
24.904,LAND,-0.014724484644830227,-0.09223330765962601,1.2094753980636597,1
24.912,LAND,-0.014280838891863823,-0.09385434538125992,1.2094026803970337,1
24.916,LAND,-0.014280838891863823,-0.09385434538125992,1.2094026803970337,1
24.92,LAND,-0.014280838891863823,-0.09385434538125992,1.2094026803970337,1
24.924,LAND,-0.014280838891863823,-0.09385434538125992,1.2094026803970337,1
24.932,LAND,-0.013629792258143425,-0.0961436778306961,1.209276556968689,1
24.936,LAND,-0.013629792258143425,-0.0961436778306961,1.209276556968689,1
24.94,LAND,-0.013629792258143425,-0.0961436778306961,1.209276556968689,1
24.944,LAND,-0.013629792258143425,-0.0961436778306961,1.209276556968689,1
24.951999999999998,LAND,-0.013362754136323929,-0.09782394021749496,1.2095288038253784,1
24.956,LAND,-0.013362754136323929,-0.09782394021749496,1.2095288038253784,1
24.96,LAND,-0.013362754136323929,-0.09782394021749496,1.2095288038253784,1
24.964,LAND,-0.013362754136323929,-0.09782394021749496,1.2095288038253784,1
24.972,LAND,-0.012955822050571442,-0.10017853230237961,1.2098627090454102,1
24.976,LAND,-0.012955822050571442,-0.10017853230237961,1.2098627090454102,1
24.98,LAND,-0.012955822050571442,-0.10017853230237961,1.2098627090454102,1
24.984,LAND,-0.012955822050571442,-0.10017853230237961,1.2098627090454102,1
24.992,LAND,-0.012680033221840858,-0.1016455814242363,1.2100653648376465,1
24.996,LAND,-0.012680033221840858,-0.1016455814242363,1.2100653648376465,1
25.0,LAND,-0.012680033221840858,-0.1016455814242363,1.2100653648376465,1
25.004,LAND,-0.012680033221840858,-0.1016455814242363,1.2100653648376465,1
25.012,LAND,-0.012270583771169186,-0.10370510816574097,1.2099239826202393,1
25.016,LAND,-0.012270583771169186,-0.10370510816574097,1.2099239826202393,1
25.02,LAND,-0.012270583771169186,-0.10370510816574097,1.2099239826202393,1
25.024,LAND,-0.012270583771169186,-0.10370510816574097,1.2099239826202393,1
25.032,LAND,-0.012001082301139832,-0.10501718521118164,1.2087136507034302,1
25.036,LAND,-0.012001082301139832,-0.10501718521118164,1.2087136507034302,1
25.04,LAND,-0.012001082301139832,-0.10501718521118164,1.2087136507034302,1
25.044,LAND,-0.012001082301139832,-0.10501718521118164,1.2087136507034302,1
25.052,LAND,-0.011601913720369339,-0.10693289339542389,1.20443594455719,1
25.056,LAND,-0.011601913720369339,-0.10693289339542389,1.20443594455719,1
25.06,LAND,-0.011601913720369339,-0.10693289339542389,1.20443594455719,1
25.064,LAND,-0.011601913720369339,-0.10693289339542389,1.20443594455719,1
25.072,LAND,-0.011342407204210758,-0.1081843227148056,1.1998038291931152,1
25.076,LAND,-0.011342407204210758,-0.1081843227148056,1.1998038291931152,1
25.08,LAND,-0.011342407204210758,-0.1081843227148056,1.1998038291931152,1
25.084,LAND,-0.011342407204210758,-0.1081843227148056,1.1998038291931152,1
25.092,LAND,-0.01096001360565424,-0.11002576351165771,1.1901707649230957,1
25.096,LAND,-0.01096001360565424,-0.11002576351165771,1.1901707649230957,1
25.1,LAND,-0.01096001360565424,-0.11002576351165771,1.1901707649230957,1
25.104,LAND,-0.01096001360565424,-0.11002576351165771,1.1901707649230957,1
25.112,LAND,-0.010712005198001862,-0.11122056841850281,1.18205988407135,1
25.116,LAND,-0.010712005198001862,-0.11122056841850281,1.18205988407135,1
25.12,LAND,-0.010712005198001862,-0.11122056841850281,1.18205988407135,1
25.124,LAND,-0.010712005198001862,-0.11122056841850281,1.18205988407135,1
25.132,LAND,-0.010357941500842571,-0.11295689642429352,1.1676225662231445,1
25.136,LAND,-0.010357941500842571,-0.11295689642429352,1.1676225662231445,1
25.14,LAND,-0.010357941500842571,-0.11295689642429352,1.1676225662231445,1
25.144,LAND,-0.010357941500842571,-0.11295689642429352,1.1676225662231445,1
25.152,LAND,-0.010134367272257805,-0.1140739843249321,1.1566263437271118,1
25.156,LAND,-0.010134367272257805,-0.1140739843249321,1.1566263437271118,1
25.16,LAND,-0.010134367272257805,-0.1140739843249321,1.1566263437271118,1
25.164,LAND,-0.010134367272257805,-0.1140739843249321,1.1566263437271118,1
25.172,LAND,-0.009816315025091171,-0.11568283289670944,1.1383591890335083,1
25.172,LAND,-0.009816315025091171,-0.11568283289670944,1.1383591890335083,1
25.18,LAND,-0.009816315025091171,-0.11568283289670944,1.1383591890335083,1
25.184,LAND,-0.009816315025091171,-0.11568283289670944,1.1383591890335083,1
25.192,LAND,-0.009616760537028313,-0.1167030781507492,1.125167965888977,1
25.196,LAND,-0.009616760537028313,-0.1167030781507492,1.125167965888977,1
25.2,LAND,-0.009616760537028313,-0.1167030781507492,1.125167965888977,1
25.204,LAND,-0.009616760537028313,-0.1167030781507492,1.125167965888977,1
25.212,LAND,-0.009333488531410694,-0.11814819276332855,1.1041115522384644,1
25.216,LAND,-0.009333488531410694,-0.11814819276332855,1.1041115522384644,1
25.22,LAND,-0.009333488531410694,-0.11814819276332855,1.1041115522384644,1
25.224,LAND,-0.00915447436273098,-0.11904638260602951,1.0893614292144775,1
25.232,LAND,-0.00915447436273098,-0.11904638260602951,1.0893614292144775,1
25.236,LAND,-0.00915447436273098,-0.11904638260602951,1.0893614292144775,1
25.24,LAND,-0.00915447436273098,-0.11904638260602951,1.0893614292144775,1
25.24,LAND,-0.00915447436273098,-0.11904638260602951,1.0893614292144775,1
25.252,LAND,-0.008897935040295124,-0.12029221653938293,1.0664188861846924,1
25.256,LAND,-0.008897935040295124,-0.12029221653938293,1.0664188861846924,1
25.256,LAND,-0.008897935040295124,-0.12029221653938293,1.0664188861846924,1
25.26,LAND,-0.008897935040295124,-0.12029221653938293,1.0664188861846924,1
25.272,LAND,-0.008732347749173641,-0.12104933708906174,1.050681471824646,1
25.276,LAND,-0.008732347749173641,-0.12104933708906174,1.050681471824646,1
25.284,LAND,-0.008732347749173641,-0.12104933708906174,1.050681471824646,1
25.284,LAND,-0.008732347749173641,-0.12104933708906174,1.050681471824646,1
25.292,LAND,-0.008492851629853249,-0.12206856906414032,1.026620626449585,1
25.296,LAND,-0.008492851629853249,-0.12206856906414032,1.026620626449585,1
25.296,LAND,-0.008492851629853249,-0.12206856906414032,1.026620626449585,1
25.308,LAND,-0.008492851629853249,-0.12206856906414032,1.026620626449585,1
25.312,LAND,-0.00834984052926302,-0.12266819924116135,1.0103732347488403,1
25.312,LAND,-0.00834984052926302,-0.12266819924116135,1.0103732347488403,1
25.32,LAND,-0.00834984052926302,-0.12266819924116135,1.0103732347488403,1
25.324,LAND,-0.00834984052926302,-0.12266819924116135,1.0103732347488403,1
25.332,LAND,-0.008150309324264526,-0.12344685196876526,0.9858310222625732,1
25.336,LAND,-0.008150309324264526,-0.12344685196876526,0.9858310222625732,1
25.34,LAND,-0.008150309324264526,-0.12344685196876526,0.9858310222625732,1
25.344,LAND,-0.008150309324264526,-0.12344685196876526,0.9858310222625732,1
25.352,LAND,-0.00808949675410986,-0.12405705451965332,0.9700950980186462,1
25.356,LAND,-0.00808949675410986,-0.12405705451965332,0.9700950980186462,1
25.36,LAND,-0.00808949675410986,-0.12405705451965332,0.9700950980186462,1
25.364,LAND,-0.00808949675410986,-0.12405705451965332,0.9700950980186462,1
25.372,LAND,-0.007997480221092701,-0.12483033537864685,0.9465256333351135,1
25.372,LAND,-0.007997480221092701,-0.12483033537864685,0.9465256333351135,1
25.38,LAND,-0.007997480221092701,-0.12483033537864685,0.9465256333351135,1
25.38,LAND,-0.007997480221092701,-0.12483033537864685,0.9465256333351135,1
25.392,LAND,-0.007997480221092701,-0.12483033537864685,0.9465256333351135,1
25.392,LAND,-0.007942416705191135,-0.1252482831478119,0.9308653473854065,1
25.4,LAND,-0.007942416705191135,-0.1252482831478119,0.9308653473854065,1
25.404,LAND,-0.007942416705191135,-0.1252482831478119,0.9308653473854065,1
25.416,LAND,-0.007865971885621548,-0.1257275938987732,0.9075365662574768,1
25.424,LAND,-0.007865971885621548,-0.1257275938987732,0.9075365662574768,1
25.424,LAND,-0.007865971885621548,-0.1257275938987732,0.9075365662574768,1
25.428,LAND,-0.007865971885621548,-0.1257275938987732,0.9075365662574768,1
25.432,LAND,-0.007812367286533117,-0.12595458328723907,0.8921500444412231,1
25.436,LAND,-0.007812367286533117,-0.12595458328723907,0.8921500444412231,1
25.44,LAND,-0.007812367286533117,-0.12595458328723907,0.8921500444412231,1
25.444,LAND,-0.007812367286533117,-0.12595458328723907,0.8921500444412231,1
25.452,LAND,-0.0077315946109592915,-0.1261596828699112,0.8693561553955078,1
25.456,LAND,-0.0077315946109592915,-0.1261596828699112,0.8693561553955078,1
25.456,LAND,-0.0077315946109592915,-0.1261596828699112,0.8693561553955078,1
25.46,LAND,-0.0077315946109592915,-0.1261596828699112,0.8693561553955078,1
25.472,LAND,-0.007647826801985502,-0.1262066513299942,0.8469723463058472,1
25.476,LAND,-0.007647826801985502,-0.1262066513299942,0.8469723463058472,1
25.476,LAND,-0.007647826801985502,-0.1262066513299942,0.8469723463058472,1
25.476,LAND,-0.007647826801985502,-0.1262066513299942,0.8469723463058472,1
25.492,LAND,-0.007585984654724598,-0.1261528879404068,0.832294762134552,1
25.496,LAND,-0.007585984654724598,-0.1261528879404068,0.832294762134552,1
25.496,LAND,-0.007585984654724598,-0.1261528879404068,0.832294762134552,1
25.504,LAND,-0.007585984654724598,-0.1261528879404068,0.832294762134552,1
25.512,LAND,-0.00752191012725234,-0.1260271668434143,0.817819356918335,1
25.516,LAND,-0.00752191012725234,-0.1260271668434143,0.817819356918335,1
25.52,LAND,-0.00752191012725234,-0.1260271668434143,0.817819356918335,1
25.524,LAND,-0.00752191012725234,-0.1260271668434143,0.817819356918335,1
25.532,LAND,-0.0074280970729887486,-0.12571774423122406,0.7965173125267029,1
25.536,LAND,-0.0074280970729887486,-0.12571774423122406,0.7965173125267029,1
25.54,LAND,-0.0074280970729887486,-0.12571774423122406,0.7965173125267029,1
25.544,LAND,-0.0074280970729887486,-0.12571774423122406,0.7965173125267029,1
25.552,LAND,-0.007367710117250681,-0.12543553113937378,0.7826083898544312,1
25.556,LAND,-0.007367710117250681,-0.12543553113937378,0.7826083898544312,1
25.56,LAND,-0.007367710117250681,-0.12543553113937378,0.7826083898544312,1
25.56,LAND,-0.007367710117250681,-0.12543553113937378,0.7826083898544312,1
25.572,LAND,-0.007289365865290165,-0.1249033659696579,0.7621853947639465,1
25.58,LAND,-0.007289365865290165,-0.1249033659696579,0.7621853947639465,1
25.584,LAND,-0.007289365865290165,-0.1249033659696579,0.7621853947639465,1
25.584,LAND,-0.007289365865290165,-0.1249033659696579,0.7621853947639465,1
25.592,LAND,-0.007219422142952681,-0.12425143271684647,0.7422990202903748,1
25.592,LAND,-0.007219422142952681,-0.12425143271684647,0.7422990202903748,1
25.592,LAND,-0.007219422142952681,-0.12425143271684647,0.7422990202903748,1
25.592,LAND,-0.0071726031601428986,-0.12375875562429428,0.729357123374939,1
25.612,LAND,-0.0071726031601428986,-0.12375875562429428,0.729357123374939,1
25.612,LAND,-0.0071726031601428986,-0.12375875562429428,0.729357123374939,1
25.616,LAND,-0.0071726031601428986,-0.12375875562429428,0.729357123374939,1
25.624,LAND,-0.0071726031601428986,-0.12375875562429428,0.729357123374939,1
25.632,LAND,-0.007127826567739248,-0.12322092056274414,0.7166582345962524,1
25.636,LAND,-0.007127826567739248,-0.12322092056274414,0.7166582345962524,1
25.644,LAND,-0.007127826567739248,-0.12322092056274414,0.7166582345962524,1
25.644,LAND,-0.007127826567739248,-0.12322092056274414,0.7166582345962524,1
25.644,LAND,-0.007060875650495291,-0.12234095484018326,0.6980727910995483,1
25.644,LAND,-0.007060875650495291,-0.12234095484018326,0.6980727910995483,1
25.644,LAND,-0.007060875650495291,-0.12234095484018326,0.6980727910995483,1
25.644,LAND,-0.007060875650495291,-0.12234095484018326,0.6980727910995483,1
25.672,LAND,-0.007010855246335268,-0.1216953843832016,0.6860015392303467,1
25.676,LAND,-0.007010855246335268,-0.1216953843832016,0.6860015392303467,1
25.676,LAND,-0.007010855246335268,-0.1216953843832016,0.6860015392303467,1
25.676,LAND,-0.007010855246335268,-0.1216953843832016,0.6860015392303467,1
25.692,LAND,-0.006943626794964075,-0.12065176665782928,0.6683717966079712,1
25.692,LAND,-0.006943626794964075,-0.12065176665782928,0.6683717966079712,1
25.692,LAND,-0.006943626794964075,-0.12065176665782928,0.6683717966079712,1
25.692,LAND,-0.006943626794964075,-0.12065176665782928,0.6683717966079712,1
25.712,LAND,-0.006909769494086504,-0.11990391463041306,0.6569203734397888,1
25.716,LAND,-0.006909769494086504,-0.11990391463041306,0.6569203734397888,1
25.72,LAND,-0.006909769494086504,-0.11990391463041306,0.6569203734397888,1
25.724,LAND,-0.006909769494086504,-0.11990391463041306,0.6569203734397888,1
25.732,LAND,-0.006865168921649456,-0.11871697753667831,0.6402183771133423,1
25.736,LAND,-0.006865168921649456,-0.11871697753667831,0.6402183771133423,1
25.74,LAND,-0.006865168921649456,-0.11871697753667831,0.6402183771133423,1
25.748,LAND,-0.006937064696103334,-0.11782043427228928,0.6245336532592773,1
25.756,LAND,-0.006937064696103334,-0.11782043427228928,0.6245336532592773,1
25.756,LAND,-0.006937064696103334,-0.11782043427228928,0.6245336532592773,1
25.76,LAND,-0.006937064696103334,-0.11782043427228928,0.6245336532592773,1
25.764,LAND,-0.006937064696103334,-0.11782043427228928,0.6245336532592773,1
25.772,LAND,-0.0069784740917384624,-0.11716345697641373,0.6143350601196289,1
25.772,LAND,-0.0069784740917384624,-0.11716345697641373,0.6143350601196289,1
25.78,LAND,-0.0069784740917384624,-0.11716345697641373,0.6143350601196289,1
25.784,LAND,-0.0069784740917384624,-0.11716345697641373,0.6143350601196289,1
25.792,LAND,-0.007015926763415337,-0.11646287143230438,0.6043524146080017,1
25.796,LAND,-0.007015926763415337,-0.11646287143230438,0.6043524146080017,1
25.8,LAND,-0.007015926763415337,-0.11646287143230438,0.6043524146080017,1
25.804,LAND,-0.007015926763415337,-0.11646287143230438,0.6043524146080017,1
25.812,LAND,-0.007067500613629818,-0.11533915996551514,0.5897606015205383,1
25.816,LAND,-0.007067500613629818,-0.11533915996551514,0.5897606015205383,1
25.82,LAND,-0.007067500613629818,-0.11533915996551514,0.5897606015205383,1
25.824,LAND,-0.007067500613629818,-0.11533915996551514,0.5897606015205383,1
25.832,LAND,-0.007100488059222698,-0.11454258114099503,0.5802896618843079,1
25.836,LAND,-0.007100488059222698,-0.11454258114099503,0.5802896618843079,1
25.84,LAND,-0.007100488059222698,-0.11454258114099503,0.5802896618843079,1
25.844,LAND,-0.007100488059222698,-0.11454258114099503,0.5802896618843079,1
25.852,LAND,-0.00715445913374424,-0.11327946931123734,0.5664682388305664,1
25.856,LAND,-0.00715445913374424,-0.11327946931123734,0.5664682388305664,1
25.856,LAND,-0.00715445913374424,-0.11327946931123734,0.5664682388305664,1
25.864,LAND,-0.00715445913374424,-0.11327946931123734,0.5664682388305664,1
25.872,LAND,-0.007187580689787865,-0.11239123344421387,0.5574982762336731,1
25.876,LAND,-0.007187580689787865,-0.11239123344421387,0.5574982762336731,1
25.88,LAND,-0.007187580689787865,-0.11239123344421387,0.5574982762336731,1
25.884,LAND,-0.007187580689787865,-0.11239123344421387,0.5574982762336731,1
25.896,LAND,-0.007235364522784948,-0.11100764572620392,0.5444135665893555,1
25.896,LAND,-0.007235364522784948,-0.11100764572620392,0.5444135665893555,1
25.9,LAND,-0.007235364522784948,-0.11100764572620392,0.5444135665893555,1
25.9,LAND,-0.007235364522784948,-0.11100764572620392,0.5444135665893555,1
25.912,LAND,-0.0072705550119280815,-0.11005433648824692,0.5359200835227966,1
25.916,LAND,-0.0072705550119280815,-0.11005433648824692,0.5359200835227966,1
25.92,LAND,-0.0072705550119280815,-0.11005433648824692,0.5359200835227966,1
25.924,LAND,-0.0072705550119280815,-0.11005433648824692,0.5359200835227966,1
25.932,LAND,-0.007323478348553181,-0.10857756435871124,0.5235101580619812,1
25.936,LAND,-0.007323478348553181,-0.10857756435871124,0.5235101580619812,1
25.936,LAND,-0.007323478348553181,-0.10857756435871124,0.5235101580619812,1
25.936,LAND,-0.007323478348553181,-0.10857756435871124,0.5235101580619812,1
25.951999999999998,LAND,-0.007361786440014839,-0.10756228864192963,0.51545649766922,1
25.951999999999998,LAND,-0.007361786440014839,-0.10756228864192963,0.51545649766922,1
25.951999999999998,LAND,-0.007361786440014839,-0.10756228864192963,0.51545649766922,1
25.956,LAND,-0.007361786440014839,-0.10756228864192963,0.51545649766922,1
25.972,LAND,-0.0074193356558680534,-0.10600075870752335,0.5036987662315369,1
25.976,LAND,-0.0074193356558680534,-0.10600075870752335,0.5036987662315369,1
25.98,LAND,-0.0074193356558680534,-0.10600075870752335,0.5036987662315369,1
25.984,LAND,-0.0074193356558680534,-0.10600075870752335,0.5036987662315369,1
25.996,LAND,-0.007457968778908253,-0.10493618249893188,0.49605610966682434,1
25.996,LAND,-0.007457968778908253,-0.10493618249893188,0.49605610966682434,1
25.996,LAND,-0.007457968778908253,-0.10493618249893188,0.49605610966682434,1
26.008,LAND,-0.007457968778908253,-0.10493618249893188,0.49605610966682434,1
26.012,LAND,-0.007457968778908253,-0.10493618249893188,0.49605610966682434,1
26.016,LAND,-0.007457968778908253,-0.10493618249893188,0.49605610966682434,1
26.02,LAND,-0.007457968778908253,-0.10493618249893188,0.49605610966682434,1
26.024,LAND,-0.007524211425334215,-0.10330551862716675,0.48490962386131287,1
26.032,LAND,-0.007575228810310364,-0.1021888330578804,0.47767794132232666,1
26.032,LAND,-0.007575228810310364,-0.1021888330578804,0.47767794132232666,1
26.032,LAND,-0.007575228810310364,-0.1021888330578804,0.47767794132232666,1
26.032,LAND,-0.007575228810310364,-0.1021888330578804,0.47767794132232666,1
26.052,LAND,-0.007663355674594641,-0.10049037635326385,0.46711358428001404,1
26.052,LAND,-0.007663355674594641,-0.10049037635326385,0.46711358428001404,1
26.064,LAND,-0.007663355674594641,-0.10049037635326385,0.46711358428001404,1
26.068,LAND,-0.007663355674594641,-0.10049037635326385,0.46711358428001404,1
26.072,LAND,-0.007663355674594641,-0.10049037635326385,0.46711358428001404,1
26.072,LAND,-0.007663355674594641,-0.10049037635326385,0.46711358428001404,1
26.08,LAND,-0.007716117426753044,-0.09933395683765411,0.4602559506893158,1
26.084,LAND,-0.007716117426753044,-0.09933395683765411,0.4602559506893158,1
26.092,LAND,-0.0077893794514238834,-0.09756729751825333,0.4502487778663635,1
26.096,LAND,-0.0077893794514238834,-0.09756729751825333,0.4502487778663635,1
26.1,LAND,-0.0077893794514238834,-0.09756729751825333,0.4502487778663635,1
26.104,LAND,-0.0077893794514238834,-0.09756729751825333,0.4502487778663635,1
26.112,LAND,-0.00783486943691969,-0.09636957943439484,0.4437517821788788,1
26.116,LAND,-0.00783486943691969,-0.09636957943439484,0.4437517821788788,1
26.12,LAND,-0.00783486943691969,-0.09636957943439484,0.4437517821788788,1
26.124,LAND,-0.00783486943691969,-0.09636957943439484,0.4437517821788788,1
26.132,LAND,-0.007896802388131618,-0.09455648809671402,0.43428346514701843,1
26.132,LAND,-0.007896802388131618,-0.09455648809671402,0.43428346514701843,1
26.132,LAND,-0.007896802388131618,-0.09455648809671402,0.43428346514701843,1
26.148,LAND,-0.007896802388131618,-0.09455648809671402,0.43428346514701843,1
26.148,LAND,-0.008003904484212399,-0.09278475493192673,0.4256541132926941,1
26.148,LAND,-0.008003904484212399,-0.09278475493192673,0.4256541132926941,1
26.164,LAND,-0.008003904484212399,-0.09278475493192673,0.4256541132926941,1
26.172,LAND,-0.008071553893387318,-0.0915825217962265,0.42005455493927,1
26.172,LAND,-0.008071553893387318,-0.0915825217962265,0.42005455493927,1
26.176,LAND,-0.008071553893387318,-0.0915825217962265,0.42005455493927,1
26.176,LAND,-0.008071553893387318,-0.0915825217962265,0.42005455493927,1
26.176,LAND,-0.008071553893387318,-0.0915825217962265,0.42005455493927,1
26.192,LAND,-0.008138909935951233,-0.0903652235865593,0.4145748019218445,1
26.196,LAND,-0.008138909935951233,-0.0903652235865593,0.4145748019218445,1
26.2,LAND,-0.008138909935951233,-0.0903652235865593,0.4145748019218445,1
26.204,LAND,-0.008138909935951233,-0.0903652235865593,0.4145748019218445,1
26.212,LAND,-0.00823727436363697,-0.08852167427539825,0.4065527617931366,1
26.216,LAND,-0.00823727436363697,-0.08852167427539825,0.4065527617931366,1
26.22,LAND,-0.00823727436363697,-0.08852167427539825,0.4065527617931366,1
26.224,LAND,-0.00823727436363697,-0.08852167427539825,0.4065527617931366,1
26.232,LAND,-0.008296751417219639,-0.08727164566516876,0.40133216977119446,1
26.236,LAND,-0.008296751417219639,-0.08727164566516876,0.40133216977119446,1
26.24,LAND,-0.008296751417219639,-0.08727164566516876,0.40133216977119446,1
26.244,LAND,-0.008296751417219639,-0.08727164566516876,0.40133216977119446,1
26.252,LAND,-0.008380047976970673,-0.08537453413009644,0.39370912313461304,1
26.256,LAND,-0.008380047976970673,-0.08537453413009644,0.39370912313461304,1
26.26,LAND,-0.008380047976970673,-0.08537453413009644,0.39370912313461304,1
26.264,LAND,-0.008380047976970673,-0.08537453413009644,0.39370912313461304,1
26.272,LAND,-0.008433550596237183,-0.0840977281332016,0.3887485861778259,1
26.276,LAND,-0.008433550596237183,-0.0840977281332016,0.3887485861778259,1
26.28,LAND,-0.008433550596237183,-0.0840977281332016,0.3887485861778259,1
26.284,LAND,-0.008433550596237183,-0.0840977281332016,0.3887485861778259,1
26.292,LAND,-0.00851499754935503,-0.08216576278209686,0.38149455189704895,1
26.296,LAND,-0.00851499754935503,-0.08216576278209686,0.38149455189704895,1
26.3,LAND,-0.00851499754935503,-0.08216576278209686,0.38149455189704895,1
26.304,LAND,-0.00851499754935503,-0.08216576278209686,0.38149455189704895,1
26.312,LAND,-0.00857136957347393,-0.08086278289556503,0.3767746686935425,1
26.316,LAND,-0.00857136957347393,-0.08086278289556503,0.3767746686935425,1
26.32,LAND,-0.00857136957347393,-0.08086278289556503,0.3767746686935425,1
26.324,LAND,-0.00857136957347393,-0.08086278289556503,0.3767746686935425,1
26.332,LAND,-0.008649894967675209,-0.07889601588249207,0.3698527216911316,1
26.336,LAND,-0.008649894967675209,-0.07889601588249207,0.3698527216911316,1
26.34,LAND,-0.008649894967675209,-0.07889601588249207,0.3698527216911316,1
26.344,LAND,-0.008649894967675209,-0.07889601588249207,0.3698527216911316,1
26.352,LAND,-0.008700836449861526,-0.07757493853569031,0.36535215377807617,1
26.356,LAND,-0.008700836449861526,-0.07757493853569031,0.36535215377807617,1
26.36,LAND,-0.008700836449861526,-0.07757493853569031,0.36535215377807617,1
26.364,LAND,-0.008700836449861526,-0.07757493853569031,0.36535215377807617,1
26.372,LAND,-0.008785623125731945,-0.07559552043676376,0.35875529050827026,1
26.376,LAND,-0.008785623125731945,-0.07559552043676376,0.35875529050827026,1
26.38,LAND,-0.008785623125731945,-0.07559552043676376,0.35875529050827026,1
26.384,LAND,-0.008785623125731945,-0.07559552043676376,0.35875529050827026,1
26.392,LAND,-0.008841689676046371,-0.07427055388689041,0.3544556498527527,1
26.396,LAND,-0.008841689676046371,-0.07427055388689041,0.3544556498527527,1
26.4,LAND,-0.008841689676046371,-0.07427055388689041,0.3544556498527527,1
26.404,LAND,-0.008841689676046371,-0.07427055388689041,0.3544556498527527,1
26.412,LAND,-0.008928471244871616,-0.07228327542543411,0.34817343950271606,1
26.416,LAND,-0.008928471244871616,-0.07228327542543411,0.34817343950271606,1
26.42,LAND,-0.008928471244871616,-0.07228327542543411,0.34817343950271606,1
26.424,LAND,-0.008928471244871616,-0.07228327542543411,0.34817343950271606,1
26.432,LAND,-0.008992288261651993,-0.07095719128847122,0.3440844416618347,1
26.436,LAND,-0.008992288261651993,-0.07095719128847122,0.3440844416618347,1
26.44,LAND,-0.008992288261651993,-0.07095719128847122,0.3440844416618347,1
26.44,LAND,-0.008992288261651993,-0.07095719128847122,0.3440844416618347,1
26.452,LAND,-0.009096808731555939,-0.06896723806858063,0.3380958139896393,1
26.456,LAND,-0.009096808731555939,-0.06896723806858063,0.3380958139896393,1
26.46,LAND,-0.009096808731555939,-0.06896723806858063,0.3380958139896393,1
26.464,LAND,-0.009096808731555939,-0.06896723806858063,0.3380958139896393,1
26.472,LAND,-0.009168006479740143,-0.06764261424541473,0.33421242237091064,1
26.476,LAND,-0.009168006479740143,-0.06764261424541473,0.33421242237091064,1
26.48,LAND,-0.009168006479740143,-0.06764261424541473,0.33421242237091064,1
26.484,LAND,-0.009168006479740143,-0.06764261424541473,0.33421242237091064,1
26.492,LAND,-0.009279116056859493,-0.06566789746284485,0.3285244107246399,1
26.496,LAND,-0.009279116056859493,-0.06566789746284485,0.3285244107246399,1
26.5,LAND,-0.009279116056859493,-0.06566789746284485,0.3285244107246399,1
26.504,LAND,-0.009279116056859493,-0.06566789746284485,0.3285244107246399,1
26.512,LAND,-0.00935685820877552,-0.0643535628914833,0.32482078671455383,1
26.516,LAND,-0.00935685820877552,-0.0643535628914833,0.32482078671455383,1
26.52,LAND,-0.00935685820877552,-0.0643535628914833,0.32482078671455383,1
26.524,LAND,-0.00935685820877552,-0.0643535628914833,0.32482078671455383,1
26.532,LAND,-0.009483253583312035,-0.06239326670765877,0.3194189667701721,1
26.536,LAND,-0.009483253583312035,-0.06239326670765877,0.3194189667701721,1
26.54,LAND,-0.009483253583312035,-0.06239326670765877,0.3194189667701721,1
26.544,LAND,-0.009483253583312035,-0.06239326670765877,0.3194189667701721,1
26.552,LAND,-0.009553704410791397,-0.061190638691186905,0.3162941038608551,1
26.556,LAND,-0.009553704410791397,-0.061190638691186905,0.3162941038608551,1
26.56,LAND,-0.009553704410791397,-0.061190638691186905,0.3162941038608551,1
26.564,LAND,-0.009553704410791397,-0.061190638691186905,0.3162941038608551,1
26.572,LAND,-0.00965524185448885,-0.059390246868133545,0.3116973340511322,1
26.576,LAND,-0.00965524185448885,-0.059390246868133545,0.3116973340511322,1
26.576,LAND,-0.00965524185448885,-0.059390246868133545,0.3116973340511322,1
26.576,LAND,-0.00965524185448885,-0.059390246868133545,0.3116973340511322,1
26.592,LAND,-0.0097152478992939,-0.05819162726402283,0.3087078332901001,1
26.592,LAND,-0.0097152478992939,-0.05819162726402283,0.3087078332901001,1
26.592,LAND,-0.0097152478992939,-0.05819162726402283,0.3087078332901001,1
26.604,LAND,-0.0097152478992939,-0.05819162726402283,0.3087078332901001,1
26.612,LAND,-0.00980705302208662,-0.05640065297484398,0.30430254340171814,1
26.616,LAND,-0.00980705302208662,-0.05640065297484398,0.30430254340171814,1
26.62,LAND,-0.00980705302208662,-0.05640065297484398,0.30430254340171814,1
26.624,LAND,-0.00980705302208662,-0.05640065297484398,0.30430254340171814,1
26.632,LAND,-0.00986914336681366,-0.05520883575081825,0.30141544342041016,1
26.636,LAND,-0.00986914336681366,-0.05520883575081825,0.30141544342041016,1
26.64,LAND,-0.00986914336681366,-0.05520883575081825,0.30141544342041016,1
26.644,LAND,-0.00986914336681366,-0.05520883575081825,0.30141544342041016,1
26.652,LAND,-0.009960678406059742,-0.05343254655599594,0.2971712648868561,1
26.656,LAND,-0.009960678406059742,-0.05343254655599594,0.2971712648868561,1
26.66,LAND,-0.009960678406059742,-0.05343254655599594,0.2971712648868561,1
26.664,LAND,-0.009960678406059742,-0.05343254655599594,0.2971712648868561,1
26.672,LAND,-0.010022726841270924,-0.05225425958633423,0.2943979501724243,1
26.676,LAND,-0.010022726841270924,-0.05225425958633423,0.2943979501724243,1
26.68,LAND,-0.010022726841270924,-0.05225425958633423,0.2943979501724243,1
26.684,LAND,-0.010022726841270924,-0.05225425958633423,0.2943979501724243,1
26.692,LAND,-0.010109436698257923,-0.050494492053985596,0.2903132140636444,1
26.696,LAND,-0.010109436698257923,-0.050494492053985596,0.2903132140636444,1
26.7,LAND,-0.010109436698257923,-0.050494492053985596,0.2903132140636444,1
26.704,LAND,-0.010109436698257923,-0.050494492053985596,0.2903132140636444,1
26.712,LAND,-0.010170773603022099,-0.04932945594191551,0.28765401244163513,1
26.716,LAND,-0.010170773603022099,-0.04932945594191551,0.28765401244163513,1
26.72,LAND,-0.010170773603022099,-0.04932945594191551,0.28765401244163513,1
26.724,LAND,-0.010170773603022099,-0.04932945594191551,0.28765401244163513,1
26.732,LAND,-0.010266467928886414,-0.04759422317147255,0.2837376594543457,1
26.736,LAND,-0.010266467928886414,-0.04759422317147255,0.2837376594543457,1
26.74,LAND,-0.010266467928886414,-0.04759422317147255,0.2837376594543457,1
26.744,LAND,-0.010266467928886414,-0.04759422317147255,0.2837376594543457,1
26.752,LAND,-0.01033717580139637,-0.04644627124071121,0.28117817640304565,1
26.756,LAND,-0.01033717580139637,-0.04644627124071121,0.28117817640304565,1
26.76,LAND,-0.01033717580139637,-0.04644627124071121,0.28117817640304565,1
26.764,LAND,-0.01033717580139637,-0.04644627124071121,0.28117817640304565,1
26.772,LAND,-0.010449811816215515,-0.044741254299879074,0.2774258255958557,1
26.776,LAND,-0.010449811816215515,-0.044741254299879074,0.2774258255958557,1
26.78,LAND,-0.010449811816215515,-0.044741254299879074,0.2774258255958557,1
26.784,LAND,-0.010449811816215515,-0.044741254299879074,0.2774258255958557,1
26.792,LAND,-0.010523077100515366,-0.04361516609787941,0.2749667763710022,1
26.796,LAND,-0.010523077100515366,-0.04361516609787941,0.2749667763710022,1
26.796,LAND,-0.010523077100515366,-0.04361516609787941,0.2749667763710022,1
26.796,LAND,-0.010523077100515366,-0.04361516609787941,0.2749667763710022,1
26.812,LAND,-0.010632849298417568,-0.04194312542676926,0.27133700251579285,1
26.816,LAND,-0.010632849298417568,-0.04194312542676926,0.27133700251579285,1
26.82,LAND,-0.010632849298417568,-0.04194312542676926,0.27133700251579285,1
26.824,LAND,-0.010632849298417568,-0.04194312542676926,0.27133700251579285,1
26.832,LAND,-0.010706979781389236,-0.04084101691842079,0.2689638137817383,1
26.836,LAND,-0.010706979781389236,-0.04084101691842079,0.2689638137817383,1
26.84,LAND,-0.010706979781389236,-0.04084101691842079,0.2689638137817383,1
26.844,LAND,-0.010706979781389236,-0.04084101691842079,0.2689638137817383,1
26.852,LAND,-0.010821400210261345,-0.03921275958418846,0.2654576897621155,1
26.856,LAND,-0.010821400210261345,-0.03921275958418846,0.2654576897621155,1
26.86,LAND,-0.010821400210261345,-0.03921275958418846,0.2654576897621155,1
26.864,LAND,-0.010821400210261345,-0.03921275958418846,0.2654576897621155,1
26.872,LAND,-0.010901505127549171,-0.03813567012548447,0.2631519138813019,1
26.876,LAND,-0.010901505127549171,-0.03813567012548447,0.2631519138813019,1
26.88,LAND,-0.010901505127549171,-0.03813567012548447,0.2631519138813019,1
26.884,LAND,-0.010901505127549171,-0.03813567012548447,0.2631519138813019,1
26.892,LAND,-0.011028568260371685,-0.03654026240110397,0.2597690224647522,1
26.892,LAND,-0.011028568260371685,-0.03654026240110397,0.2597690224647522,1
26.9,LAND,-0.011028568260371685,-0.03654026240110397,0.2597690224647522,1
26.904,LAND,-0.011028568260371685,-0.03654026240110397,0.2597690224647522,1
26.912,LAND,-0.011116115376353264,-0.03548521175980568,0.2575574815273285,1
26.916,LAND,-0.011116115376353264,-0.03548521175980568,0.2575574815273285,1
26.916,LAND,-0.011116115376353264,-0.03548521175980568,0.2575574815273285,1
26.92,LAND,-0.011116115376353264,-0.03548521175980568,0.2575574815273285,1
26.932,LAND,-0.011252690106630325,-0.03392268717288971,0.2543025612831116,1
26.936,LAND,-0.011252690106630325,-0.03392268717288971,0.2543025612831116,1
26.936,LAND,-0.011252690106630325,-0.03392268717288971,0.2543025612831116,1
26.944,LAND,-0.011252690106630325,-0.03392268717288971,0.2543025612831116,1
26.951999999999998,LAND,-0.011366337537765503,-0.03288646787405014,0.25260594487190247,1
26.956,LAND,-0.011366337537765503,-0.03288646787405014,0.25260594487190247,1
26.96,LAND,-0.011366337537765503,-0.03288646787405014,0.25260594487190247,1
26.964,LAND,-0.011366337537765503,-0.03288646787405014,0.25260594487190247,1
26.972,LAND,-0.01153685711324215,-0.03135795518755913,0.2500664293766022,1
26.976,LAND,-0.01153685711324215,-0.03135795518755913,0.2500664293766022,1
26.98,LAND,-0.01153685711324215,-0.03135795518755913,0.2500664293766022,1
26.984,LAND,-0.01153685711324215,-0.03135795518755913,0.2500664293766022,1
26.992,LAND,-0.011648004874587059,-0.0303514264523983,0.24839206039905548,1
26.996,LAND,-0.011648004874587059,-0.0303514264523983,0.24839206039905548,1
27.0,LAND,-0.011648004874587059,-0.0303514264523983,0.24839206039905548,1
27.004,LAND,-0.011648004874587059,-0.0303514264523983,0.24839206039905548,1
27.012,LAND,-0.011811835691332817,-0.028859028592705727,0.2458948791027069,1
27.016,LAND,-0.011811835691332817,-0.028859028592705727,0.2458948791027069,1
27.02,LAND,-0.011811835691332817,-0.028859028592705727,0.2458948791027069,1
27.024,LAND,-0.011811835691332817,-0.028859028592705727,0.2458948791027069,1
27.032,LAND,-0.011923967860639095,-0.027875317260622978,0.24423766136169434,1
27.036,LAND,-0.011923967860639095,-0.027875317260622978,0.24423766136169434,1
27.04,LAND,-0.011923967860639095,-0.027875317260622978,0.24423766136169434,1
27.044,LAND,-0.011923967860639095,-0.027875317260622978,0.24423766136169434,1
27.052,LAND,-0.012087130919098854,-0.026423444971442223,0.2417597770690918,1
27.056,LAND,-0.012087130919098854,-0.026423444971442223,0.2417597770690918,1
27.06,LAND,-0.012087130919098854,-0.026423444971442223,0.2417597770690918,1
27.064,LAND,-0.012087130919098854,-0.026423444971442223,0.2417597770690918,1
27.072,LAND,-0.012196012772619724,-0.025461548939347267,0.24011696875095367,1
27.076,LAND,-0.012196012772619724,-0.025461548939347267,0.24011696875095367,1
27.08,LAND,-0.012196012772619724,-0.025461548939347267,0.24011696875095367,1
27.084,LAND,-0.012196012772619724,-0.025461548939347267,0.24011696875095367,1
27.092,LAND,-0.012358951382339,-0.02404165267944336,0.23765815794467926,1
27.096,LAND,-0.012358951382339,-0.02404165267944336,0.23765815794467926,1
27.1,LAND,-0.012358951382339,-0.02404165267944336,0.23765815794467926,1
27.104,LAND,-0.012358951382339,-0.02404165267944336,0.23765815794467926,1
27.112,LAND,-0.012462281621992588,-0.02310209907591343,0.23603525757789612,1
27.116,LAND,-0.012462281621992588,-0.02310209907591343,0.23603525757789612,1
27.12,LAND,-0.012462281621992588,-0.02310209907591343,0.23603525757789612,1
27.124,LAND,-0.012462281621992588,-0.02310209907591343,0.23603525757789612,1
27.132,LAND,-0.012607034295797348,-0.02171194925904274,0.2336302101612091,1
27.136,LAND,-0.012607034295797348,-0.02171194925904274,0.2336302101612091,1
27.14,LAND,-0.012607034295797348,-0.02171194925904274,0.2336302101612091,1
27.152,LAND,-0.012607034295797348,-0.02171194925904274,0.2336302101612091,1
27.152,LAND,-0.012700408697128296,-0.020801249891519547,0.23203904926776886,1
27.156,LAND,-0.012700408697128296,-0.020801249891519547,0.23203904926776886,1
27.16,LAND,-0.012700408697128296,-0.020801249891519547,0.23203904926776886,1
27.164,LAND,-0.012700408697128296,-0.020801249891519547,0.23203904926776886,1
27.172,LAND,-0.012830027379095554,-0.01946133002638817,0.22968269884586334,1
27.176,LAND,-0.012830027379095554,-0.01946133002638817,0.22968269884586334,1
27.176,LAND,-0.012830027379095554,-0.01946133002638817,0.22968269884586334,1
27.18,LAND,-0.012830027379095554,-0.01946133002638817,0.22968269884586334,1
27.2,LAND,-0.0129105094820261,-0.01858535036444664,0.22813379764556885,1
27.204,LAND,-0.0129105094820261,-0.01858535036444664,0.22813379764556885,1
27.208,LAND,-0.013030371628701687,-0.017304010689258575,0.2258276492357254,1
27.212,LAND,-0.013030371628701687,-0.017304010689258575,0.2258276492357254,1
27.216,LAND,-0.013030371628701687,-0.017304010689258575,0.2258276492357254,1
27.22,LAND,-0.013030371628701687,-0.017304010689258575,0.2258276492357254,1
27.228,LAND,-0.013030371628701687,-0.017304010689258575,0.2258276492357254,1
27.232,LAND,-0.013113652355968952,-0.016471747308969498,0.22431915998458862,1
27.236,LAND,-0.013113652355968952,-0.016471747308969498,0.22431915998458862,1
27.24,LAND,-0.013113652355968952,-0.016471747308969498,0.22431915998458862,1
27.26,LAND,-0.013113652355968952,-0.016471747308969498,0.22431915998458862,1
27.26,LAND,-0.013242854736745358,-0.015258093364536762,0.22206956148147583,1
27.268,LAND,-0.013242854736745358,-0.015258093364536762,0.22206956148147583,1
27.272,LAND,-0.013330312445759773,-0.014466150663793087,0.22058263421058655,1
27.276,LAND,-0.013330312445759773,-0.014466150663793087,0.22058263421058655,1
27.28,LAND,-0.013330312445759773,-0.014466150663793087,0.22058263421058655,1
27.288,LAND,-0.013330312445759773,-0.014466150663793087,0.22058263421058655,1
27.308,LAND,-0.013469232246279716,-0.013302946463227272,0.21839603781700134,1
27.308,LAND,-0.013469232246279716,-0.013302946463227272,0.21839603781700134,1
27.316,LAND,-0.013569270260632038,-0.012542634271085262,0.21694591641426086,1
27.32,LAND,-0.013569270260632038,-0.012542634271085262,0.21694591641426086,1
27.324,LAND,-0.013569270260632038,-0.012542634271085262,0.21694591641426086,1
27.328,LAND,-0.013569270260632038,-0.012542634271085262,0.21694591641426086,1
27.336,LAND,-0.013722830452024937,-0.011434751562774181,0.21479636430740356,1
27.34,LAND,-0.013722830452024937,-0.011434751562774181,0.21479636430740356,1
27.356,LAND,-0.013722830452024937,-0.011434751562774181,0.21479636430740356,1
27.356,LAND,-0.013781491667032242,-0.010660115629434586,0.21384002268314362,1
27.364,LAND,-0.013781491667032242,-0.010660115629434586,0.21384002268314362,1
27.368,LAND,-0.013781491667032242,-0.010660115629434586,0.21384002268314362,1
27.372,LAND,-0.013870421797037125,-0.009532620199024677,0.21237823367118835,1
27.372,LAND,-0.013870421797037125,-0.009532620199024677,0.21237823367118835,1
27.384,LAND,-0.013870421797037125,-0.009532620199024677,0.21237823367118835,1
27.384,LAND,-0.013870421797037125,-0.009532620199024677,0.21237823367118835,1
27.392,LAND,-0.013931228779256344,-0.008798503316938877,0.21140317618846893,1
27.404,LAND,-0.013931228779256344,-0.008798503316938877,0.21140317618846893,1
27.404,LAND,-0.013931228779256344,-0.008798503316938877,0.21140317618846893,1
27.404,LAND,-0.013931228779256344,-0.008798503316938877,0.21140317618846893,1
27.404,LAND,-0.014012008905410767,-0.007721633184701204,0.20992779731750488,1
27.404,LAND,-0.014012008905410767,-0.007721633184701204,0.20992779731750488,1
27.424,LAND,-0.014012008905410767,-0.007721633184701204,0.20992779731750488,1
27.428,LAND,-0.014012008905410767,-0.007721633184701204,0.20992779731750488,1
27.432,LAND,-0.01405674871057272,-0.007018698379397392,0.20893333852291107,1
27.436,LAND,-0.01405674871057272,-0.007018698379397392,0.20893333852291107,1
27.452,LAND,-0.01405674871057272,-0.007018698379397392,0.20893333852291107,1
27.452,LAND,-0.014127001166343689,-0.005979986861348152,0.20743189752101898,1
27.46,LAND,-0.014127001166343689,-0.005979986861348152,0.20743189752101898,1
27.464,LAND,-0.014127001166343689,-0.005979986861348152,0.20743189752101898,1
27.468,LAND,-0.014127001166343689,-0.005979986861348152,0.20743189752101898,1
27.472,LAND,-0.014178529381752014,-0.0053063142113387585,0.20642614364624023,1
27.48,LAND,-0.014178529381752014,-0.0053063142113387585,0.20642614364624023,1
27.484,LAND,-0.014178529381752014,-0.0053063142113387585,0.20642614364624023,1
27.488,LAND,-0.014178529381752014,-0.0053063142113387585,0.20642614364624023,1
27.5,LAND,-0.01425790973007679,-0.004324650391936302,0.2049034982919693,1
27.5,LAND,-0.01425790973007679,-0.004324650391936302,0.2049034982919693,1
27.5,LAND,-0.01425790973007679,-0.004324650391936302,0.2049034982919693,1
27.5,LAND,-0.01425790973007679,-0.004324650391936302,0.2049034982919693,1
27.5,LAND,-0.01431871298700571,-0.0036870399489998817,0.20388779044151306,1
27.52,LAND,-0.01431871298700571,-0.0036870399489998817,0.20388779044151306,1
27.524,LAND,-0.01431871298700571,-0.0036870399489998817,0.20388779044151306,1
27.528,LAND,-0.01431871298700571,-0.0036870399489998817,0.20388779044151306,1
27.532,LAND,-0.014413745142519474,-0.0027530512306839228,0.2023545503616333,1
27.54,LAND,-0.014413745142519474,-0.0027530512306839228,0.2023545503616333,1
27.56,LAND,-0.014413745142519474,-0.0027530512306839228,0.2023545503616333,1
27.56,LAND,-0.0144807705655694,-0.002147122286260128,0.20132264494895935,1
27.568,LAND,-0.0144807705655694,-0.002147122286260128,0.20132264494895935,1
27.572,LAND,-0.01458272896707058,-0.0012627996038645506,0.19977505505084991,1
27.576,LAND,-0.01458272896707058,-0.0012627996038645506,0.19977505505084991,1
27.58,LAND,-0.01458272896707058,-0.0012627996038645506,0.19977505505084991,1
27.588,LAND,-0.01458272896707058,-0.0012627996038645506,0.19977505505084991,1
27.608,LAND,-0.014653204008936882,-0.0006916425772942603,0.1987413614988327,1
27.612,LAND,-0.014653204008936882,-0.0006916425772942603,0.1987413614988327,1
27.612,LAND,-0.014763821847736835,0.00014501696568913758,0.19718731939792633,1
27.616,LAND,-0.014763821847736835,0.00014501696568913758,0.19718731939792633,1
27.62,LAND,-0.014763821847736835,0.00014501696568913758,0.19718731939792633,1
27.624,LAND,-0.014763821847736835,0.00014501696568913758,0.19718731939792633,1
27.636,LAND,-0.01483959425240755,0.0006880992441438138,0.19615305960178375,1
27.64,LAND,-0.01483959425240755,0.0006880992441438138,0.19615305960178375,1
27.64,LAND,-0.01483959425240755,0.0006880992441438138,0.19615305960178375,1
27.656,LAND,-0.014955286867916584,0.0014678799780085683,0.1946096271276474,1
27.66,LAND,-0.014955286867916584,0.0014678799780085683,0.1946096271276474,1
27.66,LAND,-0.014955286867916584,0.0014678799780085683,0.1946096271276474,1
27.664,LAND,-0.014955286867916584,0.0014678799780085683,0.1946096271276474,1
27.664,LAND,-0.014955286867916584,0.0014678799780085683,0.1946096271276474,1
27.676,LAND,-0.015035965479910374,0.0019724033772945404,0.19357991218566895,1
27.68,LAND,-0.015035965479910374,0.0019724033772945404,0.19357991218566895,1
27.684,LAND,-0.015035965479910374,0.0019724033772945404,0.19357991218566895,1
27.688,LAND,-0.015035965479910374,0.0019724033772945404,0.19357991218566895,1
27.704,LAND,-0.015164323151111603,0.00270706694573164,0.19206088781356812,1
27.704,LAND,-0.015164323151111603,0.00270706694573164,0.19206088781356812,1
27.712,LAND,-0.015254157595336437,0.003180920844897628,0.19105850160121918,1
27.716,LAND,-0.015254157595336437,0.003180920844897628,0.19105850160121918,1
27.72,LAND,-0.015254157595336437,0.003180920844897628,0.19105850160121918,1
27.724,LAND,-0.015254157595336437,0.003180920844897628,0.19105850160121918,1
27.732,LAND,-0.015397127717733383,0.0038700602017343044,0.1895560324192047,1
27.736,LAND,-0.015397127717733383,0.0038700602017343044,0.1895560324192047,1
27.74,LAND,-0.015397127717733383,0.0038700602017343044,0.1895560324192047,1
27.752,LAND,-0.015397127717733383,0.0038700602017343044,0.1895560324192047,1
27.752,LAND,-0.015313200652599335,0.004445033147931099,0.18903660774230957,1
27.756,LAND,-0.015313200652599335,0.004445033147931099,0.18903660774230957,1
27.756,LAND,-0.015313200652599335,0.004445033147931099,0.18903660774230957,1
27.76,LAND,-0.015313200652599335,0.004445033147931099,0.18903660774230957,1
27.772,LAND,-0.015198618173599243,0.005273910239338875,0.18823403120040894,1
27.776,LAND,-0.015198618173599243,0.005273910239338875,0.18823403120040894,1
27.78,LAND,-0.015198618173599243,0.005273910239338875,0.18823403120040894,1
27.784,LAND,-0.015198618173599243,0.005273910239338875,0.18823403120040894,1
27.8,LAND,-0.015129022300243378,0.0058109271340072155,0.1876799762248993,1
27.8,LAND,-0.015129022300243378,0.0058109271340072155,0.1876799762248993,1
27.808,LAND,-0.015129022300243378,0.0058109271340072155,0.1876799762248993,1
27.812,LAND,-0.015039704740047455,0.00658432487398386,0.18683989346027374,1
27.816,LAND,-0.015039704740047455,0.00658432487398386,0.18683989346027374,1
27.82,LAND,-0.015039704740047455,0.00658432487398386,0.18683989346027374,1
27.828,LAND,-0.015039704740047455,0.00658432487398386,0.18683989346027374,1
27.832,LAND,-0.01498191338032484,0.0070808036252856255,0.1862671971321106,1
27.836,LAND,-0.01498191338032484,0.0070808036252856255,0.1862671971321106,1
27.84,LAND,-0.01498191338032484,0.0070808036252856255,0.1862671971321106,1
27.86,LAND,-0.01498191338032484,0.0070808036252856255,0.1862671971321106,1
27.864,LAND,-0.0149101372808218,0.007795434445142746,0.18537726998329163,1
27.868,LAND,-0.0149101372808218,0.007795434445142746,0.18537726998329163,1
27.872,LAND,-0.014868823811411858,0.008255012333393097,0.18478074669837952,1
27.876,LAND,-0.014868823811411858,0.008255012333393097,0.18478074669837952,1
27.88,LAND,-0.014868823811411858,0.008255012333393097,0.18478074669837952,1
27.888,LAND,-0.014868823811411858,0.008255012333393097,0.18478074669837952,1
27.908,LAND,-0.014817506074905396,0.008918962441384792,0.18387486040592194,1
27.908,LAND,-0.014785905368626118,0.009349485859274864,0.18325382471084595,1
27.916,LAND,-0.014785905368626118,0.009349485859274864,0.18325382471084595,1
27.92,LAND,-0.014785905368626118,0.009349485859274864,0.18325382471084595,1
27.924,LAND,-0.014785905368626118,0.009349485859274864,0.18325382471084595,1
27.928,LAND,-0.014785905368626118,0.009349485859274864,0.18325382471084595,1
27.936,LAND,-0.0147518590092659,0.009970394894480705,0.18231600522994995,1
27.94,LAND,-0.0147518590092659,0.009970394894480705,0.18231600522994995,1
27.944,LAND,-0.0147518590092659,0.009970394894480705,0.18231600522994995,1
27.956,LAND,-0.0147518590092659,0.009970394894480705,0.18231600522994995,1
27.956,LAND,-0.014738657511770725,0.010369147174060345,0.18168361485004425,1
27.956,LAND,-0.014738657511770725,0.010369147174060345,0.18168361485004425,1
27.96,LAND,-0.014738657511770725,0.010369147174060345,0.18168361485004425,1
27.96,LAND,-0.014730891212821007,0.010948664508759975,0.1807052195072174,1
27.976,LAND,-0.014730891212821007,0.010948664508759975,0.1807052195072174,1
27.98,LAND,-0.014730891212821007,0.010948664508759975,0.1807052195072174,1
27.984,LAND,-0.014730891212821007,0.010948664508759975,0.1807052195072174,1
27.988,LAND,-0.014730891212821007,0.010948664508759975,0.1807052195072174,1
28.004,LAND,-0.014729934744536877,0.011319269426167011,0.1800456941127777,1
28.004,LAND,-0.014729934744536877,0.011319269426167011,0.1800456941127777,1
28.012,LAND,-0.014735784381628036,0.011848686262965202,0.17904454469680786,1
28.016,LAND,-0.014735784381628036,0.011848686262965202,0.17904454469680786,1
28.02,LAND,-0.014735784381628036,0.011848686262965202,0.17904454469680786,1
28.024,LAND,-0.014735784381628036,0.011848686262965202,0.17904454469680786,1
28.032,LAND,-0.014742267318069935,0.0121908662840724,0.1783648580312729,1
28.036,LAND,-0.014742267318069935,0.0121908662840724,0.1783648580312729,1
28.04,LAND,-0.014742267318069935,0.0121908662840724,0.1783648580312729,1
28.052,LAND,-0.014742267318069935,0.0121908662840724,0.1783648580312729,1
28.052,LAND,-0.014754405245184898,0.012677017599344254,0.1773557960987091,1
28.056,LAND,-0.014754405245184898,0.012677017599344254,0.1773557960987091,1
28.056,LAND,-0.014754405245184898,0.012677017599344254,0.1773557960987091,1
28.06,LAND,-0.014754405245184898,0.012677017599344254,0.1773557960987091,1
28.072,LAND,-0.014764253981411457,0.012981684878468513,0.1766812801361084,1
28.076,LAND,-0.014764253981411457,0.012981684878468513,0.1766812801361084,1
28.08,LAND,-0.014764253981411457,0.012981684878468513,0.1766812801361084,1
28.084,LAND,-0.014764253981411457,0.012981684878468513,0.1766812801361084,1
28.1,LAND,-0.014781767502427101,0.01341267954558134,0.1756623089313507,1
28.1,LAND,-0.014781767502427101,0.01341267954558134,0.1756623089313507,1
28.108,LAND,-0.014781767502427101,0.01341267954558134,0.1756623089313507,1
28.112,LAND,-0.014790699817240238,0.013684745877981186,0.17498145997524261,1
28.116,LAND,-0.014790699817240238,0.013684745877981186,0.17498145997524261,1
28.12,LAND,-0.014790699817240238,0.013684745877981186,0.17498145997524261,1
28.128,LAND,-0.014790699817240238,0.013684745877981186,0.17498145997524261,1
28.132,LAND,-0.01480877585709095,0.014070251025259495,0.17395827174186707,1
28.136,LAND,-0.01480877585709095,0.014070251025259495,0.17395827174186707,1
28.14,LAND,-0.01480877585709095,0.014070251025259495,0.17395827174186707,1
28.16,LAND,-0.01480877585709095,0.014070251025259495,0.17395827174186707,1
28.16,LAND,-0.01463630236685276,0.014472871087491512,0.17377884685993195,1
28.168,LAND,-0.01463630236685276,0.014472871087491512,0.17377884685993195,1
28.172,LAND,-0.01439778320491314,0.015047965571284294,0.17348447442054749,1
28.176,LAND,-0.01439778320491314,0.015047965571284294,0.17348447442054749,1
28.18,LAND,-0.01439778320491314,0.015047965571284294,0.17348447442054749,1
28.188,LAND,-0.01439778320491314,0.015047965571284294,0.17348447442054749,1
28.192,LAND,-0.014247596263885498,0.015416140668094158,0.17325632274150848,1
28.208,LAND,-0.014247596263885498,0.015416140668094158,0.17325632274150848,1
28.208,LAND,-0.014247596263885498,0.015416140668094158,0.17325632274150848,1
28.216,LAND,-0.014034326188266277,0.01594184897840023,0.17287862300872803,1
28.22,LAND,-0.014034326188266277,0.01594184897840023,0.17287862300872803,1
28.224,LAND,-0.014034326188266277,0.01594184897840023,0.17287862300872803,1
28.228,LAND,-0.014034326188266277,0.01594184897840023,0.17287862300872803,1
28.236,LAND,-0.013900090008974075,0.016276879236102104,0.1726083606481552,1
28.24,LAND,-0.013900090008974075,0.016276879236102104,0.1726083606481552,1
28.244,LAND,-0.013900090008974075,0.016276879236102104,0.1726083606481552,1
28.256,LAND,-0.01372466143220663,0.01675087958574295,0.17214977741241455,1
28.256,LAND,-0.01372466143220663,0.01675087958574295,0.17214977741241455,1
28.26,LAND,-0.01372466143220663,0.01675087958574295,0.17214977741241455,1
28.264,LAND,-0.01372466143220663,0.01675087958574295,0.17214977741241455,1
28.264,LAND,-0.01372466143220663,0.01675087958574295,0.17214977741241455,1
28.276,LAND,-0.013617994263768196,0.01704949513077736,0.1718158721923828,1
28.28,LAND,-0.013617994263768196,0.01704949513077736,0.1718158721923828,1
28.284,LAND,-0.013617994263768196,0.01704949513077736,0.1718158721923828,1
28.288,LAND,-0.013477379456162453,0.017473656684160233,0.17128793895244598,1
28.304,LAND,-0.013477379456162453,0.017473656684160233,0.17128793895244598,1
28.304,LAND,-0.013477379456162453,0.017473656684160233,0.17128793895244598,1
28.312,LAND,-0.013398428447544575,0.017746701836586,0.17090801894664764,1
28.316,LAND,-0.013398428447544575,0.017746701836586,0.17090801894664764,1
28.32,LAND,-0.013398428447544575,0.017746701836586,0.17090801894664764,1
28.324,LAND,-0.013398428447544575,0.017746701836586,0.17090801894664764,1
28.332,LAND,-0.013300561346113682,0.018128706142306328,0.17031294107437134,1
28.336,LAND,-0.013300561346113682,0.018128706142306328,0.17031294107437134,1
28.34,LAND,-0.013300561346113682,0.018128706142306328,0.17031294107437134,1
28.352,LAND,-0.013300561346113682,0.018128706142306328,0.17031294107437134,1
28.352,LAND,-0.01324828527867794,0.018370777368545532,0.1699073761701584,1
28.356,LAND,-0.01324828527867794,0.018370777368545532,0.1699073761701584,1
28.356,LAND,-0.01324828527867794,0.018370777368545532,0.1699073761701584,1
28.36,LAND,-0.01324828527867794,0.018370777368545532,0.1699073761701584,1
28.372,LAND,-0.013188754208385944,0.018715254962444305,0.16926591098308563,1
28.376,LAND,-0.013188754208385944,0.018715254962444305,0.16926591098308563,1
28.38,LAND,-0.013188754208385944,0.018715254962444305,0.16926591098308563,1
28.384,LAND,-0.013188754208385944,0.018715254962444305,0.16926591098308563,1
28.4,LAND,-0.013158045709133148,0.018932390958070755,0.1688225269317627,1
28.4,LAND,-0.013158045709133148,0.018932390958070755,0.1688225269317627,1
28.408,LAND,-0.013135761022567749,0.019236471503973007,0.16817162930965424,1
28.412,LAND,-0.013135761022567749,0.019236471503973007,0.16817162930965424,1
28.416,LAND,-0.013135761022567749,0.019236471503973007,0.16817162930965424,1
28.42,LAND,-0.013135761022567749,0.019236471503973007,0.16817162930965424,1
28.428,LAND,-0.013135761022567749,0.019236471503973007,0.16817162930965424,1
28.432,LAND,-0.013134495355188847,0.019422931596636772,0.1677173376083374,1
28.436,LAND,-0.013134495355188847,0.019422931596636772,0.1677173376083374,1
28.44,LAND,-0.013134495355188847,0.019422931596636772,0.1677173376083374,1
28.46,LAND,-0.013134495355188847,0.019422931596636772,0.1677173376083374,1
28.464,LAND,-0.013149346224963665,0.019678708165884018,0.16703729331493378,1
28.468,LAND,-0.013169105164706707,0.01983438804745674,0.16658209264278412,1
28.468,LAND,-0.013169105164706707,0.01983438804745674,0.16658209264278412,1
28.476,LAND,-0.013169105164706707,0.01983438804745674,0.16658209264278412,1
28.48,LAND,-0.013169105164706707,0.01983438804745674,0.16658209264278412,1
28.488,LAND,-0.013169105164706707,0.01983438804745674,0.16658209264278412,1
28.492,LAND,-0.013208411633968353,0.02005012519657612,0.16588033735752106,1
28.492,LAND,-0.013208411633968353,0.02005012519657612,0.16588033735752106,1
28.5,LAND,-0.013208411633968353,0.02005012519657612,0.16588033735752106,1
28.52,LAND,-0.013208411633968353,0.02005012519657612,0.16588033735752106,1
28.524,LAND,-0.013242531567811966,0.020178645849227905,0.1654127836227417,1
28.528,LAND,-0.013242531567811966,0.020178645849227905,0.1654127836227417,1
28.528,LAND,-0.013305689208209515,0.02035386860370636,0.16468451917171478,1
28.536,LAND,-0.013305689208209515,0.02035386860370636,0.16468451917171478,1
28.54,LAND,-0.013305689208209515,0.02035386860370636,0.16468451917171478,1
28.556,LAND,-0.013305689208209515,0.02035386860370636,0.16468451917171478,1
28.556,LAND,-0.013058023527264595,0.02057710662484169,0.1647508144378662,1
28.564,LAND,-0.013058023527264595,0.02057710662484169,0.1647508144378662,1
28.568,LAND,-0.012717119418084621,0.02087983675301075,0.1647925078868866,1
28.572,LAND,-0.012717119418084621,0.02087983675301075,0.1647925078868866,1
28.576,LAND,-0.012717119418084621,0.02087983675301075,0.1647925078868866,1
28.584,LAND,-0.012717119418084621,0.02087983675301075,0.1647925078868866,1
28.588,LAND,-0.012717119418084621,0.02087983675301075,0.1647925078868866,1
28.604,LAND,-0.012500067241489887,0.02106849104166031,0.16478784382343292,1
28.604,LAND,-0.012500067241489887,0.02106849104166031,0.16478784382343292,1
28.612,LAND,-0.012208143249154091,0.021329643204808235,0.1647159904241562,1
28.616,LAND,-0.012208143249154091,0.021329643204808235,0.1647159904241562,1
28.62,LAND,-0.012208143249154091,0.021329643204808235,0.1647159904241562,1
28.624,LAND,-0.012208143249154091,0.021329643204808235,0.1647159904241562,1
28.632,LAND,-0.012030024081468582,0.0214863084256649,0.164643794298172,1
28.636,LAND,-0.012030024081468582,0.0214863084256649,0.164643794298172,1
28.64,LAND,-0.012030024081468582,0.0214863084256649,0.164643794298172,1
28.652,LAND,-0.012030024081468582,0.0214863084256649,0.164643794298172,1
28.652,LAND,-0.011799096129834652,0.021692292764782906,0.16447588801383972,1
28.652,LAND,-0.011799096129834652,0.021692292764782906,0.16447588801383972,1
28.66,LAND,-0.011799096129834652,0.021692292764782906,0.16447588801383972,1
28.664,LAND,-0.011799096129834652,0.021692292764782906,0.16447588801383972,1
28.672,LAND,-0.011667078360915184,0.021816639229655266,0.16432718932628632,1
28.676,LAND,-0.011667078360915184,0.021816639229655266,0.16432718932628632,1
28.68,LAND,-0.011667078360915184,0.021816639229655266,0.16432718932628632,1
28.684,LAND,-0.011667078360915184,0.021816639229655266,0.16432718932628632,1
28.7,LAND,-0.011493914760649204,0.021984906867146492,0.16407173871994019,1
28.7,LAND,-0.011493914760649204,0.021984906867146492,0.16407173871994019,1
28.708,LAND,-0.011493914760649204,0.021984906867146492,0.16407173871994019,1
28.712,LAND,-0.011397121474146843,0.022087858989834785,0.16387492418289185,1
28.716,LAND,-0.011397121474146843,0.022087858989834785,0.16387492418289185,1
28.72,LAND,-0.011397121474146843,0.022087858989834785,0.16387492418289185,1
28.728,LAND,-0.0112763661891222,0.022228971123695374,0.16352605819702148,1
28.732,LAND,-0.0112763661891222,0.022228971123695374,0.16352605819702148,1
28.736,LAND,-0.0112763661891222,0.022228971123695374,0.16352605819702148,1
28.74,LAND,-0.0112763661891222,0.022228971123695374,0.16352605819702148,1
28.76,LAND,-0.0112763661891222,0.022228971123695374,0.16352605819702148,1
28.76,LAND,-0.011209736578166485,0.022312402725219727,0.16327661275863647,1
28.768,LAND,-0.011209736578166485,0.022312402725219727,0.16327661275863647,1
28.772,LAND,-0.011131996288895607,0.022412974387407303,0.1628607213497162,1
28.776,LAND,-0.011131996288895607,0.022412974387407303,0.1628607213497162,1
28.78,LAND,-0.011131996288895607,0.022412974387407303,0.1628607213497162,1
28.788,LAND,-0.011131996288895607,0.022412974387407303,0.1628607213497162,1
28.808,LAND,-0.011097642593085766,0.022462880238890648,0.16255666315555573,1
28.812,LAND,-0.011097642593085766,0.022462880238890648,0.16255666315555573,1
28.816,LAND,-0.011065838858485222,0.022532552480697632,0.16206961870193481,1
28.82,LAND,-0.011065838858485222,0.022532552480697632,0.16206961870193481,1
28.824,LAND,-0.011065838858485222,0.022532552480697632,0.16206961870193481,1
28.828,LAND,-0.011065838858485222,0.022532552480697632,0.16206961870193481,1
28.828,LAND,-0.011050688102841377,0.022573569789528847,0.16172461211681366,1
28.836,LAND,-0.011050688102841377,0.022573569789528847,0.16172461211681366,1
28.836,LAND,-0.011050688102841377,0.022573569789528847,0.16172461211681366,1
28.844,LAND,-0.011033684015274048,0.02262355387210846,0.1611805558204651,1
28.852,LAND,-0.011033684015274048,0.02262355387210846,0.1611805558204651,1
28.868,LAND,-0.011033684015274048,0.02262355387210846,0.1611805558204651,1
28.868,LAND,-0.011033684015274048,0.02262355387210846,0.1611805558204651,1
28.872,LAND,-0.011033684015274048,0.02262355387210846,0.1611805558204651,1
28.872,LAND,-0.011030813679099083,0.022649608552455902,0.16082502901554108,1
28.872,LAND,-0.011030813679099083,0.022649608552455902,0.16082502901554108,1
28.876,LAND,-0.011030813679099083,0.022649608552455902,0.16082502901554108,1
28.876,LAND,-0.011030813679099083,0.022649608552455902,0.16082502901554108,1
28.904,LAND,-0.011043256148695946,0.02266724407672882,0.16026322543621063,1
28.904,LAND,-0.011043256148695946,0.02266724407672882,0.16026322543621063,1
28.912,LAND,-0.01106222439557314,0.022664101794362068,0.1598626673221588,1
28.916,LAND,-0.01106222439557314,0.022664101794362068,0.1598626673221588,1
28.92,LAND,-0.01106222439557314,0.022664101794362068,0.1598626673221588,1
28.924,LAND,-0.01106222439557314,0.022664101794362068,0.1598626673221588,1
28.932,LAND,-0.011097421869635582,0.022645650431513786,0.1592564433813095,1
28.936,LAND,-0.011097421869635582,0.022645650431513786,0.1592564433813095,1
28.94,LAND,-0.011097421869635582,0.022645650431513786,0.1592564433813095,1
28.951999999999998,LAND,-0.011097421869635582,0.022645650431513786,0.1592564433813095,1
28.951999999999998,LAND,-0.01075185090303421,0.02282395027577877,0.15946489572525024,1
28.956,LAND,-0.01075185090303421,0.02282395027577877,0.15946489572525024,1
28.96,LAND,-0.01075185090303421,0.02282395027577877,0.15946489572525024,1
28.964,LAND,-0.01075185090303421,0.02282395027577877,0.15946489572525024,1
28.972,LAND,-0.010276093147695065,0.02306307852268219,0.15970687568187714,1
28.976,LAND,-0.010276093147695065,0.02306307852268219,0.15970687568187714,1
28.98,LAND,-0.010276093147695065,0.02306307852268219,0.15970687568187714,1
28.984,LAND,-0.010276093147695065,0.02306307852268219,0.15970687568187714,1
29.0,LAND,-0.009976384229958057,0.023201871663331985,0.1598445028066635,1
29.0,LAND,-0.009976384229958057,0.023201871663331985,0.1598445028066635,1
29.008,LAND,-0.009976384229958057,0.023201871663331985,0.1598445028066635,1
29.012,LAND,-0.009571695700287819,0.023382624611258507,0.15997807681560516,1
29.016,LAND,-0.009571695700287819,0.023382624611258507,0.15997807681560516,1
29.02,LAND,-0.009571695700287819,0.023382624611258507,0.15997807681560516,1
29.028,LAND,-0.009571695700287819,0.023382624611258507,0.15997807681560516,1
29.032,LAND,-0.009321869350969791,0.023479590192437172,0.16003158688545227,1
29.036,LAND,-0.009321869350969791,0.023479590192437172,0.16003158688545227,1
29.036,LAND,-0.009321869350969791,0.023479590192437172,0.16003158688545227,1
29.056,LAND,-0.009321869350969791,0.023479590192437172,0.16003158688545227,1
29.056,LAND,-0.009321869350969791,0.023479590192437172,0.16003158688545227,1
29.056,LAND,-0.008973653428256512,0.023598741739988327,0.1600700467824936,1
29.076,LAND,-0.008973653428256512,0.023598741739988327,0.1600700467824936,1
29.076,LAND,-0.008760100230574608,0.02365502342581749,0.1600629985332489,1
29.076,LAND,-0.008760100230574608,0.02365502342581749,0.1600629985332489,1
29.084,LAND,-0.008760100230574608,0.02365502342581749,0.1600629985332489,1
29.088,LAND,-0.008760100230574608,0.02365502342581749,0.1600629985332489,1
29.092,LAND,-0.00847034901380539,0.023718152195215225,0.15999141335487366,1
29.104,LAND,-0.00847034901380539,0.023718152195215225,0.15999141335487366,1
29.12,LAND,-0.00847034901380539,0.023718152195215225,0.15999141335487366,1
29.12,LAND,-0.008290508762001991,0.0237526074051857,0.1599300056695938,1
29.128,LAND,-0.008290508762001991,0.0237526074051857,0.1599300056695938,1
29.132,LAND,-0.00805284921079874,0.02379142865538597,0.1597847044467926,1
29.136,LAND,-0.00805284921079874,0.02379142865538597,0.1597847044467926,1
29.16,LAND,-0.00805284921079874,0.02379142865538597,0.1597847044467926,1
29.164,LAND,-0.007918228395283222,0.023804185912013054,0.15965230762958527,1
29.168,LAND,-0.007918228395283222,0.023804185912013054,0.15965230762958527,1
29.168,LAND,-0.007918228395283222,0.023804185912013054,0.15965230762958527,1
29.172,LAND,-0.007745051756501198,0.023804910480976105,0.15942490100860596,1
29.172,LAND,-0.007745051756501198,0.023804910480976105,0.15942490100860596,1
29.188,LAND,-0.007745051756501198,0.023804910480976105,0.15942490100860596,1
29.188,LAND,-0.007602634374052286,0.023799169808626175,0.15914826095104218,1
29.196,LAND,-0.007602634374052286,0.023799169808626175,0.15914826095104218,1
29.196,LAND,-0.007602634374052286,0.023799169808626175,0.15914826095104218,1
29.216,LAND,-0.007602634374052286,0.023799169808626175,0.15914826095104218,1
29.216,LAND,-0.00752814719453454,0.023795537650585175,0.15892980992794037,1
29.224,LAND,-0.00752814719453454,0.023795537650585175,0.15892980992794037,1
29.228,LAND,-0.00752814719453454,0.023795537650585175,0.15892980992794037,1
29.232,LAND,-0.007466934155672789,0.023787803947925568,0.15871140360832214,1
29.232,LAND,-0.007466934155672789,0.023787803947925568,0.15871140360832214,1
29.248,LAND,-0.007466934155672789,0.023787803947925568,0.15871140360832214,1
29.248,LAND,-0.007466934155672789,0.023787803947925568,0.15871140360832214,1
29.248,LAND,-0.007398983463644981,0.02377130649983883,0.15834642946720123,1
29.264,LAND,-0.007398983463644981,0.02377130649983883,0.15834642946720123,1
29.264,LAND,-0.007366930600255728,0.02375594899058342,0.15808570384979248,1
29.276,LAND,-0.007366930600255728,0.02375594899058342,0.15808570384979248,1
29.28,LAND,-0.007366930600255728,0.02375594899058342,0.15808570384979248,1
29.284,LAND,-0.007366930600255728,0.02375594899058342,0.15808570384979248,1
29.284,LAND,-0.007366930600255728,0.02375594899058342,0.15808570384979248,1
29.3,LAND,-0.007328634615987539,0.023731011897325516,0.1576738804578781,1
29.3,LAND,-0.007328634615987539,0.023731011897325516,0.1576738804578781,1
29.308,LAND,-0.007328634615987539,0.023731011897325516,0.1576738804578781,1
29.312,LAND,-0.0073113576509058475,0.02370576746761799,0.15737299621105194,1
29.316,LAND,-0.0073113576509058475,0.02370576746761799,0.15737299621105194,1
29.32,LAND,-0.0073113576509058475,0.02370576746761799,0.15737299621105194,1
29.328,LAND,-0.007304452359676361,0.02365981601178646,0.15689310431480408,1
29.332,LAND,-0.007304452359676361,0.02365981601178646,0.15689310431480408,1
29.336,LAND,-0.007304452359676361,0.02365981601178646,0.15689310431480408,1
29.348,LAND,-0.007304452359676361,0.02365981601178646,0.15689310431480408,1
29.352,LAND,-0.007304452359676361,0.02365981601178646,0.15689310431480408,1
29.352,LAND,-0.0069441646337509155,0.023848282173275948,0.15720932185649872,1
29.356,LAND,-0.0069441646337509155,0.023848282173275948,0.15720932185649872,1
29.356,LAND,-0.0069441646337509155,0.023848282173275948,0.15720932185649872,1
29.368,LAND,-0.0069441646337509155,0.023848282173275948,0.15720932185649872,1
29.368,LAND,-0.00646216981112957,0.024100998416543007,0.15758931636810303,1
29.376,LAND,-0.00646216981112957,0.024100998416543007,0.15758931636810303,1
29.384,LAND,-0.00646216981112957,0.024100998416543007,0.15758931636810303,1
29.396,LAND,-0.006030621938407421,0.02431478351354599,0.15790487825870514,1
29.396,LAND,-0.006030621938407421,0.02431478351354599,0.15790487825870514,1
29.404,LAND,-0.006030621938407421,0.02431478351354599,0.15790487825870514,1
29.408,LAND,-0.006030621938407421,0.02431478351354599,0.15790487825870514,1
29.412,LAND,-0.00577027490362525,0.024431223049759865,0.15807630121707916,1
29.416,LAND,-0.00577027490362525,0.024431223049759865,0.15807630121707916,1
29.416,LAND,-0.00577027490362525,0.024431223049759865,0.15807630121707916,1
29.416,LAND,-0.00577027490362525,0.024431223049759865,0.15807630121707916,1
29.436,LAND,-0.0055305240675807,0.02452954836189747,0.15820668637752533,1
29.436,LAND,-0.0055305240675807,0.02452954836189747,0.15820668637752533,1
29.444,LAND,-0.0055305240675807,0.02452954836189747,0.15820668637752533,1
29.444,LAND,-0.0055305240675807,0.02452954836189747,0.15820668637752533,1
29.456,LAND,-0.00520486943423748,0.024654019623994827,0.1583467423915863,1
29.456,LAND,-0.00520486943423748,0.024654019623994827,0.1583467423915863,1
29.464,LAND,-0.00520486943423748,0.024654019623994827,0.1583467423915863,1
29.48,LAND,-0.00520486943423748,0.024654019623994827,0.1583467423915863,1
29.48,LAND,-0.005004681646823883,0.024721285328269005,0.15841150283813477,1
29.488,LAND,-0.005004681646823883,0.024721285328269005,0.15841150283813477,1
29.504,LAND,-0.004736660979688168,0.02480791136622429,0.1584465205669403,1
29.504,LAND,-0.004736660979688168,0.02480791136622429,0.1584465205669403,1
29.516,LAND,-0.004574073478579521,0.024856112897396088,0.1584407240152359,1
29.52,LAND,-0.004574073478579521,0.024856112897396088,0.1584407240152359,1
29.524,LAND,-0.004574073478579521,0.024856112897396088,0.1584407240152359,1
29.524,LAND,-0.004574073478579521,0.024856112897396088,0.1584407240152359,1
29.532,LAND,-0.004574073478579521,0.024856112897396088,0.1584407240152359,1
29.532,LAND,-0.004574073478579521,0.024856112897396088,0.1584407240152359,1
29.536,LAND,-0.004362059757113457,0.024913974106311798,0.15838080644607544,1
29.544,LAND,-0.004362059757113457,0.024913974106311798,0.15838080644607544,1
29.564,LAND,-0.00388587755151093,0.025138095021247864,0.158901646733284,1
29.572,LAND,-0.00388587755151093,0.025138095021247864,0.158901646733284,1
29.572,LAND,-0.0032362486235797405,0.025448355823755264,0.15957693755626678,1
29.576,LAND,-0.0032362486235797405,0.025448355823755264,0.15957693755626678,1
29.58,LAND,-0.0032362486235797405,0.025448355823755264,0.15957693755626678,1
29.584,LAND,-0.0032362486235797405,0.025448355823755264,0.15957693755626678,1
29.6,LAND,-0.0028338395059108734,0.02563934028148651,0.15997083485126495,1
29.6,LAND,-0.0028338395059108734,0.02563934028148651,0.15997083485126495,1
29.608,LAND,-0.0022801298182457685,0.02590171992778778,0.16045919060707092,1
29.608,LAND,-0.0022801298182457685,0.02590171992778778,0.16045919060707092,1
29.608,LAND,-0.0022801298182457685,0.02590171992778778,0.16045919060707092,1
29.62,LAND,-0.0022801298182457685,0.02590171992778778,0.16045919060707092,1
29.628,LAND,-0.0022801298182457685,0.02590171992778778,0.16045919060707092,1
29.632,LAND,-0.0022801298182457685,0.02590171992778778,0.16045919060707092,1
29.632,LAND,-0.0017796214669942856,0.02614048682153225,0.16085626184940338,1
29.632,LAND,-0.0017796214669942856,0.02614048682153225,0.16085626184940338,1
29.66,LAND,-0.0017796214669942856,0.02614048682153225,0.16085626184940338,1
29.66,LAND,-0.00148533727042377,0.026290427893400192,0.16106264293193817,1
29.668,LAND,-0.00148533727042377,0.026290427893400192,0.16106264293193817,1
29.668,LAND,-0.0012120363535359502,0.026426073163747787,0.16122451424598694,1
29.676,LAND,-0.0012120363535359502,0.026426073163747787,0.16122451424598694,1
29.676,LAND,-0.0012120363535359502,0.026426073163747787,0.16122451424598694,1
29.696,LAND,-0.0012120363535359502,0.026426073163747787,0.16122451424598694,1
29.696,LAND,-0.0008405573898926377,0.026614544913172722,0.16138963401317596,1
29.704,LAND,-0.0008405573898926377,0.026614544913172722,0.16138963401317596,1
29.708,LAND,-0.0006182848592288792,0.02672731876373291,0.16145338118076324,1
29.708,LAND,-0.0006182848592288792,0.02672731876373291,0.16145338118076324,1
29.72,LAND,-0.0006182848592288792,0.02672731876373291,0.16145338118076324,1
29.724,LAND,-0.0006182848592288792,0.02672731876373291,0.16145338118076324,1
29.728,LAND,-0.0006182848592288792,0.02672731876373291,0.16145338118076324,1
29.736,LAND,-0.0003261326055508107,0.026872511953115463,0.1614629626274109,1
29.736,LAND,-0.0003261326055508107,0.026872511953115463,0.1614629626274109,1
29.736,LAND,-0.0003261326055508107,0.026872511953115463,0.1614629626274109,1
29.74,LAND,-0.0003261326055508107,0.026872511953115463,0.1614629626274109,1
29.74,LAND,-0.00015816048835404217,0.026953350752592087,0.16143633425235748,1
29.744,LAND,-0.00015816048835404217,0.026953350752592087,0.16143633425235748,1
29.78,LAND,-0.00015816048835404217,0.026953350752592087,0.16143633425235748,1
29.78,LAND,4.988921864423901e-05,0.027052871882915497,0.16134338080883026,1
29.812,LAND,4.988921864423901e-05,0.027052871882915497,0.16134338080883026,1
29.812,LAND,0.00028287191526032984,0.027173958718776703,0.16104206442832947,1
29.82,LAND,0.00028287191526032984,0.027173958718776703,0.16104206442832947,1
29.824,LAND,0.00028287191526032984,0.027173958718776703,0.16104206442832947,1
29.832,LAND,0.00034655784838832915,0.027200935408473015,0.16088245809078217,1
29.832,LAND,0.00034655784838832915,0.027200935408473015,0.16088245809078217,1
29.84,LAND,0.00034655784838832915,0.027200935408473015,0.16088245809078217,1
29.844,LAND,0.00034655784838832915,0.027200935408473015,0.16088245809078217,1
29.848,LAND,0.00041277112904936075,0.02722061239182949,0.1605881154537201,1
29.852,LAND,0.00041277112904936075,0.02722061239182949,0.1605881154537201,1
29.876,LAND,0.00041277112904936075,0.02722061239182949,0.1605881154537201,1
29.876,LAND,0.0004369760281406343,0.027210455387830734,0.1602560579776764,1
29.884,LAND,0.0004369760281406343,0.027210455387830734,0.1602560579776764,1
29.888,LAND,0.0004369760281406343,0.027210455387830734,0.1602560579776764,1
29.904,LAND,0.0004259961424395442,0.02718951366841793,0.16001905500888824,1
29.912,LAND,0.0004259961424395442,0.02718951366841793,0.16001905500888824,1
29.916,LAND,0.0004259961424395442,0.02718951366841793,0.16001905500888824,1
29.92,LAND,0.0004259961424395442,0.02718951366841793,0.16001905500888824,1
29.92,LAND,0.0003942093171644956,0.027160773053765297,0.1597622036933899,1
29.92,LAND,0.0003942093171644956,0.027160773053765297,0.1597622036933899,1
29.932,LAND,0.0003942093171644956,0.027160773053765297,0.1597622036933899,1
29.932,LAND,0.0003942093171644956,0.027160773053765297,0.1597622036933899,1
29.932,LAND,0.00031961756758391857,0.02709944173693657,0.15935693681240082,1
29.932,LAND,0.00031961756758391857,0.02709944173693657,0.15935693681240082,1
29.932,LAND,0.00031961756758391857,0.02709944173693657,0.15935693681240082,1
29.932,LAND,0.00031961756758391857,0.02709944173693657,0.15935693681240082,1
29.964,LAND,0.0007658231188543141,0.02747511677443981,0.1598680019378662,1
29.964,LAND,0.0007658231188543141,0.02747511677443981,0.1598680019378662,1
29.972,LAND,0.0010278309928253293,0.02769995480775833,0.16013817489147186,1
29.976,LAND,0.0010278309928253293,0.02769995480775833,0.16013817489147186,1
29.98,LAND,0.0010278309928253293,0.02769995480775833,0.16013817489147186,1
29.984,LAND,0.0010278309928253293,0.02769995480775833,0.16013817489147186,1
30.024,LAND,0.0012628607219085097,0.027909498661756516,0.16037264466285706,1
30.024,LAND,0.0015646289102733135,0.028182798996567726,0.16065403819084167,1
30.024,LAND,0.00181950768455863,0.028423521667718887,0.16086362302303314,1
30.024,LAND,0.00181950768455863,0.028423521667718887,0.16086362302303314,1
30.024,LAND,0.00181950768455863,0.028423521667718887,0.16086362302303314,1
30.06,LAND,0.00181950768455863,0.028423521667718887,0.16086362302303314,1
30.064,LAND,0.0019641404505819082,0.028567811474204063,0.16097025573253632,1
30.068,LAND,0.0019641404505819082,0.028567811474204063,0.16097025573253632,1
30.072,LAND,0.0020906401332467794,0.028704535216093063,0.16103772819042206,1
30.076,LAND,0.0020906401332467794,0.028704535216093063,0.16103772819042206,1
30.08,LAND,0.0020906401332467794,0.028704535216093063,0.16103772819042206,1
30.088,LAND,0.0020906401332467794,0.028704535216093063,0.16103772819042206,1
30.112,LAND,0.002246860647574067,0.028888948261737823,0.16106688976287842,1
30.112,LAND,0.002329821465536952,0.028995104134082794,0.16105693578720093,1
30.112,LAND,0.002329821465536952,0.028995104134082794,0.16105693578720093,1
30.116,LAND,0.002329821465536952,0.028995104134082794,0.16105693578720093,1
30.132,LAND,0.002329821465536952,0.028995104134082794,0.16105693578720093,1
30.132,LAND,0.0024250182323157787,0.029134107753634453,0.16097453236579895,1
30.156,LAND,0.0024250182323157787,0.029134107753634453,0.16097453236579895,1
30.156,LAND,0.00246499665081501,0.02921881526708603,0.16089284420013428,1
30.164,LAND,0.00246499665081501,0.02921881526708603,0.16089284420013428,1
30.168,LAND,0.00246499665081501,0.02921881526708603,0.16089284420013428,1
30.172,LAND,0.0024938827846199274,0.029324525967240334,0.16072626411914825,1
30.176,LAND,0.0024938827846199274,0.029324525967240334,0.16072626411914825,1
30.184,LAND,0.0024938827846199274,0.029324525967240334,0.16072626411914825,1
30.188,LAND,0.002489569829776883,0.02938585914671421,0.16057904064655304,1
30.204,LAND,0.002489569829776883,0.02938585914671421,0.16057904064655304,1
30.204,LAND,0.002489569829776883,0.02938585914671421,0.16057904064655304,1
30.212,LAND,0.0024604620411992073,0.02946534939110279,0.16033294796943665,1
30.212,LAND,0.0024604620411992073,0.02946534939110279,0.16033294796943665,1
30.22,LAND,0.0024604620411992073,0.02946534939110279,0.16033294796943665,1
30.224,LAND,0.0024604620411992073,0.02946534939110279,0.16033294796943665,1
30.232,LAND,0.0024219502229243517,0.02950814925134182,0.1601385623216629,1
30.236,LAND,0.0024219502229243517,0.02950814925134182,0.1601385623216629,1
30.24,LAND,0.0024219502229243517,0.02950814925134182,0.1601385623216629,1
30.252,LAND,0.0024219502229243517,0.02950814925134182,0.1601385623216629,1
30.252,LAND,0.0023423198144882917,0.029557274654507637,0.1598145067691803,1
30.256,LAND,0.0023423198144882917,0.029557274654507637,0.1598145067691803,1
30.26,LAND,0.0023423198144882917,0.029557274654507637,0.1598145067691803,1
30.26,LAND,0.0023423198144882917,0.029557274654507637,0.1598145067691803,1
30.272,LAND,0.0022771123331040144,0.029577506706118584,0.15958213806152344,1
30.276,LAND,0.0022771123331040144,0.029577506706118584,0.15958213806152344,1
30.28,LAND,0.0022771123331040144,0.029577506706118584,0.15958213806152344,1
30.284,LAND,0.0022771123331040144,0.029577506706118584,0.15958213806152344,1
30.3,LAND,0.0021625403314828873,0.02958778291940689,0.159192755818367,1
30.308,LAND,0.0021625403314828873,0.02958778291940689,0.159192755818367,1
30.312,LAND,0.0021625403314828873,0.02958778291940689,0.159192755818367,1
30.312,LAND,0.0020647894125431776,0.029580648988485336,0.15890462696552277,1
30.312,LAND,0.0020647894125431776,0.029580648988485336,0.15890462696552277,1
30.312,LAND,0.0020647894125431776,0.029580648988485336,0.15890462696552277,1
30.328,LAND,0.001893917447887361,0.02955980785191059,0.15847590565681458,1
30.332,LAND,0.001893917447887361,0.02955980785191059,0.15847590565681458,1
30.336,LAND,0.001893917447887361,0.02955980785191059,0.15847590565681458,1
30.34,LAND,0.001893917447887361,0.02955980785191059,0.15847590565681458,1
30.36,LAND,0.001893917447887361,0.02955980785191059,0.15847590565681458,1
30.36,LAND,0.002287494018673897,0.02983328327536583,0.1588926911354065,1
30.368,LAND,0.002287494018673897,0.02983328327536583,0.1588926911354065,1
30.372,LAND,0.002807609038427472,0.030208168551325798,0.15942727029323578,1
30.376,LAND,0.002807609038427472,0.030208168551325798,0.15942727029323578,1
30.38,LAND,0.002807609038427472,0.030208168551325798,0.15942727029323578,1
30.388,LAND,0.002807609038427472,0.030208168551325798,0.15942727029323578,1
30.408,LAND,0.00311456760391593,0.030436044558882713,0.15974043309688568,1
30.408,LAND,0.00311456760391593,0.030436044558882713,0.15974043309688568,1
30.408,LAND,0.0035090630408376455,0.030747056007385254,0.16011926531791687,1
30.408,LAND,0.0035090630408376455,0.030747056007385254,0.16011926531791687,1
30.408,LAND,0.0035090630408376455,0.030747056007385254,0.16011926531791687,1
30.412,LAND,0.0035090630408376455,0.030747056007385254,0.16011926531791687,1
30.412,LAND,0.003736717626452446,0.030941592529416084,0.16031098365783691,1
30.412,LAND,0.003736717626452446,0.030941592529416084,0.16031098365783691,1
30.416,LAND,0.003736717626452446,0.030941592529416084,0.16031098365783691,1
30.444,LAND,0.003736717626452446,0.030941592529416084,0.16031098365783691,1
30.468,LAND,0.004032039549201727,0.031204162165522575,0.160543292760849,1
30.468,LAND,0.004032039549201727,0.031204162165522575,0.160543292760849,1
30.476,LAND,0.004202598240226507,0.03136099874973297,0.16064050793647766,1
30.48,LAND,0.004202598240226507,0.03136099874973297,0.16064050793647766,1
30.484,LAND,0.004202598240226507,0.03136099874973297,0.16064050793647766,1
30.488,LAND,0.004202598240226507,0.03136099874973297,0.16064050793647766,1
30.504,LAND,0.004412512760609388,0.031571999192237854,0.16071659326553345,1
30.508,LAND,0.004412512760609388,0.031571999192237854,0.16071659326553345,1
30.512,LAND,0.004522595088928938,0.03170112520456314,0.16072961688041687,1
30.512,LAND,0.004522595088928938,0.03170112520456314,0.16072961688041687,1
30.512,LAND,0.004522595088928938,0.03170112520456314,0.16072961688041687,1
30.516,LAND,0.004522595088928938,0.03170112520456314,0.16072961688041687,1
30.532,LAND,0.004639019723981619,0.03187819942831993,0.16067305207252502,1
30.536,LAND,0.004639019723981619,0.03187819942831993,0.16067305207252502,1
30.54,LAND,0.004639019723981619,0.03187819942831993,0.16067305207252502,1
30.544,LAND,0.004639019723981619,0.03187819942831993,0.16067305207252502,1
30.564,LAND,0.004690679255872965,0.031976524740457535,0.1605890393257141,1
30.568,LAND,0.004690679255872965,0.031976524740457535,0.1605890393257141,1
30.572,LAND,0.004733008332550526,0.032104577869176865,0.16042965650558472,1
30.572,LAND,0.004733008332550526,0.032104577869176865,0.16042965650558472,1
30.58,LAND,0.004733008332550526,0.032104577869176865,0.16042965650558472,1
30.584,LAND,0.004733008332550526,0.032104577869176865,0.16042965650558472,1
30.6,LAND,0.004740182310342789,0.03217540681362152,0.1602763831615448,1
30.6,LAND,0.004740182310342789,0.03217540681362152,0.1602763831615448,1
30.608,LAND,0.004740182310342789,0.03217540681362152,0.1602763831615448,1
30.612,LAND,0.004719097167253494,0.03226310759782791,0.16000735759735107,1
30.616,LAND,0.004719097167253494,0.03226310759782791,0.16000735759735107,1
30.616,LAND,0.004719097167253494,0.03226310759782791,0.16000735759735107,1
30.628,LAND,0.004719097167253494,0.03226310759782791,0.16000735759735107,1
30.632,LAND,0.004681238438934088,0.03230530768632889,0.15980954468250275,1
30.636,LAND,0.004681238438934088,0.03230530768632889,0.15980954468250275,1
30.64,LAND,0.004681238438934088,0.03230530768632889,0.15980954468250275,1
30.66,LAND,0.004681238438934088,0.03230530768632889,0.15980954468250275,1
30.66,LAND,0.004598075989633799,0.032345809042453766,0.15947215259075165,1
30.664,LAND,0.004598075989633799,0.032345809042453766,0.15947215259075165,1
30.668,LAND,0.004517092369496822,0.032356929033994675,0.15921910107135773,1
30.672,LAND,0.004517092369496822,0.032356929033994675,0.15921910107135773,1
30.672,LAND,0.004517092369496822,0.032356929033994675,0.15921910107135773,1
30.672,LAND,0.004517092369496822,0.032356929033994675,0.15921910107135773,1
30.692,LAND,0.004371543414890766,0.032362207770347595,0.15884460508823395,1
30.692,LAND,0.004371543414890766,0.032362207770347595,0.15884460508823395,1
30.708,LAND,0.004371543414890766,0.032362207770347595,0.15884460508823395,1
30.708,LAND,0.004371543414890766,0.032362207770347595,0.15884460508823395,1
30.712,LAND,0.004256316926330328,0.0323529876768589,0.15857000648975372,1
30.712,LAND,0.004256316926330328,0.0323529876768589,0.15857000648975372,1
30.72,LAND,0.004256316926330328,0.0323529876768589,0.15857000648975372,1
30.728,LAND,0.004256316926330328,0.0323529876768589,0.15857000648975372,1
30.732,LAND,0.0040703448466956615,0.032307904213666916,0.15814390778541565,1
30.736,LAND,0.0040703448466956615,0.032307904213666916,0.15814390778541565,1
30.74,LAND,0.0040703448466956615,0.032307904213666916,0.15814390778541565,1
30.756,LAND,0.0044030919671058655,0.032551176846027374,0.15862950682640076,1
30.756,LAND,0.0044030919671058655,0.032551176846027374,0.15862950682640076,1
30.764,LAND,0.0044030919671058655,0.032551176846027374,0.15862950682640076,1
30.768,LAND,0.0044030919671058655,0.032551176846027374,0.15862950682640076,1
30.768,LAND,0.00483647221699357,0.032874394208192825,0.15925168991088867,1
30.768,LAND,0.00483647221699357,0.032874394208192825,0.15925168991088867,1
30.784,LAND,0.00483647221699357,0.032874394208192825,0.15925168991088867,1
30.784,LAND,0.00483647221699357,0.032874394208192825,0.15925168991088867,1
30.788,LAND,0.0050905803218483925,0.033060040324926376,0.159605011343956,1
30.792,LAND,0.0050905803218483925,0.033060040324926376,0.159605011343956,1
30.816,LAND,0.0050905803218483925,0.033060040324926376,0.159605011343956,1
30.816,LAND,0.005414479877799749,0.03329724073410034,0.16007016599178314,1
30.824,LAND,0.005414479877799749,0.03329724073410034,0.16007016599178314,1
30.828,LAND,0.00559970922768116,0.03343164175748825,0.1603141576051712,1
30.832,LAND,0.00559970922768116,0.03343164175748825,0.1603141576051712,1
30.836,LAND,0.00559970922768116,0.03343164175748825,0.1603141576051712,1
30.852,LAND,0.00559970922768116,0.03343164175748825,0.1603141576051712,1
30.852,LAND,0.005834291223436594,0.03360073268413544,0.1606007218360901,1
30.86,LAND,0.005834291223436594,0.03360073268413544,0.1606007218360901,1
30.864,LAND,0.005834291223436594,0.03360073268413544,0.1606007218360901,1
30.868,LAND,0.005834291223436594,0.03360073268413544,0.1606007218360901,1
30.872,LAND,0.005962077993899584,0.03369557112455368,0.1607562005519867,1
30.88,LAND,0.005962077993899584,0.03369557112455368,0.1607562005519867,1
30.884,LAND,0.005962077993899584,0.03369557112455368,0.1607562005519867,1
30.888,LAND,0.005962077993899584,0.03369557112455368,0.1607562005519867,1
30.9,LAND,0.006110742222517729,0.0338100828230381,0.16090792417526245,1
30.9,LAND,0.006110742222517729,0.0338100828230381,0.16090792417526245,1
30.9,LAND,0.006110742222517729,0.0338100828230381,0.16090792417526245,1
30.9,LAND,0.006110742222517729,0.0338100828230381,0.16090792417526245,1
30.904,LAND,0.006181192584335804,0.03387193754315376,0.16095557808876038,1
30.92,LAND,0.006181192584335804,0.03387193754315376,0.16095557808876038,1
30.924,LAND,0.006181192584335804,0.03387193754315376,0.16095557808876038,1
30.928,LAND,0.006181192584335804,0.03387193754315376,0.16095557808876038,1
30.932,LAND,0.006247848737984896,0.03394769877195358,0.16099268198013306,1
30.94,LAND,0.006247848737984896,0.03394769877195358,0.16099268198013306,1
30.96,LAND,0.006247848737984896,0.03394769877195358,0.16099268198013306,1
30.96,LAND,0.00626820232719183,0.033979181200265884,0.1609654277563095,1
30.968,LAND,0.00626820232719183,0.033979181200265884,0.1609654277563095,1
30.972,LAND,0.006263874936848879,0.03399873152375221,0.16086651384830475,1
30.976,LAND,0.006263874936848879,0.03399873152375221,0.16086651384830475,1
30.98,LAND,0.006263874936848879,0.03399873152375221,0.16086651384830475,1
30.988,LAND,0.006263874936848879,0.03399873152375221,0.16086651384830475,1
31.008,LAND,0.006234103348106146,0.03399793431162834,0.16077135503292084,1
31.012,LAND,0.006234103348106146,0.03399793431162834,0.16077135503292084,1
31.016,LAND,0.0061553786508738995,0.03398450091481209,0.1605665236711502,1
31.02,LAND,0.0061553786508738995,0.03398450091481209,0.1605665236711502,1
31.024,LAND,0.0061553786508738995,0.03398450091481209,0.1605665236711502,1
31.028,LAND,0.0061553786508738995,0.03398450091481209,0.1605665236711502,1
31.036,LAND,0.006082084029912949,0.033961839973926544,0.16038545966148376,1
31.04,LAND,0.006082084029912949,0.033961839973926544,0.16038545966148376,1
31.044,LAND,0.006082084029912949,0.033961839973926544,0.16038545966148376,1
31.056,LAND,0.005954250693321228,0.03390749543905258,0.16009825468063354,1
31.056,LAND,0.005954250693321228,0.03390749543905258,0.16009825468063354,1
31.06,LAND,0.005954250693321228,0.03390749543905258,0.16009825468063354,1
31.064,LAND,0.005954250693321228,0.03390749543905258,0.16009825468063354,1
31.064,LAND,0.005849708802998066,0.03385917469859123,0.15986645221710205,1
31.076,LAND,0.005849708802998066,0.03385917469859123,0.15986645221710205,1
31.08,LAND,0.005849708802998066,0.03385917469859123,0.15986645221710205,1
31.084,LAND,0.005849708802998066,0.03385917469859123,0.15986645221710205,1
31.088,LAND,0.005660216324031353,0.03376847133040428,0.15949125587940216,1
31.104,LAND,0.005660216324031353,0.03376847133040428,0.15949125587940216,1
31.104,LAND,0.005660216324031353,0.03376847133040428,0.15949125587940216,1
31.112,LAND,0.005513293668627739,0.03369541093707085,0.15922798216342926,1
31.116,LAND,0.005513293668627739,0.03369541093707085,0.15922798216342926,1
31.12,LAND,0.005513293668627739,0.03369541093707085,0.15922798216342926,1
31.124,LAND,0.005513293668627739,0.03369541093707085,0.15922798216342926,1
31.132,LAND,0.005267041735351086,0.03356616199016571,0.15879766643047333,1
31.136,LAND,0.005267041735351086,0.03356616199016571,0.15879766643047333,1
31.14,LAND,0.005267041735351086,0.03356616199016571,0.15879766643047333,1
31.152,LAND,0.005267041735351086,0.03356616199016571,0.15879766643047333,1
31.152,LAND,0.005699042696505785,0.03381580114364624,0.15924514830112457,1
31.156,LAND,0.005699042696505785,0.03381580114364624,0.15924514830112457,1
31.156,LAND,0.005699042696505785,0.03381580114364624,0.15924514830112457,1
31.156,LAND,0.005699042696505785,0.03381580114364624,0.15924514830112457,1
31.172,LAND,0.006260442081838846,0.03415805101394653,0.15984593331813812,1
31.176,LAND,0.006260442081838846,0.03415805101394653,0.15984593331813812,1
31.18,LAND,0.006260442081838846,0.03415805101394653,0.15984593331813812,1
31.184,LAND,0.006260442081838846,0.03415805101394653,0.15984593331813812,1
31.2,LAND,0.006585213355720043,0.034365080296993256,0.16018171608448029,1
31.2,LAND,0.006585213355720043,0.034365080296993256,0.16018171608448029,1
31.208,LAND,0.006585213355720043,0.034365080296993256,0.16018171608448029,1
31.212,LAND,0.0070008933544158936,0.034640565514564514,0.16059748828411102,1
31.216,LAND,0.0070008933544158936,0.034640565514564514,0.16059748828411102,1
31.22,LAND,0.0070008933544158936,0.034640565514564514,0.16059748828411102,1
31.228,LAND,0.0072356294840574265,0.03480445221066475,0.1608269363641739,1
31.232,LAND,0.0072356294840574265,0.03480445221066475,0.1608269363641739,1
31.236,LAND,0.0072356294840574265,0.03480445221066475,0.1608269363641739,1
31.24,LAND,0.0072356294840574265,0.03480445221066475,0.1608269363641739,1
31.26,LAND,0.0072356294840574265,0.03480445221066475,0.1608269363641739,1
31.26,LAND,0.007524230517446995,0.035018887370824814,0.16107460856437683,1
31.268,LAND,0.007524230517446995,0.035018887370824814,0.16107460856437683,1
31.272,LAND,0.007682377938181162,0.03514533489942551,0.16119015216827393,1
31.272,LAND,0.007682377938181162,0.03514533489942551,0.16119015216827393,1
31.28,LAND,0.007682377938181162,0.03514533489942551,0.16119015216827393,1
31.288,LAND,0.007682377938181162,0.03514533489942551,0.16119015216827393,1
31.308,LAND,0.00786399282515049,0.03531457111239433,0.1613110899925232,1
31.312,LAND,0.007954109460115433,0.035412222146987915,0.16133855283260345,1
31.312,LAND,0.007954109460115433,0.035412222146987915,0.16133855283260345,1
31.316,LAND,0.007954109460115433,0.035412222146987915,0.16133855283260345,1
31.32,LAND,0.007954109460115433,0.035412222146987915,0.16133855283260345,1
31.324,LAND,0.007954109460115433,0.035412222146987915,0.16133855283260345,1
31.336,LAND,0.008050521835684776,0.03553718328475952,0.16132469475269318,1
31.34,LAND,0.008050521835684776,0.03553718328475952,0.16132469475269318,1
31.344,LAND,0.008050521835684776,0.03553718328475952,0.16132469475269318,1
31.356,LAND,0.00808586087077856,0.03560704365372658,0.16128836572170258,1
31.356,LAND,0.00808586087077856,0.03560704365372658,0.16128836572170258,1
31.36,LAND,0.00808586087077856,0.03560704365372658,0.16128836572170258,1
31.364,LAND,0.00808586087077856,0.03560704365372658,0.16128836572170258,1
31.364,LAND,0.008091269060969353,0.035689134150743484,0.16116414964199066,1
31.376,LAND,0.008091269060969353,0.035689134150743484,0.16116414964199066,1
31.38,LAND,0.008091269060969353,0.035689134150743484,0.16116414964199066,1
31.384,LAND,0.008091269060969353,0.035689134150743484,0.16116414964199066,1
31.388,LAND,0.008091269060969353,0.035689134150743484,0.16116414964199066,1
31.404,LAND,0.008067794144153595,0.035726193338632584,0.16103771328926086,1
31.404,LAND,0.008067794144153595,0.035726193338632584,0.16103771328926086,1
31.412,LAND,0.007998214103281498,0.035754088312387466,0.16082344949245453,1
31.416,LAND,0.007998214103281498,0.035754088312387466,0.16082344949245453,1
31.42,LAND,0.007998214103281498,0.035754088312387466,0.16082344949245453,1
31.424,LAND,0.007998214103281498,0.035754088312387466,0.16082344949245453,1
31.432,LAND,0.007928063161671162,0.03575577586889267,0.16063784062862396,1
31.436,LAND,0.007928063161671162,0.03575577586889267,0.16063784062862396,1
31.44,LAND,0.007928063161671162,0.03575577586889267,0.16063784062862396,1
31.452,LAND,0.007928063161671162,0.03575577586889267,0.16063784062862396,1
31.452,LAND,0.007786535192281008,0.035741936415433884,0.16032551229000092,1
31.456,LAND,0.007786535192281008,0.035741936415433884,0.16032551229000092,1
31.46,LAND,0.007786535192281008,0.035741936415433884,0.16032551229000092,1
31.464,LAND,0.007786535192281008,0.035741936415433884,0.16032551229000092,1
31.472,LAND,0.007666230201721191,0.03572055697441101,0.16009452939033508,1
31.476,LAND,0.007666230201721191,0.03572055697441101,0.16009452939033508,1
31.48,LAND,0.007666230201721191,0.03572055697441101,0.16009452939033508,1
31.484,LAND,0.007666230201721191,0.03572055697441101,0.16009452939033508,1
31.5,LAND,0.00745830312371254,0.035677503794431686,0.15971282124519348,1
31.5,LAND,0.00745830312371254,0.035677503794431686,0.15971282124519348,1
31.508,LAND,0.00745830312371254,0.035677503794431686,0.15971282124519348,1
31.512,LAND,0.00730157969519496,0.035639189183712006,0.15942704677581787,1
31.516,LAND,0.00730157969519496,0.035639189183712006,0.15942704677581787,1
31.516,LAND,0.00730157969519496,0.035639189183712006,0.15942704677581787,1
31.528,LAND,0.00730157969519496,0.035639189183712006,0.15942704677581787,1
31.532,LAND,0.007045362144708633,0.03556066378951073,0.15899847447872162,1
31.536,LAND,0.007045362144708633,0.03556066378951073,0.15899847447872162,1
31.54,LAND,0.007045362144708633,0.03556066378951073,0.15899847447872162,1
31.56,LAND,0.007045362144708633,0.03556066378951073,0.15899847447872162,1
31.56,LAND,0.007420181296765804,0.03582597151398659,0.1595129668712616,1
31.568,LAND,0.007420181296765804,0.03582597151398659,0.1595129668712616,1
31.572,LAND,0.007907023653388023,0.03617425262928009,0.16018065810203552,1
31.576,LAND,0.007907023653388023,0.03617425262928009,0.16018065810203552,1
31.58,LAND,0.007907023653388023,0.03617425262928009,0.16018065810203552,1
31.596,LAND,0.008191854692995548,0.03638144209980965,0.16057990491390228,1
31.596,LAND,0.008191854692995548,0.03638144209980965,0.16057990491390228,1
31.604,LAND,0.008191854692995548,0.03638144209980965,0.16057990491390228,1
31.608,LAND,0.008191854692995548,0.03638144209980965,0.16057990491390228,1
31.612,LAND,0.008554814383387566,0.03665853291749954,0.16107876598834991,1
31.616,LAND,0.008554814383387566,0.03665853291749954,0.16107876598834991,1
31.624,LAND,0.008554814383387566,0.03665853291749954,0.16107876598834991,1
31.628,LAND,0.008759941905736923,0.036824002861976624,0.16134603321552277,1
31.632,LAND,0.008759941905736923,0.036824002861976624,0.16134603321552277,1
31.636,LAND,0.008759941905736923,0.036824002861976624,0.16134603321552277,1
31.656,LAND,0.008759941905736923,0.036824002861976624,0.16134603321552277,1
31.66,LAND,0.009015209972858429,0.037033576518297195,0.16169202327728271,1
31.664,LAND,0.009015209972858429,0.037033576518297195,0.16169202327728271,1
31.668,LAND,0.009015209972858429,0.037033576518297195,0.16169202327728271,1
31.672,LAND,0.009149355813860893,0.037154652178287506,0.16186095774173737,1
31.676,LAND,0.009149355813860893,0.037154652178287506,0.16186095774173737,1
31.684,LAND,0.009149355813860893,0.037154652178287506,0.16186095774173737,1
31.688,LAND,0.009149355813860893,0.037154652178287506,0.16186095774173737,1
31.704,LAND,0.009293671697378159,0.03730955719947815,0.1620306819677353,1
31.704,LAND,0.009293671697378159,0.03730955719947815,0.1620306819677353,1
31.712,LAND,0.00935819186270237,0.037391796708106995,0.16210070252418518,1
31.716,LAND,0.00935819186270237,0.037391796708106995,0.16210070252418518,1
31.72,LAND,0.00935819186270237,0.037391796708106995,0.16210070252418518,1
31.724,LAND,0.00935819186270237,0.037391796708106995,0.16210070252418518,1
31.732,LAND,0.0094132199883461,0.03748360648751259,0.16211868822574615,1
31.736,LAND,0.0094132199883461,0.03748360648751259,0.16211868822574615,1
31.74,LAND,0.0094132199883461,0.03748360648751259,0.16211868822574615,1
31.752,LAND,0.0094132199883461,0.03748360648751259,0.16211868822574615,1
31.752,LAND,0.009428414516150951,0.03752942383289337,0.16210366785526276,1
31.752,LAND,0.009428414516150951,0.03752942383289337,0.16210366785526276,1
31.76,LAND,0.009428414516150951,0.03752942383289337,0.16210366785526276,1
31.764,LAND,0.009428414516150951,0.03752942383289337,0.16210366785526276,1
31.772,LAND,0.009416284039616585,0.03758298605680466,0.1620064228773117,1
31.776,LAND,0.009416284039616585,0.03758298605680466,0.1620064228773117,1
31.78,LAND,0.009416284039616585,0.03758298605680466,0.1620064228773117,1
31.784,LAND,0.009416284039616585,0.03758298605680466,0.1620064228773117,1
31.8,LAND,0.009381977841258049,0.03760223463177681,0.16189523041248322,1
31.8,LAND,0.009381977841258049,0.03760223463177681,0.16189523041248322,1
31.808,LAND,0.009294943884015083,0.037613216787576675,0.16168852150440216,1
31.812,LAND,0.009294943884015083,0.037613216787576675,0.16168852150440216,1
31.816,LAND,0.009294943884015083,0.037613216787576675,0.16168852150440216,1
31.82,LAND,0.009294943884015083,0.037613216787576675,0.16168852150440216,1
31.828,LAND,0.009294943884015083,0.037613216787576675,0.16168852150440216,1
31.832,LAND,0.00921420007944107,0.03761078044772148,0.16151751577854156,1
31.836,LAND,0.00921420007944107,0.03761078044772148,0.16151751577854156,1
31.84,LAND,0.00921420007944107,0.03761078044772148,0.16151751577854156,1
31.86,LAND,0.00905755814164877,0.037585221230983734,0.16120651364326477,1
31.86,LAND,0.00905755814164877,0.037585221230983734,0.16120651364326477,1
31.868,LAND,0.00905755814164877,0.037585221230983734,0.16120651364326477,1
31.872,LAND,0.008922012522816658,0.03755892813205719,0.16099080443382263,1
31.876,LAND,0.008922012522816658,0.03755892813205719,0.16099080443382263,1
31.88,LAND,0.008922012522816658,0.03755892813205719,0.16099080443382263,1
31.896,LAND,0.008691792376339436,0.037510208785533905,0.16061928868293762,1
31.9,LAND,0.008691792376339436,0.037510208785533905,0.16061928868293762,1
31.904,LAND,0.008691792376339436,0.037510208785533905,0.16061928868293762,1
31.904,LAND,0.008691792376339436,0.037510208785533905,0.16061928868293762,1
31.912,LAND,0.008518186397850513,0.03746158257126808,0.16033540666103363,1
31.916,LAND,0.008518186397850513,0.03746158257126808,0.16033540666103363,1
31.924,LAND,0.008518186397850513,0.03746158257126808,0.16033540666103363,1
31.928,LAND,0.008518186397850513,0.03746158257126808,0.16033540666103363,1
31.932,LAND,0.008226585574448109,0.03736739978194237,0.15989631414413452,1
31.936,LAND,0.008226585574448109,0.03736739978194237,0.15989631414413452,1
31.956,LAND,0.008226585574448109,0.03736739978194237,0.15989631414413452,1
31.956,LAND,0.008695410564541817,0.037617627531290054,0.16047599911689758,1
31.964,LAND,0.008695410564541817,0.037617627531290054,0.16047599911689758,1
31.968,LAND,0.008695410564541817,0.037617627531290054,0.16047599911689758,1
31.972,LAND,0.009309561923146248,0.03795011714100838,0.16123135387897491,1
31.976,LAND,0.009309561923146248,0.03795011714100838,0.16123135387897491,1
31.984,LAND,0.009309561923146248,0.03795011714100838,0.16123135387897491,1
31.988,LAND,0.009309561923146248,0.03795011714100838,0.16123135387897491,1
32.004,LAND,0.009664114564657211,0.03814266622066498,0.16168265044689178,1
32.004,LAND,0.009664114564657211,0.03814266622066498,0.16168265044689178,1
32.012,LAND,0.010119224898517132,0.0383954793214798,0.1622464656829834,1
32.016,LAND,0.010119224898517132,0.0383954793214798,0.1622464656829834,1
32.02,LAND,0.010119224898517132,0.0383954793214798,0.1622464656829834,1
32.024,LAND,0.010119224898517132,0.0383954793214798,0.1622464656829834,1
32.032,LAND,0.010380817577242851,0.038539208471775055,0.16256831586360931,1
32.036,LAND,0.010380817577242851,0.038539208471775055,0.16256831586360931,1
32.04,LAND,0.010380817577242851,0.038539208471775055,0.16256831586360931,1
32.052,LAND,0.010380817577242851,0.038539208471775055,0.16256831586360931,1
32.052,LAND,0.010703670792281628,0.03871949389576912,0.16296343505382538,1
32.056,LAND,0.010703670792281628,0.03871949389576912,0.16296343505382538,1
32.056,LAND,0.010703670792281628,0.03871949389576912,0.16296343505382538,1
32.056,LAND,0.010703670792281628,0.03871949389576912,0.16296343505382538,1
32.072,LAND,0.010879111476242542,0.03881322965025902,0.16316188871860504,1
32.076,LAND,0.010879111476242542,0.03881322965025902,0.16316188871860504,1
32.08,LAND,0.010879111476242542,0.03881322965025902,0.16316188871860504,1
32.084,LAND,0.010879111476242542,0.03881322965025902,0.16316188871860504,1
32.1,LAND,0.011076904833316803,0.03892344608902931,0.1633649319410324,1
32.104,LAND,0.011076904833316803,0.03892344608902931,0.1633649319410324,1
32.104,LAND,0.011076904833316803,0.03892344608902931,0.1633649319410324,1
32.112,LAND,0.011169405654072762,0.038978494703769684,0.16345225274562836,1
32.116,LAND,0.011169405654072762,0.038978494703769684,0.16345225274562836,1
32.12,LAND,0.011169405654072762,0.038978494703769684,0.16345225274562836,1
32.128,LAND,0.011169405654072762,0.038978494703769684,0.16345225274562836,1
32.132,LAND,0.011254416778683662,0.03903687745332718,0.16348616778850555,1
32.136,LAND,0.011254416778683662,0.03903687745332718,0.16348616778850555,1
32.14,LAND,0.011254416778683662,0.03903687745332718,0.16348616778850555,1
32.16,LAND,0.011254416778683662,0.03903687745332718,0.16348616778850555,1
32.16,LAND,0.011276968754827976,0.03905933350324631,0.16348770260810852,1
32.168,LAND,0.011277245357632637,0.03907649219036102,0.1634104996919632,1
32.172,LAND,0.011277245357632637,0.03907649219036102,0.1634104996919632,1
32.176,LAND,0.011277245357632637,0.03907649219036102,0.1634104996919632,1
32.18,LAND,0.011277245357632637,0.03907649219036102,0.1634104996919632,1
32.188,LAND,0.011277245357632637,0.03907649219036102,0.1634104996919632,1
32.208,LAND,0.011251033283770084,0.03907545283436775,0.16330952942371368,1
32.208,LAND,0.011251033283770084,0.03907545283436775,0.16330952942371368,1
32.216,LAND,0.011183868162333965,0.03906362131237984,0.16313309967517853,1
32.22,LAND,0.011183868162333965,0.03906362131237984,0.16313309967517853,1
32.224,LAND,0.011183868162333965,0.03906362131237984,0.16313309967517853,1
32.228,LAND,0.011183868162333965,0.03906362131237984,0.16313309967517853,1
32.236,LAND,0.011116283014416695,0.03904971852898598,0.16296927630901337,1
32.24,LAND,0.011116283014416695,0.03904971852898598,0.16296927630901337,1
32.256,LAND,0.011116283014416695,0.03904971852898598,0.16296927630901337,1
32.256,LAND,0.010978118516504765,0.03901722654700279,0.16265442967414856,1
32.264,LAND,0.010978118516504765,0.03901722654700279,0.16265442967414856,1
32.268,LAND,0.010978118516504765,0.03901722654700279,0.16265442967414856,1
32.272,LAND,0.010855485685169697,0.038989901542663574,0.16242937743663788,1
32.272,LAND,0.010855485685169697,0.038989901542663574,0.16242937743663788,1
32.284,LAND,0.010855485685169697,0.038989901542663574,0.16242937743663788,1
32.288,LAND,0.010855485685169697,0.038989901542663574,0.16242937743663788,1
32.304,LAND,0.010644027963280678,0.03893933445215225,0.162037193775177,1
32.304,LAND,0.010644027963280678,0.03893933445215225,0.162037193775177,1
32.312,LAND,0.010481537319719791,0.03889504447579384,0.16174601018428802,1
32.316,LAND,0.010481537319719791,0.03889504447579384,0.16174601018428802,1
32.32,LAND,0.010481537319719791,0.03889504447579384,0.16174601018428802,1
32.324,LAND,0.010481537319719791,0.03889504447579384,0.16174601018428802,1
32.332,LAND,0.010214042849838734,0.03881959617137909,0.16132384538650513,1
32.336,LAND,0.010214042849838734,0.03881959617137909,0.16132384538650513,1
32.34,LAND,0.010214042849838734,0.03881959617137909,0.16132384538650513,1
32.352,LAND,0.010214042849838734,0.03881959617137909,0.16132384538650513,1
32.352,LAND,0.01070008147507906,0.039211563766002655,0.1619507521390915,1
32.352,LAND,0.01070008147507906,0.039211563766002655,0.1619507521390915,1
32.356,LAND,0.01070008147507906,0.039211563766002655,0.1619507521390915,1
32.356,LAND,0.01070008147507906,0.039211563766002655,0.1619507521390915,1
32.372,LAND,0.011335966177284718,0.03974834084510803,0.1627582162618637,1
32.376,LAND,0.011335966177284718,0.03974834084510803,0.1627582162618637,1
32.38,LAND,0.011335966177284718,0.03974834084510803,0.1627582162618637,1
32.384,LAND,0.011335966177284718,0.03974834084510803,0.1627582162618637,1
32.4,LAND,0.011705652810633183,0.040082260966300964,0.1632484644651413,1
32.4,LAND,0.011705652810633183,0.040082260966300964,0.1632484644651413,1
32.408,LAND,0.011705652810633183,0.040082260966300964,0.1632484644651413,1
32.412,LAND,0.012175802141427994,0.04054037481546402,0.1638660728931427,1
32.416,LAND,0.012175802141427994,0.04054037481546402,0.1638660728931427,1
32.42,LAND,0.012175802141427994,0.04054037481546402,0.1638660728931427,1
32.428,LAND,0.012175802141427994,0.04054037481546402,0.1638660728931427,1
32.432,LAND,0.012444606050848961,0.04082357883453369,0.16421639919281006,1
32.436,LAND,0.012444606050848961,0.04082357883453369,0.16421639919281006,1
32.44,LAND,0.012444606050848961,0.04082357883453369,0.16421639919281006,1
32.46,LAND,0.012444606050848961,0.04082357883453369,0.16421639919281006,1
32.46,LAND,0.012776250019669533,0.04120463877916336,0.1646508276462555,1
32.468,LAND,0.012776250019669533,0.04120463877916336,0.1646508276462555,1
32.472,LAND,0.012959321029484272,0.04143466055393219,0.1648683398962021,1
32.476,LAND,0.012959321029484272,0.04143466055393219,0.1648683398962021,1
32.48,LAND,0.012959321029484272,0.04143466055393219,0.1648683398962021,1
32.488,LAND,0.012959321029484272,0.04143466055393219,0.1648683398962021,1
32.508,LAND,0.01318211480975151,0.04173935204744339,0.16512151062488556,1
32.508,LAND,0.01318211480975151,0.04173935204744339,0.16512151062488556,1
32.516,LAND,0.01329511683434248,0.04192616418004036,0.16523762047290802,1
32.52,LAND,0.01329511683434248,0.04192616418004036,0.16523762047290802,1
32.524,LAND,0.01329511683434248,0.04192616418004036,0.16523762047290802,1
32.528,LAND,0.013418964110314846,0.04217906668782234,0.1653193235397339,1
32.536,LAND,0.013418964110314846,0.04217906668782234,0.1653193235397339,1
32.54,LAND,0.013418964110314846,0.04217906668782234,0.1653193235397339,1
32.556,LAND,0.013418964110314846,0.04217906668782234,0.1653193235397339,1
32.556,LAND,0.013470965437591076,0.04232999309897423,0.16533155739307404,1
32.564,LAND,0.013470965437591076,0.04232999309897423,0.16533155739307404,1
32.568,LAND,0.013470965437591076,0.04232999309897423,0.16533155739307404,1
32.572,LAND,0.013494761660695076,0.0425240695476532,0.1652839630842209,1
32.576,LAND,0.013494761660695076,0.0425240695476532,0.1652839630842209,1
32.584,LAND,0.013494761660695076,0.0425240695476532,0.1652839630842209,1
32.588,LAND,0.013494761660695076,0.0425240695476532,0.1652839630842209,1
32.604,LAND,0.01347954012453556,0.042635753750801086,0.16519679129123688,1
32.604,LAND,0.01347954012453556,0.042635753750801086,0.16519679129123688,1
32.612,LAND,0.01342032290995121,0.04276926442980766,0.16502626240253448,1
32.616,LAND,0.01342032290995121,0.04276926442980766,0.16502626240253448,1
32.62,LAND,0.01342032290995121,0.04276926442980766,0.16502626240253448,1
32.624,LAND,0.01342032290995121,0.04276926442980766,0.16502626240253448,1
32.632,LAND,0.013351342640817165,0.04283451661467552,0.16487395763397217,1
32.636,LAND,0.013351342640817165,0.04283451661467552,0.16487395763397217,1
32.636,LAND,0.013351342640817165,0.04283451661467552,0.16487395763397217,1
32.636,LAND,0.013351342640817165,0.04283451661467552,0.16487395763397217,1
32.664,LAND,0.01321139745414257,0.04290230944752693,0.16458113491535187,1
32.664,LAND,0.01321139745414257,0.04290230944752693,0.16458113491535187,1
32.672,LAND,0.013091647066175938,0.04293031617999077,0.16435544192790985,1
32.676,LAND,0.013091647066175938,0.04293031617999077,0.16435544192790985,1
32.68,LAND,0.013091647066175938,0.04293031617999077,0.16435544192790985,1
32.684,LAND,0.013091647066175938,0.04293031617999077,0.16435544192790985,1
32.7,LAND,0.012872396968305111,0.042955875396728516,0.16398397088050842,1
32.7,LAND,0.012872396968305111,0.042955875396728516,0.16398397088050842,1
32.708,LAND,0.012872396968305111,0.042955875396728516,0.16398397088050842,1
32.708,LAND,0.012699959799647331,0.04295949637889862,0.16369770467281342,1
32.716,LAND,0.012699959799647331,0.04295949637889862,0.16369770467281342,1
32.72,LAND,0.012699959799647331,0.04295949637889862,0.16369770467281342,1
32.728,LAND,0.012414860539138317,0.042940955609083176,0.16325178742408752,1
32.732,LAND,0.012414860539138317,0.042940955609083176,0.16325178742408752,1
32.736,LAND,0.012414860539138317,0.042940955609083176,0.16325178742408752,1
32.74,LAND,0.012414860539138317,0.042940955609083176,0.16325178742408752,1
32.76,LAND,0.012414860539138317,0.042940955609083176,0.16325178742408752,1
32.76,LAND,0.012894672341644764,0.04322206601500511,0.16391420364379883,1
32.768,LAND,0.012894672341644764,0.04322206601500511,0.16391420364379883,1
32.772,LAND,0.01353229396045208,0.04360651597380638,0.16476571559906006,1
32.776,LAND,0.01353229396045208,0.04360651597380638,0.16476571559906006,1
32.78,LAND,0.01353229396045208,0.04360651597380638,0.16476571559906006,1
32.788,LAND,0.01353229396045208,0.04360651597380638,0.16476571559906006,1
32.792,LAND,0.013906712643802166,0.04383772239089012,0.16526712477207184,1
32.808,LAND,0.013906712643802166,0.04383772239089012,0.16526712477207184,1
32.808,LAND,0.013906712643802166,0.04383772239089012,0.16526712477207184,1
32.816,LAND,0.014384498819708824,0.04414499178528786,0.16591109335422516,1
32.82,LAND,0.014384498819708824,0.04414499178528786,0.16591109335422516,1
32.824,LAND,0.014384498819708824,0.04414499178528786,0.16591109335422516,1
32.828,LAND,0.014662268571555614,0.04432828351855278,0.1662629395723343,1
32.836,LAND,0.014662268571555614,0.04432828351855278,0.1662629395723343,1
32.84,LAND,0.014662268571555614,0.04432828351855278,0.1662629395723343,1
32.856,LAND,0.014662268571555614,0.04432828351855278,0.1662629395723343,1
32.856,LAND,0.015008592046797276,0.04457144811749458,0.16669966280460358,1
32.864,LAND,0.015008592046797276,0.04457144811749458,0.16669966280460358,1
32.868,LAND,0.015193354338407516,0.0447121225297451,0.1669214367866516,1
32.872,LAND,0.015193354338407516,0.0447121225297451,0.1669214367866516,1
32.876,LAND,0.015193354338407516,0.0447121225297451,0.1669214367866516,1
32.884,LAND,0.015193354338407516,0.0447121225297451,0.1669214367866516,1
32.888,LAND,0.015193354338407516,0.0447121225297451,0.1669214367866516,1
32.904,LAND,0.015404652804136276,0.044897254556417465,0.1671445667743683,1
32.904,LAND,0.015404652804136276,0.044897254556417465,0.1671445667743683,1
32.912,LAND,0.015509011223912239,0.04500385373830795,0.1672438085079193,1
32.916,LAND,0.015509011223912239,0.04500385373830795,0.1672438085079193,1
32.916,LAND,0.015509011223912239,0.04500385373830795,0.1672438085079193,1
32.924,LAND,0.015509011223912239,0.04500385373830795,0.1672438085079193,1
32.932,LAND,0.015601239167153835,0.04514642804861069,0.16732268035411835,1
32.936,LAND,0.015601239167153835,0.04514642804861069,0.16732268035411835,1
32.94,LAND,0.015601239167153835,0.04514642804861069,0.16732268035411835,1
32.952,LAND,0.015601239167153835,0.04514642804861069,0.16732268035411835,1
32.952,LAND,0.015601239167153835,0.04514642804861069,0.16732268035411835,1
32.964,LAND,0.015601239167153835,0.04514642804861069,0.16732268035411835,1
32.964,LAND,0.015601239167153835,0.04514642804861069,0.16732268035411835,1
32.988,LAND,0.01562667265534401,0.04522000998258591,0.16731660068035126,1
32.996,LAND,0.015617900528013706,0.04530705139040947,0.16726908087730408,1
33.0,LAND,0.015578964725136757,0.04534909129142761,0.16719378530979156,1
33.0,LAND,0.015578964725136757,0.04534909129142761,0.16719378530979156,1
33.0,LAND,0.015578964725136757,0.04534909129142761,0.16719378530979156,1
33.012,LAND,0.015578964725136757,0.04534909129142761,0.16719378530979156,1
33.02,LAND,0.01548063475638628,0.045391567051410675,0.16700631380081177,1
33.024,LAND,0.01548063475638628,0.045391567051410675,0.16700631380081177,1
33.024,LAND,0.01548063475638628,0.045391567051410675,0.16700631380081177,1
33.024,LAND,0.01548063475638628,0.045391567051410675,0.16700631380081177,1
33.024,LAND,0.015383687801659107,0.04540310055017471,0.16684900224208832,1
33.044,LAND,0.015383687801659107,0.04540310055017471,0.16684900224208832,1
33.052,LAND,0.015383687801659107,0.04540310055017471,0.16684900224208832,1
33.052,LAND,0.015383687801659107,0.04540310055017471,0.16684900224208832,1
33.064,LAND,0.015195812098681927,0.045401908457279205,0.1665690541267395,1
33.064,LAND,0.015195812098681927,0.045401908457279205,0.1665690541267395,1
33.064,LAND,0.01503805723041296,0.04538469389081001,0.1663340926170349,1
33.064,LAND,0.01503805723041296,0.04538469389081001,0.1663340926170349,1
33.076,LAND,0.01503805723041296,0.04538469389081001,0.1663340926170349,1
33.076,LAND,0.01503805723041296,0.04538469389081001,0.1663340926170349,1
33.096,LAND,0.014762657694518566,0.045336298644542694,0.16596044600009918,1
33.096,LAND,0.014762657694518566,0.045336298644542694,0.16596044600009918,1
33.108,LAND,0.014762657694518566,0.045336298644542694,0.16596044600009918,1
33.108,LAND,0.014762657694518566,0.045336298644542694,0.16596044600009918,1
33.108,LAND,0.01454945933073759,0.04528993368148804,0.1656850427389145,1
33.112,LAND,0.01454945933073759,0.04528993368148804,0.1656850427389145,1
33.124,LAND,0.01454945933073759,0.04528993368148804,0.1656850427389145,1
33.132,LAND,0.01454945933073759,0.04528993368148804,0.1656850427389145,1
33.132,LAND,0.014177748002111912,0.04519965127110481,0.16521470248699188,1
33.132,LAND,0.014177748002111912,0.04519965127110481,0.16521470248699188,1
33.136,LAND,0.014177748002111912,0.04519965127110481,0.16521470248699188,1
33.136,LAND,0.014177748002111912,0.04519965127110481,0.16521470248699188,1
33.136,LAND,0.014692094177007675,0.045494869351387024,0.16587787866592407,1
33.16,LAND,0.014692094177007675,0.045494869351387024,0.16587787866592407,1
33.168,LAND,0.015360218472778797,0.04589284583926201,0.16676419973373413,1
33.168,LAND,0.015360218472778797,0.04589284583926201,0.16676419973373413,1
33.172,LAND,0.015360218472778797,0.04589284583926201,0.16676419973373413,1
33.172,LAND,0.015360218472778797,0.04589284583926201,0.16676419973373413,1
33.184,LAND,0.015360218472778797,0.04589284583926201,0.16676419973373413,1
33.188,LAND,0.015360218472778797,0.04589284583926201,0.16676419973373413,1
33.2,LAND,0.015748219564557076,0.04612407833337784,0.16727811098098755,1
33.2,LAND,0.015748219564557076,0.04612407833337784,0.16727811098098755,1
33.2,LAND,0.015748219564557076,0.04612407833337784,0.16727811098098755,1
33.2,LAND,0.01624338887631893,0.046421293169260025,0.1679714024066925,1
33.2,LAND,0.01624338887631893,0.046421293169260025,0.1679714024066925,1
33.2,LAND,0.01624338887631893,0.046421293169260025,0.1679714024066925,1
33.2,LAND,0.01624338887631893,0.046421293169260025,0.1679714024066925,1
33.228,LAND,0.01652621291577816,0.0465950183570385,0.16834807395935059,1
33.232,LAND,0.01652621291577816,0.0465950183570385,0.16834807395935059,1
33.232,LAND,0.01652621291577816,0.0465950183570385,0.16834807395935059,1
33.244,LAND,0.01652621291577816,0.0465950183570385,0.16834807395935059,1
33.244,LAND,0.01687014289200306,0.04682040587067604,0.16880887746810913,1
33.256,LAND,0.01687014289200306,0.04682040587067604,0.16880887746810913,1
33.256,LAND,0.01687014289200306,0.04682040587067604,0.16880887746810913,1
33.276,LAND,0.01687014289200306,0.04682040587067604,0.16880887746810913,1
33.276,LAND,0.01705179736018181,0.04695214331150055,0.16906122863292694,1
33.284,LAND,0.01705179736018181,0.04695214331150055,0.16906122863292694,1
33.288,LAND,0.01705179736018181,0.04695214331150055,0.16906122863292694,1
33.312,LAND,0.017259487882256508,0.04712308198213577,0.16932834684848785,1
33.312,LAND,0.017360063269734383,0.047218892723321915,0.16943395137786865,1
33.316,LAND,0.017360063269734383,0.047218892723321915,0.16943395137786865,1
33.316,LAND,0.017360063269734383,0.047218892723321915,0.16943395137786865,1
33.316,LAND,0.017360063269734383,0.047218892723321915,0.16943395137786865,1
33.32,LAND,0.017360063269734383,0.047218892723321915,0.16943395137786865,1
33.324,LAND,0.01745087094604969,0.04734336957335472,0.16953551769256592,1
33.34,LAND,0.01745087094604969,0.04734336957335472,0.16953551769256592,1
33.344,LAND,0.01745087094604969,0.04734336957335472,0.16953551769256592,1
33.348,LAND,0.01745087094604969,0.04734336957335472,0.16953551769256592,1
33.372,LAND,0.017479246482253075,0.047408394515514374,0.16953971982002258,1
33.372,LAND,0.017476193606853485,0.04748368635773659,0.1694934219121933,1
33.38,LAND,0.017476193606853485,0.04748368635773659,0.1694934219121933,1
33.384,LAND,0.017476193606853485,0.04748368635773659,0.1694934219121933,1
33.396,LAND,0.017476193606853485,0.04748368635773659,0.1694934219121933,1
33.396,LAND,0.017443494871258736,0.047517113387584686,0.16941151022911072,1
33.396,LAND,0.017443494871258736,0.047517113387584686,0.16941151022911072,1
33.4,LAND,0.017443494871258736,0.047517113387584686,0.16941151022911072,1
33.408,LAND,0.017443494871258736,0.047517113387584686,0.16941151022911072,1
33.416,LAND,0.017357978969812393,0.04754062369465828,0.1692030131816864,1
33.42,LAND,0.017357978969812393,0.04754062369465828,0.1692030131816864,1
33.424,LAND,0.017357978969812393,0.04754062369465828,0.1692030131816864,1
33.432,LAND,0.01722744293510914,0.0475374236702919,0.16895368695259094,1
33.436,LAND,0.01722744293510914,0.0475374236702919,0.16895368695259094,1
33.44,LAND,0.01722744293510914,0.0475374236702919,0.16895368695259094,1
33.452,LAND,0.01722744293510914,0.0475374236702919,0.16895368695259094,1
33.452,LAND,0.017113979905843735,0.04752465337514877,0.16873949766159058,1
33.452,LAND,0.017113979905843735,0.04752465337514877,0.16873949766159058,1
33.452,LAND,0.017113979905843735,0.04752465337514877,0.16873949766159058,1
33.464,LAND,0.017113979905843735,0.04752465337514877,0.16873949766159058,1
33.464,LAND,0.017113979905843735,0.04752465337514877,0.16873949766159058,1
33.468,LAND,0.016978565603494644,0.04749955236911774,0.16849373281002045,1
33.48,LAND,0.016978565603494644,0.04749955236911774,0.16849373281002045,1
33.484,LAND,0.016978565603494644,0.04749955236911774,0.16849373281002045,1
33.504,LAND,0.016742417588829994,0.04743681848049164,0.16811224818229675,1
33.504,LAND,0.016742417588829994,0.04743681848049164,0.16811224818229675,1
33.504,LAND,0.016558364033699036,0.04737520590424538,0.16783000528812408,1
33.52,LAND,0.016558364033699036,0.04737520590424538,0.16783000528812408,1
33.52,LAND,0.016558364033699036,0.04737520590424538,0.16783000528812408,1
33.52,LAND,0.016558364033699036,0.04737520590424538,0.16783000528812408,1
33.532,LAND,0.016247445717453957,0.04726559668779373,0.1673571765422821,1
33.536,LAND,0.016247445717453957,0.04726559668779373,0.1673571765422821,1
33.552,LAND,0.016247445717453957,0.04726559668779373,0.1673571765422821,1
33.552,LAND,0.016805002465844154,0.04740770161151886,0.16810695827007294,1
33.56,LAND,0.016805002465844154,0.04740770161151886,0.16810695827007294,1
33.564,LAND,0.016805002465844154,0.04740770161151886,0.16810695827007294,1
33.568,LAND,0.016805002465844154,0.04740770161151886,0.16810695827007294,1
33.572,LAND,0.01753200590610504,0.047587908804416656,0.16907453536987305,1
33.58,LAND,0.01753200590610504,0.047587908804416656,0.16907453536987305,1
33.588,LAND,0.01753200590610504,0.047587908804416656,0.16907453536987305,1
33.588,LAND,0.01753200590610504,0.047587908804416656,0.16907453536987305,1
33.592,LAND,0.017957963049411774,0.04768449813127518,0.16963203251361847,1
33.612,LAND,0.017957963049411774,0.04768449813127518,0.16963203251361847,1
33.612,LAND,0.018501097336411476,0.04780416935682297,0.17035958170890808,1
33.62,LAND,0.018501097336411476,0.04780416935682297,0.17035958170890808,1
33.624,LAND,0.018501097336411476,0.04780416935682297,0.17035958170890808,1
33.628,LAND,0.018501097336411476,0.04780416935682297,0.17035958170890808,1
33.632,LAND,0.018501097336411476,0.04780416935682297,0.17035958170890808,1
33.648,LAND,0.018948569893836975,0.04789062961935997,0.17094241082668304,1
33.648,LAND,0.01919226162135601,0.04792828485369682,0.17125646770000458,1
33.656,LAND,0.01919226162135601,0.04792828485369682,0.17125646770000458,1
33.66,LAND,0.01919226162135601,0.04792828485369682,0.17125646770000458,1
33.664,LAND,0.01919226162135601,0.04792828485369682,0.17125646770000458,1
33.668,LAND,0.01919226162135601,0.04792828485369682,0.17125646770000458,1
33.676,LAND,0.019402487203478813,0.047952353954315186,0.17151646316051483,1
33.68,LAND,0.019402487203478813,0.047952353954315186,0.17151646316051483,1
33.68,LAND,0.019402487203478813,0.047952353954315186,0.17151646316051483,1
33.68,LAND,0.019402487203478813,0.047952353954315186,0.17151646316051483,1
33.704,LAND,0.01963811181485653,0.047966886311769485,0.17178770899772644,1
33.724,LAND,0.01963811181485653,0.047966886311769485,0.17178770899772644,1
33.724,LAND,0.01975221373140812,0.04796280711889267,0.1719081699848175,1
33.724,LAND,0.019860517233610153,0.04793465510010719,0.1719948649406433,1
33.736,LAND,0.019860517233610153,0.04793465510010719,0.1719948649406433,1
33.74,LAND,0.019860517233610153,0.04793465510010719,0.1719948649406433,1
33.744,LAND,0.019860517233610153,0.04793465510010719,0.1719948649406433,1
33.756,LAND,0.019860517233610153,0.04793465510010719,0.1719948649406433,1
33.756,LAND,0.01989075541496277,0.04790129512548447,0.17198114097118378,1
33.764,LAND,0.01989075541496277,0.04790129512548447,0.17198114097118378,1
33.768,LAND,0.01989075541496277,0.04790129512548447,0.17198114097118378,1
33.768,LAND,0.0198835339397192,0.0478365495800972,0.17191576957702637,1
33.776,LAND,0.0198835339397192,0.0478365495800972,0.17191576957702637,1
33.784,LAND,0.0198835339397192,0.0478365495800972,0.17191576957702637,1
33.788,LAND,0.0198835339397192,0.0478365495800972,0.17191576957702637,1
33.792,LAND,0.0198835339397192,0.0478365495800972,0.17191576957702637,1
33.816,LAND,0.0198835339397192,0.0478365495800972,0.17191576957702637,1
33.816,LAND,0.019744915887713432,0.047671735286712646,0.17157740890979767,1
33.824,LAND,0.019744915887713432,0.047671735286712646,0.17157740890979767,1
33.828,LAND,0.019744915887713432,0.047671735286712646,0.17157740890979767,1
33.832,LAND,0.019744915887713432,0.047671735286712646,0.17157740890979767,1
33.836,LAND,0.019648659974336624,0.04757998511195183,0.17139774560928345,1
33.84,LAND,0.019648659974336624,0.04757998511195183,0.17139774560928345,1
33.852,LAND,0.019648659974336624,0.04757998511195183,0.17139774560928345,1
33.852,LAND,0.019459569826722145,0.04741964116692543,0.17106415331363678,1
33.852,LAND,0.019459569826722145,0.04741964116692543,0.17106415331363678,1
33.852,LAND,0.019459569826722145,0.04741964116692543,0.17106415331363678,1
33.868,LAND,0.019459569826722145,0.04741964116692543,0.17106415331363678,1
33.868,LAND,0.019459569826722145,0.04741964116692543,0.17106415331363678,1
33.876,LAND,0.019459569826722145,0.04741964116692543,0.17106415331363678,1
33.88,LAND,0.019302159547805786,0.04730561003088951,0.1707972288131714,1
33.88,LAND,0.019302159547805786,0.04730561003088951,0.1707972288131714,1
33.888,LAND,0.019302159547805786,0.04730561003088951,0.1707972288131714,1
33.892,LAND,0.019024739041924477,0.047128673642873764,0.17038998007774353,1
33.9,LAND,0.019024739041924477,0.047128673642873764,0.17038998007774353,1
33.916,LAND,0.019024739041924477,0.047128673642873764,0.17038998007774353,1
33.916,LAND,0.018811240792274475,0.04700141400098801,0.17007701098918915,1
33.928,LAND,0.018811240792274475,0.04700141400098801,0.17007701098918915,1
33.928,LAND,0.018811240792274475,0.04700141400098801,0.17007701098918915,1
33.932,LAND,0.018861038610339165,0.04695182293653488,0.17010965943336487,1
33.936,LAND,0.018861038610339165,0.04695182293653488,0.17010965943336487,1
33.96,LAND,0.018861038610339165,0.04695182293653488,0.17010965943336487,1
33.96,LAND,0.019644539803266525,0.04717615619301796,0.17116259038448334,1
33.968,LAND,0.019644539803266525,0.04717615619301796,0.17116259038448334,1
33.972,LAND,0.02009652741253376,0.047303590923547745,0.17175893485546112,1
33.976,LAND,0.02009652741253376,0.047303590923547745,0.17175893485546112,1
33.98,LAND,0.02009652741253376,0.047303590923547745,0.17175893485546112,1
34.0,LAND,0.02009652741253376,0.047303590923547745,0.17175893485546112,1
34.0,LAND,0.02049999311566353,0.04741579666733742,0.17228637635707855,1
34.012,LAND,0.02101636491715908,0.047549616545438766,0.1729789674282074,1
34.016,LAND,0.02101636491715908,0.047549616545438766,0.1729789674282074,1
34.02,LAND,0.02101636491715908,0.047549616545438766,0.1729789674282074,1
34.024,LAND,0.02101636491715908,0.047549616545438766,0.1729789674282074,1
34.028,LAND,0.021307580173015594,0.047617774456739426,0.1733538955450058,1
34.028,LAND,0.021307580173015594,0.047617774456739426,0.1733538955450058,1
34.036,LAND,0.021307580173015594,0.047617774456739426,0.1733538955450058,1
34.052,LAND,0.021307580173015594,0.047617774456739426,0.1733538955450058,1
34.052,LAND,0.021656043827533722,0.04769270494580269,0.17382575571537018,1
34.052,LAND,0.021656043827533722,0.04769270494580269,0.17382575571537018,1
34.06,LAND,0.021656043827533722,0.04769270494580269,0.17382575571537018,1
34.064,LAND,0.021656043827533722,0.04769270494580269,0.17382575571537018,1
34.068,LAND,0.021656043827533722,0.04769270494580269,0.17382575571537018,1
34.068,LAND,0.021656043827533722,0.04769270494580269,0.17382575571537018,1
34.076,LAND,0.021838219836354256,0.04772564768791199,0.17407076060771942,1
34.08,LAND,0.021838219836354256,0.04772564768791199,0.17407076060771942,1
34.088,LAND,0.021838219836354256,0.04772564768791199,0.17407076060771942,1
34.108,LAND,0.022044720128178596,0.047754351049661636,0.17432579398155212,1
34.108,LAND,0.022044720128178596,0.047754351049661636,0.17432579398155212,1
34.116,LAND,0.022138604894280434,0.04775966703891754,0.17444007098674774,1
34.12,LAND,0.022138604894280434,0.04775966703891754,0.17444007098674774,1
34.124,LAND,0.022138604894280434,0.04775966703891754,0.17444007098674774,1
34.128,LAND,0.02221669629216194,0.047745395451784134,0.17452271282672882,1
34.136,LAND,0.02221669629216194,0.047745395451784134,0.17452271282672882,1
34.14,LAND,0.02221669629216194,0.047745395451784134,0.17452271282672882,1
34.156,LAND,0.02221669629216194,0.047745395451784134,0.17452271282672882,1
34.156,LAND,0.022226953878998756,0.04772431030869484,0.17450930178165436,1
34.164,LAND,0.022226953878998756,0.04772431030869484,0.17450930178165436,1
34.168,LAND,0.022226953878998756,0.04772431030869484,0.17450930178165436,1
34.172,LAND,0.022178951650857925,0.04767667502164841,0.1744203418493271,1
34.176,LAND,0.022178951650857925,0.04767667502164841,0.1744203418493271,1
34.184,LAND,0.022178951650857925,0.04767667502164841,0.1744203418493271,1
34.188,LAND,0.022178951650857925,0.04767667502164841,0.1744203418493271,1
34.204,LAND,0.022106409072875977,0.04762968420982361,0.17430920898914337,1
34.208,LAND,0.022106409072875977,0.04762968420982361,0.17430920898914337,1
34.212,LAND,0.021950986236333847,0.04754205420613289,0.17406508326530457,1
34.216,LAND,0.021950986236333847,0.04754205420613289,0.17406508326530457,1
34.216,LAND,0.021950986236333847,0.04754205420613289,0.17406508326530457,1
34.216,LAND,0.021950986236333847,0.04754205420613289,0.17406508326530457,1
34.232,LAND,0.02181130088865757,0.0474700853228569,0.1738615334033966,1
34.236,LAND,0.02181130088865757,0.0474700853228569,0.1738615334033966,1
34.24,LAND,0.02181130088865757,0.0474700853228569,0.1738615334033966,1
34.252,LAND,0.02181130088865757,0.0474700853228569,0.1738615334033966,1
34.252,LAND,0.021561188623309135,0.047345392405986786,0.17351177334785461,1
34.256,LAND,0.021561188623309135,0.047345392405986786,0.17351177334785461,1
34.256,LAND,0.021561188623309135,0.047345392405986786,0.17351177334785461,1
34.264,LAND,0.021561188623309135,0.047345392405986786,0.17351177334785461,1
34.272,LAND,0.021362684667110443,0.04724794253706932,0.17323285341262817,1
34.276,LAND,0.021362684667110443,0.04724794253706932,0.17323285341262817,1
34.28,LAND,0.021362684667110443,0.04724794253706932,0.17323285341262817,1
34.284,LAND,0.021362684667110443,0.04724794253706932,0.17323285341262817,1
34.3,LAND,0.021027477458119392,0.04709063470363617,0.17280633747577667,1
34.304,LAND,0.021027477458119392,0.04709063470363617,0.17280633747577667,1
34.308,LAND,0.021027477458119392,0.04709063470363617,0.17280633747577667,1
34.308,LAND,0.020777590572834015,0.04697815701365471,0.1724824458360672,1
34.308,LAND,0.020777590572834015,0.04697815701365471,0.1724824458360672,1
34.308,LAND,0.020777590572834015,0.04697815701365471,0.1724824458360672,1
34.328,LAND,0.020777590572834015,0.04697815701365471,0.1724824458360672,1
34.332,LAND,0.020371604710817337,0.0467965342104435,0.1719711869955063,1
34.336,LAND,0.020371604710817337,0.0467965342104435,0.1719711869955063,1
34.34,LAND,0.020371604710817337,0.0467965342104435,0.1719711869955063,1
34.36,LAND,0.020371604710817337,0.0467965342104435,0.1719711869955063,1
34.36,LAND,0.02093215472996235,0.04692147299647331,0.1727735847234726,1
34.368,LAND,0.02093215472996235,0.04692147299647331,0.1727735847234726,1
34.372,LAND,0.021662356331944466,0.047079939395189285,0.17381303012371063,1
34.376,LAND,0.021662356331944466,0.047079939395189285,0.17381303012371063,1
34.38,LAND,0.021662356331944466,0.047079939395189285,0.17381303012371063,1
34.388,LAND,0.021662356331944466,0.047079939395189285,0.17381303012371063,1
34.388,LAND,0.022084543481469154,0.04716632142663002,0.17440274357795715,1
34.408,LAND,0.022084543481469154,0.04716632142663002,0.17440274357795715,1
34.408,LAND,0.022084543481469154,0.04716632142663002,0.17440274357795715,1
34.416,LAND,0.022612616419792175,0.047266218811273575,0.17519652843475342,1
34.416,LAND,0.022612616419792175,0.047266218811273575,0.17519652843475342,1
34.416,LAND,0.022612616419792175,0.047266218811273575,0.17519652843475342,1
34.416,LAND,0.022612616419792175,0.047266218811273575,0.17519652843475342,1
34.436,LAND,0.022900419309735298,0.04731371998786926,0.17563900351524353,1
34.44,LAND,0.022900419309735298,0.04731371998786926,0.17563900351524353,1
34.44,LAND,0.022900419309735298,0.04731371998786926,0.17563900351524353,1
34.456,LAND,0.02325846441090107,0.04735993966460228,0.17618167400360107,1
34.456,LAND,0.02325846441090107,0.04735993966460228,0.17618167400360107,1
34.456,LAND,0.02325846441090107,0.04735993966460228,0.17618167400360107,1
34.46,LAND,0.02325846441090107,0.04735993966460228,0.17618167400360107,1
34.464,LAND,0.02325846441090107,0.04735993966460228,0.17618167400360107,1
34.476,LAND,0.0234493650496006,0.04736974090337753,0.17647622525691986,1
34.48,LAND,0.0234493650496006,0.04736974090337753,0.17647622525691986,1
34.48,LAND,0.0234493650496006,0.04736974090337753,0.17647622525691986,1
34.484,LAND,0.0234493650496006,0.04736974090337753,0.17647622525691986,1
34.504,LAND,0.023654475808143616,0.04735032841563225,0.17677854001522064,1
34.504,LAND,0.023654475808143616,0.04735032841563225,0.17677854001522064,1
34.512,LAND,0.023747608065605164,0.04732244834303856,0.17689915001392365,1
34.516,LAND,0.023747608065605164,0.04732244834303856,0.17689915001392365,1
34.52,LAND,0.023747608065605164,0.04732244834303856,0.17689915001392365,1
34.524,LAND,0.023747608065605164,0.04732244834303856,0.17689915001392365,1
34.532,LAND,0.02381940186023712,0.047261644154787064,0.17701412737369537,1
34.536,LAND,0.02381940186023712,0.047261644154787064,0.17701412737369537,1
34.54,LAND,0.02381940186023712,0.047261644154787064,0.17701412737369537,1
34.552,LAND,0.02381940186023712,0.047261644154787064,0.17701412737369537,1
34.552,LAND,0.023826248943805695,0.047206100076436996,0.1770140826702118,1
34.552,LAND,0.023826248943805695,0.047206100076436996,0.1770140826702118,1
34.552,LAND,0.023826248943805695,0.047206100076436996,0.1770140826702118,1
34.564,LAND,0.023826248943805695,0.047206100076436996,0.1770140826702118,1
34.572,LAND,0.023774394765496254,0.04710089787840843,0.17692948877811432,1
34.576,LAND,0.023774394765496254,0.04710089787840843,0.17692948877811432,1
34.58,LAND,0.023774394765496254,0.04710089787840843,0.17692948877811432,1
34.584,LAND,0.023774394765496254,0.04710089787840843,0.17692948877811432,1
34.6,LAND,0.0237019881606102,0.04701588675379753,0.17682859301567078,1
34.6,LAND,0.0237019881606102,0.04701588675379753,0.17682859301567078,1
34.608,LAND,0.0237019881606102,0.04701588675379753,0.17682859301567078,1
34.612,LAND,0.023531915619969368,0.04688381403684616,0.17658597230911255,1
34.612,LAND,0.023531915619969368,0.04688381403684616,0.17658597230911255,1
34.616,LAND,0.023531915619969368,0.04688381403684616,0.17658597230911255,1
34.628,LAND,0.023531915619969368,0.04688381403684616,0.17658597230911255,1
34.632,LAND,0.02338385209441185,0.04678517207503319,0.1763657033443451,1
34.636,LAND,0.02338385209441185,0.04678517207503319,0.1763657033443451,1
34.64,LAND,0.02338385209441185,0.04678517207503319,0.1763657033443451,1
34.66,LAND,0.02338385209441185,0.04678517207503319,0.1763657033443451,1
34.66,LAND,0.023118922486901283,0.04662255197763443,0.17601430416107178,1
34.668,LAND,0.023118922486901283,0.04662255197763443,0.17601430416107178,1
34.672,LAND,0.022907162085175514,0.046500254422426224,0.1757252812385559,1
34.672,LAND,0.022907162085175514,0.046500254422426224,0.1757252812385559,1
34.68,LAND,0.022907162085175514,0.046500254422426224,0.1757252812385559,1
34.688,LAND,0.022546986117959023,0.04630675166845322,0.17526021599769592,1
34.708,LAND,0.022546986117959023,0.04630675166845322,0.17526021599769592,1
34.708,LAND,0.022546986117959023,0.04630675166845322,0.17526021599769592,1
34.716,LAND,0.02227671630680561,0.04616890847682953,0.17493382096290588,1
34.72,LAND,0.02227671630680561,0.04616890847682953,0.17493382096290588,1
34.724,LAND,0.02227671630680561,0.04616890847682953,0.17493382096290588,1
34.728,LAND,0.02227671630680561,0.04616890847682953,0.17493382096290588,1
34.736,LAND,0.0218321792781353,0.04594913497567177,0.17439426481723785,1
34.74,LAND,0.0218321792781353,0.04594913497567177,0.17439426481723785,1
34.756,LAND,0.0218321792781353,0.04594913497567177,0.17439426481723785,1
34.756,LAND,0.02241632156074047,0.04593586549162865,0.17520079016685486,1
34.764,LAND,0.02241632156074047,0.04593586549162865,0.17520079016685486,1
34.768,LAND,0.02241632156074047,0.04593586549162865,0.17520079016685486,1
34.772,LAND,0.023174233734607697,0.04588800296187401,0.17629531025886536,1
34.776,LAND,0.023174233734607697,0.04588800296187401,0.17629531025886536,1
34.784,LAND,0.023174233734607697,0.04588800296187401,0.17629531025886536,1
34.788,LAND,0.023174233734607697,0.04588800296187401,0.17629531025886536,1
34.788,LAND,0.023617351427674294,0.04583672806620598,0.1769246906042099,1
34.804,LAND,0.023617351427674294,0.04583672806620598,0.1769246906042099,1
34.804,LAND,0.023617351427674294,0.04583672806620598,0.1769246906042099,1
34.808,LAND,0.023617351427674294,0.04583672806620598,0.1769246906042099,1
34.812,LAND,0.02417772263288498,0.04573865607380867,0.17773599922657013,1
34.816,LAND,0.02417772263288498,0.04573865607380867,0.17773599922657013,1
34.824,LAND,0.02417772263288498,0.04573865607380867,0.17773599922657013,1
34.828,LAND,0.02417772263288498,0.04573865607380867,0.17773599922657013,1
34.832,LAND,0.024487361311912537,0.045656632632017136,0.17821188271045685,1
34.836,LAND,0.024487361311912537,0.045656632632017136,0.17821188271045685,1
34.852,LAND,0.024487361311912537,0.045656632632017136,0.17821188271045685,1
34.856,LAND,0.024859188124537468,0.045511387288570404,0.1787767857313156,1
34.86,LAND,0.024859188124537468,0.045511387288570404,0.1787767857313156,1
34.864,LAND,0.024859188124537468,0.045511387288570404,0.1787767857313156,1
34.868,LAND,0.02505316585302353,0.04540051519870758,0.17905506491661072,1
34.872,LAND,0.02505316585302353,0.04540051519870758,0.17905506491661072,1
34.88,LAND,0.02505316585302353,0.04540051519870758,0.17905506491661072,1
34.884,LAND,0.02505316585302353,0.04540051519870758,0.17905506491661072,1
34.888,LAND,0.02505316585302353,0.04540051519870758,0.17905506491661072,1
34.9,LAND,0.025265749543905258,0.04521148279309273,0.17938318848609924,1
34.9,LAND,0.025265749543905258,0.04521148279309273,0.17938318848609924,1
34.9,LAND,0.025265749543905258,0.04521148279309273,0.17938318848609924,1
34.904,LAND,0.025265749543905258,0.04521148279309273,0.17938318848609924,1
34.904,LAND,0.025359975174069405,0.04506964609026909,0.17951662838459015,1
34.92,LAND,0.025359975174069405,0.04506964609026909,0.17951662838459015,1
34.924,LAND,0.025359975174069405,0.04506964609026909,0.17951662838459015,1
34.928,LAND,0.025359975174069405,0.04506964609026909,0.17951662838459015,1
34.932,LAND,0.025429964065551758,0.04483542591333389,0.1796126514673233,1
34.94,LAND,0.025429964065551758,0.04483542591333389,0.1796126514673233,1
34.96,LAND,0.025429964065551758,0.04483542591333389,0.1796126514673233,1
34.96,LAND,0.025435132905840874,0.04466738924384117,0.17962320148944855,1
34.968,LAND,0.025435132905840874,0.04466738924384117,0.17962320148944855,1
34.972,LAND,0.025383206084370613,0.04440196231007576,0.17952685058116913,1
34.976,LAND,0.025383206084370613,0.04440196231007576,0.17952685058116913,1
34.98,LAND,0.025383206084370613,0.04440196231007576,0.17952685058116913,1
34.988,LAND,0.025309758260846138,0.0442175455391407,0.1794237643480301,1
35.008,LAND,0.025309758260846138,0.0442175455391407,0.1794237643480301,1
35.008,LAND,0.025309758260846138,0.0442175455391407,0.1794237643480301,1
35.012,LAND,0.025149419903755188,0.04393233358860016,0.1791776567697525,1
35.016,LAND,0.025149419903755188,0.04393233358860016,0.1791776567697525,1
35.016,LAND,0.025149419903755188,0.04393233358860016,0.1791776567697525,1
35.02,LAND,0.025149419903755188,0.04393233358860016,0.1791776567697525,1
35.036,LAND,0.02500723861157894,0.0437375046312809,0.17895002663135529,1
35.036,LAND,0.02500723861157894,0.0437375046312809,0.17895002663135529,1
35.044,LAND,0.02500723861157894,0.0437375046312809,0.17895002663135529,1
35.056,LAND,0.02500723861157894,0.0437375046312809,0.17895002663135529,1
35.056,LAND,0.024744903668761253,0.04343658313155174,0.1785634309053421,1
35.06,LAND,0.024744903668761253,0.04343658313155174,0.1785634309053421,1
35.064,LAND,0.024744903668761253,0.04343658313155174,0.1785634309053421,1
35.068,LAND,0.024744903668761253,0.04343658313155174,0.1785634309053421,1
35.076,LAND,0.024532873183488846,0.0432317852973938,0.17826303839683533,1
35.08,LAND,0.024532873183488846,0.0432317852973938,0.17826303839683533,1
35.084,LAND,0.024532873183488846,0.0432317852973938,0.17826303839683533,1
35.088,LAND,0.024532873183488846,0.0432317852973938,0.17826303839683533,1
35.104,LAND,0.024170849472284317,0.04292526841163635,0.17773990333080292,1
35.104,LAND,0.024170849472284317,0.04292526841163635,0.17773990333080292,1
35.112,LAND,0.023897835984826088,0.04271934553980827,0.17738185822963715,1
35.116,LAND,0.023897835984826088,0.04271934553980827,0.17738185822963715,1
35.12,LAND,0.023897835984826088,0.04271934553980827,0.17738185822963715,1
35.124,LAND,0.023897835984826088,0.04271934553980827,0.17738185822963715,1
35.132,LAND,0.023451779037714005,0.042413197457790375,0.17679069936275482,1
35.136,LAND,0.023451779037714005,0.042413197457790375,0.17679069936275482,1
35.14,LAND,0.023451779037714005,0.042413197457790375,0.17679069936275482,1
35.152,LAND,0.023451779037714005,0.042413197457790375,0.17679069936275482,1
35.152,LAND,0.024038752540946007,0.04242265224456787,0.17754818499088287,1
35.156,LAND,0.024038752540946007,0.04242265224456787,0.17754818499088287,1
35.16,LAND,0.024038752540946007,0.04242265224456787,0.17754818499088287,1
35.164,LAND,0.024038752540946007,0.04242265224456787,0.17754818499088287,1
35.172,LAND,0.024795351549983025,0.04241044446825981,0.17856311798095703,1
35.176,LAND,0.024795351549983025,0.04241044446825981,0.17856311798095703,1
35.18,LAND,0.024795351549983025,0.04241044446825981,0.17856311798095703,1
35.184,LAND,0.024795351549983025,0.04241044446825981,0.17856311798095703,1
35.2,LAND,0.025225689634680748,0.042387522757053375,0.179156094789505,1
35.2,LAND,0.025225689634680748,0.042387522757053375,0.179156094789505,1
35.208,LAND,0.025225689634680748,0.042387522757053375,0.179156094789505,1
35.212,LAND,0.02576092816889286,0.04232272505760193,0.17988580465316772,1
35.216,LAND,0.02576092816889286,0.04232272505760193,0.17988580465316772,1
35.22,LAND,0.02576092816889286,0.04232272505760193,0.17988580465316772,1
35.228,LAND,0.026053396984934807,0.04226728528738022,0.18031218647956848,1
35.232,LAND,0.026053396984934807,0.04226728528738022,0.18031218647956848,1
35.236,LAND,0.026053396984934807,0.04226728528738022,0.18031218647956848,1
35.24,LAND,0.026053396984934807,0.04226728528738022,0.18031218647956848,1
35.26,LAND,0.026053396984934807,0.04226728528738022,0.18031218647956848,1
35.26,LAND,0.026395197957754135,0.04215926676988602,0.1807960420846939,1
35.268,LAND,0.026395197957754135,0.04215926676988602,0.1807960420846939,1
35.272,LAND,0.026563135907053947,0.04207614064216614,0.18102332949638367,1
35.276,LAND,0.026563135907053947,0.04207614064216614,0.18102332949638367,1
35.28,LAND,0.026563135907053947,0.04207614064216614,0.18102332949638367,1
35.288,LAND,0.026563135907053947,0.04207614064216614,0.18102332949638367,1
35.292,LAND,0.026731692254543304,0.041939686983823776,0.18125943839550018,1
35.308,LAND,0.026731692254543304,0.041939686983823776,0.18125943839550018,1
35.312,LAND,0.026731692254543304,0.041939686983823776,0.18125943839550018,1
35.316,LAND,0.026795467361807823,0.04183831810951233,0.18134216964244843,1
35.32,LAND,0.026795467361807823,0.04183831810951233,0.18134216964244843,1
35.324,LAND,0.026795467361807823,0.04183831810951233,0.18134216964244843,1
35.328,LAND,0.026795467361807823,0.04183831810951233,0.18134216964244843,1
35.336,LAND,0.026820596307516098,0.04167131707072258,0.1813497245311737,1
35.34,LAND,0.026820596307516098,0.04167131707072258,0.1813497245311737,1
35.356,LAND,0.026820596307516098,0.04167131707072258,0.1813497245311737,1
35.356,LAND,0.02679271623492241,0.04154759645462036,0.18132533133029938,1
35.364,LAND,0.02679271623492241,0.04154759645462036,0.18132533133029938,1
35.368,LAND,0.02679271623492241,0.04154759645462036,0.18132533133029938,1
35.372,LAND,0.026689816266298294,0.041346002370119095,0.18117904663085938,1
35.376,LAND,0.026689816266298294,0.041346002370119095,0.18117904663085938,1
35.384,LAND,0.026689816266298294,0.041346002370119095,0.18117904663085938,1
35.388,LAND,0.026689816266298294,0.041346002370119095,0.18117904663085938,1
35.392,LAND,0.026588158681988716,0.041199691593647,0.18103155493736267,1
35.404,LAND,0.026588158681988716,0.041199691593647,0.18103155493736267,1
35.404,LAND,0.026588158681988716,0.041199691593647,0.18103155493736267,1
35.404,LAND,0.026588158681988716,0.041199691593647,0.18103155493736267,1
35.408,LAND,0.02639414183795452,0.04096861928701401,0.1807493418455124,1
35.408,LAND,0.02639414183795452,0.04096861928701401,0.1807493418455124,1
35.424,LAND,0.02639414183795452,0.04096861928701401,0.1807493418455124,1
35.428,LAND,0.02639414183795452,0.04096861928701401,0.1807493418455124,1
35.432,LAND,0.02623039297759533,0.04080970957875252,0.18050523102283478,1
35.436,LAND,0.02623039297759533,0.04080970957875252,0.18050523102283478,1
35.452,LAND,0.02623039297759533,0.04080970957875252,0.18050523102283478,1
35.452,LAND,0.025939183309674263,0.04056248441338539,0.1800878793001175,1
35.46,LAND,0.025939183309674263,0.04056248441338539,0.1800878793001175,1
35.464,LAND,0.025939183309674263,0.04056248441338539,0.1800878793001175,1
35.468,LAND,0.025939183309674263,0.04056248441338539,0.1800878793001175,1
35.472,LAND,0.025709297508001328,0.04039083421230316,0.17978419363498688,1
35.484,LAND,0.025709297508001328,0.04039083421230316,0.17978419363498688,1
35.488,LAND,0.025709297508001328,0.04039083421230316,0.17978419363498688,1
35.492,LAND,0.025709297508001328,0.04039083421230316,0.17978419363498688,1
35.492,LAND,0.025327695533633232,0.04012049734592438,0.17925569415092468,1
35.512,LAND,0.025327695533633232,0.04012049734592438,0.17925569415092468,1
35.512,LAND,0.025043431669473648,0.03994002193212509,0.1788688600063324,1
35.52,LAND,0.025043431669473648,0.03994002193212509,0.1788688600063324,1
35.524,LAND,0.025043431669473648,0.03994002193212509,0.1788688600063324,1
35.528,LAND,0.025043431669473648,0.03994002193212509,0.1788688600063324,1
35.532,LAND,0.024586567655205727,0.03967059776186943,0.1782645583152771,1
35.54,LAND,0.024586567655205727,0.03967059776186943,0.1782645583152771,1
35.56,LAND,0.024586567655205727,0.03967059776186943,0.1782645583152771,1
35.56,LAND,0.02520398423075676,0.03964580222964287,0.17905430495738983,1
35.568,LAND,0.02520398423075676,0.03964580222964287,0.17905430495738983,1
35.576,LAND,0.02600155957043171,0.03959780931472778,0.18008016049861908,1
35.58,LAND,0.02600155957043171,0.03959780931472778,0.18008016049861908,1
35.584,LAND,0.02600155957043171,0.03959780931472778,0.18008016049861908,1
35.588,LAND,0.02600155957043171,0.03959780931472778,0.18008016049861908,1
35.592,LAND,0.026463963091373444,0.039552126079797745,0.180682972073555,1
35.608,LAND,0.026463963091373444,0.039552126079797745,0.180682972073555,1
35.612,LAND,0.026463963091373444,0.039552126079797745,0.180682972073555,1
35.616,LAND,0.02704954706132412,0.03946579992771149,0.18142785131931305,1
35.62,LAND,0.02704954706132412,0.03946579992771149,0.18142785131931305,1
35.624,LAND,0.02704954706132412,0.03946579992771149,0.18142785131931305,1
35.628,LAND,0.02704954706132412,0.03946579992771149,0.18142785131931305,1
35.636,LAND,0.027373768389225006,0.03939643129706383,0.18184778094291687,1
35.64,LAND,0.027373768389225006,0.03939643129706383,0.18184778094291687,1
35.656,LAND,0.027373768389225006,0.03939643129706383,0.18184778094291687,1
35.656,LAND,0.027760008350014687,0.039275702089071274,0.18236176669597626,1
35.664,LAND,0.027760008350014687,0.039275702089071274,0.18236176669597626,1
35.668,LAND,0.027760008350014687,0.039275702089071274,0.18236176669597626,1
35.672,LAND,0.027957724407315254,0.039185781031847,0.18261700868606567,1
35.676,LAND,0.027957724407315254,0.039185781031847,0.18261700868606567,1
35.684,LAND,0.027957724407315254,0.039185781031847,0.18261700868606567,1
35.688,LAND,0.027957724407315254,0.039185781031847,0.18261700868606567,1
35.704,LAND,0.028169412165880203,0.03903974965214729,0.18287906050682068,1
35.704,LAND,0.028169412165880203,0.03903974965214729,0.18287906050682068,1
35.712,LAND,0.028261350467801094,0.038933347910642624,0.1829889714717865,1
35.716,LAND,0.028261350467801094,0.038933347910642624,0.1829889714717865,1
35.72,LAND,0.028261350467801094,0.038933347910642624,0.1829889714717865,1
35.724,LAND,0.028261350467801094,0.038933347910642624,0.1829889714717865,1
35.732,LAND,0.028329377993941307,0.03876860812306404,0.18303203582763672,1
35.736,LAND,0.028329377993941307,0.03876860812306404,0.18303203582763672,1
35.74,LAND,0.028329377993941307,0.03876860812306404,0.18303203582763672,1
35.752,LAND,0.028329377993941307,0.03876860812306404,0.18303203582763672,1
35.756,LAND,0.02833673730492592,0.038653019815683365,0.18300163745880127,1
35.756,LAND,0.02833673730492592,0.038653019815683365,0.18300163745880127,1
35.76,LAND,0.02833673730492592,0.038653019815683365,0.18300163745880127,1
35.764,LAND,0.02833673730492592,0.038653019815683365,0.18300163745880127,1
35.772,LAND,0.0282883420586586,0.038473259657621384,0.1828792542219162,1
35.776,LAND,0.0282883420586586,0.038473259657621384,0.1828792542219162,1
35.78,LAND,0.0282883420586586,0.038473259657621384,0.1828792542219162,1
35.784,LAND,0.0282883420586586,0.038473259657621384,0.1828792542219162,1
35.8,LAND,0.028216179460287094,0.03834845870733261,0.18272927403450012,1
35.8,LAND,0.028216179460287094,0.03834845870733261,0.18272927403450012,1
35.808,LAND,0.02806464582681656,0.038156259804964066,0.18246755003929138,1
35.812,LAND,0.02806464582681656,0.038156259804964066,0.18246755003929138,1
35.816,LAND,0.02806464582681656,0.038156259804964066,0.18246755003929138,1
35.82,LAND,0.02806464582681656,0.038156259804964066,0.18246755003929138,1
35.828,LAND,0.02806464582681656,0.038156259804964066,0.18246755003929138,1
35.832,LAND,0.027931220829486847,0.03801876679062843,0.1822235882282257,1
35.836,LAND,0.027931220829486847,0.03801876679062843,0.1822235882282257,1
35.84,LAND,0.027931220829486847,0.03801876679062843,0.1822235882282257,1
35.86,LAND,0.02769070863723755,0.037810806185007095,0.1817673146724701,1
35.86,LAND,0.02769070863723755,0.037810806185007095,0.1817673146724701,1
35.868,LAND,0.02769070863723755,0.037810806185007095,0.1817673146724701,1
35.872,LAND,0.027495048940181732,0.03766699880361557,0.18144506216049194,1
35.876,LAND,0.027495048940181732,0.03766699880361557,0.18144506216049194,1
35.88,LAND,0.027495048940181732,0.03766699880361557,0.18144506216049194,1
35.888,LAND,0.02715379185974598,0.03744072467088699,0.18089556694030762,1
35.892,LAND,0.02715379185974598,0.03744072467088699,0.18089556694030762,1
35.908,LAND,0.02715379185974598,0.03744072467088699,0.18089556694030762,1
35.908,LAND,0.02688644453883171,0.03729129582643509,0.1804814636707306,1
35.916,LAND,0.02688644453883171,0.03729129582643509,0.1804814636707306,1
35.92,LAND,0.02688644453883171,0.03729129582643509,0.1804814636707306,1
35.924,LAND,0.02688644453883171,0.03729129582643509,0.1804814636707306,1
35.928,LAND,0.026451047509908676,0.037068285048007965,0.17985761165618896,1
35.936,LAND,0.026451047509908676,0.037068285048007965,0.17985761165618896,1
35.94,LAND,0.026451047509908676,0.037068285048007965,0.17985761165618896,1
35.956,LAND,0.026451047509908676,0.037068285048007965,0.17985761165618896,1
35.956,LAND,0.02719503454864025,0.037061888724565506,0.18067917227745056,1
35.964,LAND,0.02719503454864025,0.037061888724565506,0.18067917227745056,1
35.968,LAND,0.02719503454864025,0.037061888724565506,0.18067917227745056,1
35.972,LAND,0.02817375957965851,0.03704303130507469,0.18173372745513916,1
35.976,LAND,0.02817375957965851,0.03704303130507469,0.18173372745513916,1
35.984,LAND,0.02817375957965851,0.03704303130507469,0.18173372745513916,1
35.988,LAND,0.02817375957965851,0.03704303130507469,0.18173372745513916,1
35.992,LAND,0.02874886430799961,0.03702202066779137,0.18236486613750458,1
36.004,LAND,0.02874886430799961,0.03702202066779137,0.18236486613750458,1
36.004,LAND,0.02874886430799961,0.03702202066779137,0.18236486613750458,1
36.008,LAND,0.02874886430799961,0.03702202066779137,0.18236486613750458,1
36.012,LAND,0.029493514448404312,0.036972928792238235,0.1831417679786682,1
36.012,LAND,0.029493514448404312,0.036972928792238235,0.1831417679786682,1
36.024,LAND,0.029493514448404312,0.036972928792238235,0.1831417679786682,1
36.028,LAND,0.029493514448404312,0.036972928792238235,0.1831417679786682,1
36.032,LAND,0.02992537058889866,0.036935437470674515,0.18356025218963623,1
36.036,LAND,0.02992537058889866,0.036935437470674515,0.18356025218963623,1
36.052,LAND,0.02992537058889866,0.036935437470674515,0.18356025218963623,1
36.052,LAND,0.030472369864583015,0.03687455505132675,0.18409892916679382,1
36.06,LAND,0.030472369864583015,0.03687455505132675,0.18409892916679382,1
36.064,LAND,0.030472369864583015,0.03687455505132675,0.18409892916679382,1
36.068,LAND,0.030472369864583015,0.03687455505132675,0.18409892916679382,1
36.072,LAND,0.030780546367168427,0.0368318110704422,0.18436552584171295,1
36.08,LAND,0.030780546367168427,0.0368318110704422,0.18436552584171295,1
36.084,LAND,0.030780546367168427,0.0368318110704422,0.18436552584171295,1
36.088,LAND,0.030780546367168427,0.0368318110704422,0.18436552584171295,1
36.1,LAND,0.03115273267030716,0.036761827766895294,0.18462404608726501,1
36.1,LAND,0.03115273267030716,0.036761827766895294,0.18462404608726501,1
36.104,LAND,0.03115273267030716,0.036761827766895294,0.18462404608726501,1
36.108,LAND,0.03115273267030716,0.036761827766895294,0.18462404608726501,1
36.112,LAND,0.03134762868285179,0.036711014807224274,0.18474321067333221,1
36.12,LAND,0.03134762868285179,0.036711014807224274,0.18474321067333221,1
36.124,LAND,0.03134762868285179,0.036711014807224274,0.18474321067333221,1
36.128,LAND,0.031549062579870224,0.03662576526403427,0.18479479849338531,1
36.132,LAND,0.031549062579870224,0.03662576526403427,0.18479479849338531,1
36.14,LAND,0.031549062579870224,0.03662576526403427,0.18479479849338531,1
36.16,LAND,0.031549062579870224,0.03662576526403427,0.18479479849338531,1
36.16,LAND,0.03162752836942673,0.036562226712703705,0.18475274741649628,1
36.168,LAND,0.03162752836942673,0.036562226712703705,0.18475274741649628,1
36.172,LAND,0.03167438507080078,0.036455295979976654,0.18462760746479034,1
36.172,LAND,0.03167438507080078,0.036455295979976654,0.18462760746479034,1
36.176,LAND,0.03167438507080078,0.036455295979976654,0.18462760746479034,1
36.176,LAND,0.031655412167310715,0.03637826815247536,0.18446867167949677,1
36.18,LAND,0.031655412167310715,0.03637826815247536,0.18446867167949677,1
36.188,LAND,0.031655412167310715,0.03637826815247536,0.18446867167949677,1
36.188,LAND,0.031655412167310715,0.03637826815247536,0.18446867167949677,1
36.22,LAND,0.031655412167310715,0.03637826815247536,0.18446867167949677,1
36.22,LAND,0.03157384321093559,0.03625518083572388,0.184163898229599,1
36.228,LAND,0.03157384321093559,0.03625518083572388,0.184163898229599,1
36.232,LAND,0.031475868076086044,0.03616437315940857,0.1839018613100052,1
36.236,LAND,0.031475868076086044,0.03616437315940857,0.1839018613100052,1
36.24,LAND,0.031475868076086044,0.03616437315940857,0.1839018613100052,1
36.256,LAND,0.03127194568514824,0.03600839152932167,0.18342795968055725,1
36.256,LAND,0.03127194568514824,0.03600839152932167,0.18342795968055725,1
36.264,LAND,0.03127194568514824,0.03600839152932167,0.18342795968055725,1
36.268,LAND,0.03127194568514824,0.03600839152932167,0.18342795968055725,1
36.272,LAND,0.03109612874686718,0.03590016067028046,0.1830722838640213,1
36.276,LAND,0.03109612874686718,0.03590016067028046,0.1830722838640213,1
36.284,LAND,0.03109612874686718,0.03590016067028046,0.1830722838640213,1
36.288,LAND,0.03109612874686718,0.03590016067028046,0.1830722838640213,1
36.304,LAND,0.030781278386712074,0.03573610261082649,0.18249855935573578,1
36.304,LAND,0.030781278386712074,0.03573610261082649,0.18249855935573578,1
36.312,LAND,0.030536947771906853,0.03562545031309128,0.1820651888847351,1
36.316,LAND,0.030536947771906853,0.03562545031309128,0.1820651888847351,1
36.316,LAND,0.030536947771906853,0.03562545031309128,0.1820651888847351,1
36.32,LAND,0.030536947771906853,0.03562545031309128,0.1820651888847351,1
36.324,LAND,0.030132779851555824,0.035454560071229935,0.1814020574092865,1
36.336,LAND,0.030132779851555824,0.035454560071229935,0.1814020574092865,1
36.34,LAND,0.030132779851555824,0.035454560071229935,0.1814020574092865,1
36.344,LAND,0.030132779851555824,0.035454560071229935,0.1814020574092865,1
36.364,LAND,0.030808113515377045,0.035408440977334976,0.18227693438529968,1
36.364,LAND,0.030808113515377045,0.035408440977334976,0.18227693438529968,1
36.364,LAND,0.03169070556759834,0.03532189503312111,0.1833966076374054,1
36.372,LAND,0.03169070556759834,0.03532189503312111,0.1833966076374054,1
36.376,LAND,0.03169070556759834,0.03532189503312111,0.1833966076374054,1
36.38,LAND,0.03169070556759834,0.03532189503312111,0.1833966076374054,1
36.388,LAND,0.03169070556759834,0.03532189503312111,0.1833966076374054,1
36.4,LAND,0.03220733627676964,0.03525998070836067,0.184051513671875,1
36.4,LAND,0.03220733627676964,0.03525998070836067,0.184051513671875,1
36.404,LAND,0.03220733627676964,0.03525998070836067,0.184051513671875,1
36.408,LAND,0.03220733627676964,0.03525998070836067,0.184051513671875,1
36.412,LAND,0.032867394387722015,0.0351557694375515,0.18488699197769165,1
36.416,LAND,0.032867394387722015,0.0351557694375515,0.18488699197769165,1
36.42,LAND,0.032867394387722015,0.0351557694375515,0.18488699197769165,1
36.428,LAND,0.032867394387722015,0.0351557694375515,0.18488699197769165,1
36.432,LAND,0.033241838216781616,0.03507571294903755,0.1853429228067398,1
36.436,LAND,0.033241838216781616,0.03507571294903755,0.1853429228067398,1
36.44,LAND,0.033241838216781616,0.03507571294903755,0.1853429228067398,1
36.46,LAND,0.033241838216781616,0.03507571294903755,0.1853429228067398,1
36.46,LAND,0.03369467332959175,0.03494301065802574,0.1859094202518463,1
36.468,LAND,0.03393353149294853,0.03484693914651871,0.18620002269744873,1
36.472,LAND,0.03393353149294853,0.03484693914651871,0.18620002269744873,1
36.476,LAND,0.03393353149294853,0.03484693914651871,0.18620002269744873,1
36.48,LAND,0.03393353149294853,0.03484693914651871,0.18620002269744873,1
36.488,LAND,0.03393353149294853,0.03484693914651871,0.18620002269744873,1
36.508,LAND,0.03420029580593109,0.03468841686844826,0.1864929497241974,1
36.508,LAND,0.03420029580593109,0.03468841686844826,0.1864929497241974,1
36.516,LAND,0.03432884067296982,0.03457961231470108,0.1866205632686615,1
36.52,LAND,0.03432884067296982,0.03457961231470108,0.1866205632686615,1
36.524,LAND,0.03432884067296982,0.03457961231470108,0.1866205632686615,1
36.528,LAND,0.03432884067296982,0.03457961231470108,0.1866205632686615,1
36.536,LAND,0.03444564715027809,0.034416746348142624,0.18670614063739777,1
36.54,LAND,0.03444564715027809,0.034416746348142624,0.18670614063739777,1
36.556,LAND,0.03444564715027809,0.034416746348142624,0.18670614063739777,1
36.556,LAND,0.034475017338991165,0.03430243209004402,0.18667785823345184,1
36.564,LAND,0.034475017338991165,0.03430243209004402,0.18667785823345184,1
36.568,LAND,0.034475017338991165,0.03430243209004402,0.18667785823345184,1
36.572,LAND,0.03445384278893471,0.03412714973092079,0.1865774244070053,1
36.576,LAND,0.03445384278893471,0.03412714973092079,0.1865774244070053,1
36.584,LAND,0.03445384278893471,0.03412714973092079,0.1865774244070053,1
36.588,LAND,0.03445384278893471,0.03412714973092079,0.1865774244070053,1
36.604,LAND,0.03440001979470253,0.03400935232639313,0.18643227219581604,1
36.604,LAND,0.03440001979470253,0.03400935232639313,0.18643227219581604,1
36.612,LAND,0.03426158055663109,0.03383331745862961,0.1861332803964615,1
36.616,LAND,0.03426158055663109,0.03383331745862961,0.1861332803964615,1
36.62,LAND,0.03426158055663109,0.03383331745862961,0.1861332803964615,1
36.624,LAND,0.03426158055663109,0.03383331745862961,0.1861332803964615,1
36.632,LAND,0.03412754461169243,0.03371265530586243,0.1858881115913391,1
36.636,LAND,0.03412754461169243,0.03371265530586243,0.1858881115913391,1
36.64,LAND,0.03412754461169243,0.03371265530586243,0.1858881115913391,1
36.644,LAND,0.03412754461169243,0.03371265530586243,0.1858881115913391,1
36.664,LAND,0.03387722000479698,0.0335250124335289,0.18543505668640137,1
36.664,LAND,0.03387722000479698,0.0335250124335289,0.18543505668640137,1
36.672,LAND,0.03366687521338463,0.03339766710996628,0.18507470190525055,1
36.676,LAND,0.03366687521338463,0.03339766710996628,0.18507470190525055,1
36.68,LAND,0.03366687521338463,0.03339766710996628,0.18507470190525055,1
36.684,LAND,0.03366687521338463,0.03339766710996628,0.18507470190525055,1
36.7,LAND,0.03330710157752037,0.033201199024915695,0.18452773988246918,1
36.7,LAND,0.03330710157752037,0.033201199024915695,0.18452773988246918,1
36.7,LAND,0.03330710157752037,0.033201199024915695,0.18452773988246918,1
36.704,LAND,0.03303195536136627,0.033066488802433014,0.18411076068878174,1
36.708,LAND,0.03303195536136627,0.033066488802433014,0.18411076068878174,1
36.708,LAND,0.03303195536136627,0.033066488802433014,0.18411076068878174,1
36.728,LAND,0.03303195536136627,0.033066488802433014,0.18411076068878174,1
36.732,LAND,0.032576996833086014,0.03285626322031021,0.18346096575260162,1
36.736,LAND,0.032576996833086014,0.03285626322031021,0.18346096575260162,1
36.748,LAND,0.032576996833086014,0.03285626322031021,0.18346096575260162,1
36.748,LAND,0.03322117403149605,0.03279386833310127,0.18434961140155792,1
36.748,LAND,0.03322117403149605,0.03279386833310127,0.18434961140155792,1
36.752,LAND,0.03322117403149605,0.03279386833310127,0.18434961140155792,1
36.752,LAND,0.03322117403149605,0.03279386833310127,0.18434961140155792,1
36.768,LAND,0.03322117403149605,0.03279386833310127,0.18434961140155792,1
36.772,LAND,0.034048326313495636,0.03269421309232712,0.18547414243221283,1
36.776,LAND,0.034048326313495636,0.03269421309232712,0.18547414243221283,1
36.78,LAND,0.034048326313495636,0.03269421309232712,0.18547414243221283,1
36.788,LAND,0.034519556909799576,0.03262035921216011,0.18614642322063446,1
36.808,LAND,0.034519556909799576,0.03262035921216011,0.18614642322063446,1
36.808,LAND,0.034519556909799576,0.03262035921216011,0.18614642322063446,1
36.816,LAND,0.035099904984235764,0.032504014670848846,0.1869787871837616,1
36.82,LAND,0.035099904984235764,0.032504014670848846,0.1869787871837616,1
36.824,LAND,0.035099904984235764,0.032504014670848846,0.1869787871837616,1
36.828,LAND,0.03542322665452957,0.03242144733667374,0.18742428719997406,1
36.836,LAND,0.03542322665452957,0.03242144733667374,0.18742428719997406,1
36.84,LAND,0.03542322665452957,0.03242144733667374,0.18742428719997406,1
36.856,LAND,0.03542322665452957,0.03242144733667374,0.18742428719997406,1
36.86,LAND,0.0358077809214592,0.03228720650076866,0.18796487152576447,1
36.868,LAND,0.0358077809214592,0.03228720650076866,0.18796487152576447,1
36.868,LAND,0.0358077809214592,0.03228720650076866,0.18796487152576447,1
36.868,LAND,0.0358077809214592,0.03228720650076866,0.18796487152576447,1
36.88,LAND,0.03600876405835152,0.032189566642045975,0.1882334202528,1
36.88,LAND,0.03600876405835152,0.032189566642045975,0.1882334202528,1
36.884,LAND,0.03600876405835152,0.032189566642045975,0.1882334202528,1
36.884,LAND,0.03600876405835152,0.032189566642045975,0.1882334202528,1
36.888,LAND,0.036224883049726486,0.03203347697854042,0.18848226964473724,1
36.892,LAND,0.036224883049726486,0.03203347697854042,0.18848226964473724,1
36.92,LAND,0.036349713802337646,0.03187866508960724,0.18861722946166992,1
36.92,LAND,0.036349713802337646,0.03187866508960724,0.18861722946166992,1
36.928,LAND,0.036349713802337646,0.03187866508960724,0.18861722946166992,1
36.928,LAND,0.036349713802337646,0.03187866508960724,0.18861722946166992,1
36.928,LAND,0.036349713802337646,0.03187866508960724,0.18861722946166992,1
36.928,LAND,0.03638915345072746,0.03177647292613983,0.188618004322052,1
36.932,LAND,0.03638915345072746,0.03177647292613983,0.188618004322052,1
36.936,LAND,0.03638915345072746,0.03177647292613983,0.188618004322052,1
36.944,LAND,0.03638915345072746,0.03177647292613983,0.188618004322052,1
36.948,LAND,0.03636955842375755,0.03161520138382912,0.18851731717586517,1
36.956,LAND,0.03636955842375755,0.03161520138382912,0.18851731717586517,1
36.98,LAND,0.03636955842375755,0.03161520138382912,0.18851731717586517,1
36.98,LAND,0.03631071373820305,0.03150525316596031,0.1883985698223114,1
36.988,LAND,0.03631071373820305,0.03150525316596031,0.1883985698223114,1
36.988,LAND,0.03631071373820305,0.03150525316596031,0.1883985698223114,1
36.988,LAND,0.03620957210659981,0.031399693340063095,0.1882186383008957,1
37.016,LAND,0.03620957210659981,0.031399693340063095,0.1882186383008957,1
37.02,LAND,0.03600049391388893,0.03124028630554676,0.1878611296415329,1
37.024,LAND,0.03600049391388893,0.03124028630554676,0.1878611296415329,1
37.024,LAND,0.0357389859855175,0.031078312546014786,0.1874244511127472,1
37.032,LAND,0.0357389859855175,0.031078312546014786,0.1874244511127472,1
37.036,LAND,0.0357389859855175,0.031078312546014786,0.1874244511127472,1
37.052,LAND,0.0357389859855175,0.031078312546014786,0.1874244511127472,1
37.052,LAND,0.03553692251443863,0.030970482155680656,0.18707825243473053,1
37.06,LAND,0.03553692251443863,0.030970482155680656,0.18707825243473053,1
37.064,LAND,0.03553692251443863,0.030970482155680656,0.18707825243473053,1
37.068,LAND,0.03553692251443863,0.030970482155680656,0.18707825243473053,1
37.076,LAND,0.03530626371502876,0.0308645311743021,0.18670322000980377,1
37.08,LAND,0.03530626371502876,0.0308645311743021,0.18670322000980377,1
37.08,LAND,0.03530626371502876,0.0308645311743021,0.18670322000980377,1
37.08,LAND,0.03530626371502876,0.0308645311743021,0.18670322000980377,1
37.08,LAND,0.034915704280138016,0.030711745843291283,0.18608619272708893,1
37.088,LAND,0.034915704280138016,0.030711745843291283,0.18608619272708893,1
37.088,LAND,0.034915704280138016,0.030711745843291283,0.18608619272708893,1
37.112,LAND,0.034915704280138016,0.030711745843291283,0.18608619272708893,1
37.112,LAND,0.03447367250919342,0.03056497871875763,0.1853886991739273,1
37.12,LAND,0.03447367250919342,0.03056497871875763,0.1853886991739273,1
37.128,LAND,0.03447367250919342,0.03056497871875763,0.1853886991739273,1
37.128,LAND,0.03447367250919342,0.03056497871875763,0.1853886991739273,1
37.128,LAND,0.03415335342288017,0.03046252578496933,0.18490183353424072,1
37.14,LAND,0.03415335342288017,0.03046252578496933,0.18490183353424072,1
37.164,LAND,0.03415335342288017,0.03046252578496933,0.18490183353424072,1
37.164,LAND,0.03484763205051422,0.030401071533560753,0.18581601977348328,1
37.172,LAND,0.03484763205051422,0.030401071533560753,0.18581601977348328,1
37.176,LAND,0.03575564920902252,0.030306324362754822,0.18698491156101227,1
37.176,LAND,0.03575564920902252,0.030306324362754822,0.18698491156101227,1
37.184,LAND,0.03575564920902252,0.030306324362754822,0.18698491156101227,1
37.188,LAND,0.03575564920902252,0.030306324362754822,0.18698491156101227,1
37.188,LAND,0.03628557547926903,0.030238881707191467,0.1876705437898636,1
37.196,LAND,0.03628557547926903,0.030238881707191467,0.1876705437898636,1
37.196,LAND,0.03628557547926903,0.030238881707191467,0.1876705437898636,1
37.212,LAND,0.03695443645119667,0.03013422340154648,0.18855714797973633,1
37.212,LAND,0.03695443645119667,0.03013422340154648,0.18855714797973633,1
37.22,LAND,0.03695443645119667,0.03013422340154648,0.18855714797973633,1
37.22,LAND,0.03695443645119667,0.03013422340154648,0.18855714797973633,1
37.244,LAND,0.03695443645119667,0.03013422340154648,0.18855714797973633,1
37.256,LAND,0.03732898458838463,0.030065100640058517,0.18903909623622894,1
37.256,LAND,0.037785954773426056,0.02995300106704235,0.18962042033672333,1
37.264,LAND,0.037785954773426056,0.02995300106704235,0.18962042033672333,1
37.264,LAND,0.037785954773426056,0.02995300106704235,0.18962042033672333,1
37.272,LAND,0.0381384901702404,0.029835179448127747,0.19005239009857178,1
37.272,LAND,0.0381384901702404,0.029835179448127747,0.19005239009857178,1
37.284,LAND,0.0381384901702404,0.029835179448127747,0.19005239009857178,1
37.288,LAND,0.0381384901702404,0.029835179448127747,0.19005239009857178,1
37.296,LAND,0.038313720375299454,0.02976003661751747,0.19023945927619934,1
37.296,LAND,0.038313720375299454,0.02976003661751747,0.19023945927619934,1
37.316,LAND,0.038313720375299454,0.02976003661751747,0.19023945927619934,1
37.316,LAND,0.038502905517816544,0.029645824804902077,0.1904115378856659,1
37.324,LAND,0.038502905517816544,0.029645824804902077,0.1904115378856659,1
37.324,LAND,0.03858821094036102,0.029566632583737373,0.19044464826583862,1
37.328,LAND,0.03858821094036102,0.029566632583737373,0.19044464826583862,1
37.336,LAND,0.03858821094036102,0.029566632583737373,0.19044464826583862,1
37.36,LAND,0.03858821094036102,0.029566632583737373,0.19044464826583862,1
37.36,LAND,0.03863951563835144,0.029487160965800285,0.19040700793266296,1
37.36,LAND,0.03863951563835144,0.029487160965800285,0.19040700793266296,1
37.36,LAND,0.03863951563835144,0.029487160965800285,0.19040700793266296,1
37.36,LAND,0.038644660264253616,0.029361311346292496,0.19024930894374847,1
37.36,LAND,0.038644660264253616,0.029361311346292496,0.19024930894374847,1
37.384,LAND,0.038644660264253616,0.029361311346292496,0.19024930894374847,1
37.384,LAND,0.038644660264253616,0.029361311346292496,0.19024930894374847,1
37.384,LAND,0.03860463947057724,0.02927473373711109,0.19009067118167877,1
37.4,LAND,0.03860463947057724,0.02927473373711109,0.19009067118167877,1
37.416,LAND,0.03860463947057724,0.02927473373711109,0.19009067118167877,1
37.42,LAND,0.038486361503601074,0.02914375066757202,0.18973171710968018,1
37.424,LAND,0.038486361503601074,0.02914375066757202,0.18973171710968018,1
37.428,LAND,0.038486361503601074,0.02914375066757202,0.18973171710968018,1
37.428,LAND,0.038486361503601074,0.02914375066757202,0.18973171710968018,1
37.432,LAND,0.03836663067340851,0.02905542589724064,0.18945705890655518,1
37.448,LAND,0.03836663067340851,0.02905542589724064,0.18945705890655518,1
37.448,LAND,0.03836663067340851,0.02905542589724064,0.18945705890655518,1
37.456,LAND,0.03813725337386131,0.028918860480189323,0.1889478862285614,1
37.456,LAND,0.03813725337386131,0.028918860480189323,0.1889478862285614,1
37.456,LAND,0.03813725337386131,0.028918860480189323,0.1889478862285614,1
37.456,LAND,0.03813725337386131,0.028918860480189323,0.1889478862285614,1
37.476,LAND,0.03794706240296364,0.02882998064160347,0.18854227662086487,1
37.476,LAND,0.03794706240296364,0.02882998064160347,0.18854227662086487,1
37.488,LAND,0.03794706240296364,0.02882998064160347,0.18854227662086487,1
37.492,LAND,0.03794706240296364,0.02882998064160347,0.18854227662086487,1
37.508,LAND,0.03761916235089302,0.028707951307296753,0.1879114806652069,1
37.508,LAND,0.03736520931124687,0.02863265946507454,0.1874304711818695,1
37.508,LAND,0.03736520931124687,0.02863265946507454,0.1874304711818695,1
37.52,LAND,0.03736520931124687,0.02863265946507454,0.1874304711818695,1
37.524,LAND,0.03736520931124687,0.02863265946507454,0.1874304711818695,1
37.528,LAND,0.03694363310933113,0.028526699170470238,0.18664595484733582,1
37.536,LAND,0.03694363310933113,0.028526699170470238,0.18664595484733582,1
37.54,LAND,0.03694363310933113,0.028526699170470238,0.18664595484733582,1
37.556,LAND,0.03694363310933113,0.028526699170470238,0.18664595484733582,1
37.556,LAND,0.03762558847665787,0.028540026396512985,0.18755976855754852,1
37.556,LAND,0.03762558847665787,0.028540026396512985,0.18755976855754852,1
37.556,LAND,0.03762558847665787,0.028540026396512985,0.18755976855754852,1
37.556,LAND,0.038517311215400696,0.028550535440444946,0.18873141705989838,1
37.56,LAND,0.038517311215400696,0.028550535440444946,0.18873141705989838,1
37.588,LAND,0.038517311215400696,0.028550535440444946,0.18873141705989838,1
37.592,LAND,0.038517311215400696,0.028550535440444946,0.18873141705989838,1
37.596,LAND,0.03926023840904236,0.02855592593550682,0.18970690667629242,1
37.604,LAND,0.03926023840904236,0.02855592593550682,0.18970690667629242,1
37.616,LAND,0.03926023840904236,0.02855592593550682,0.18970690667629242,1
37.616,LAND,0.03967869281768799,0.02855713479220867,0.19026699662208557,1
37.624,LAND,0.03967869281768799,0.02855713479220867,0.19026699662208557,1
37.628,LAND,0.03967869281768799,0.02855713479220867,0.19026699662208557,1
37.628,LAND,0.04004606232047081,0.02855723537504673,0.19073784351348877,1
37.628,LAND,0.04004606232047081,0.02855723537504673,0.19073784351348877,1
37.652,LAND,0.04004606232047081,0.02855723537504673,0.19073784351348877,1
37.652,LAND,0.04050121456384659,0.02856253832578659,0.1913025677204132,1
37.664,LAND,0.04050121456384659,0.02856253832578659,0.1913025677204132,1
37.672,LAND,0.04050121456384659,0.02856253832578659,0.1913025677204132,1
37.672,LAND,0.04050121456384659,0.02856253832578659,0.1913025677204132,1
37.672,LAND,0.040744848549366,0.028566790744662285,0.19160018861293793,1
37.688,LAND,0.040744848549366,0.028566790744662285,0.19160018861293793,1
37.688,LAND,0.040744848549366,0.028566790744662285,0.19160018861293793,1
37.692,LAND,0.040744848549366,0.028566790744662285,0.19160018861293793,1
37.696,LAND,0.040744848549366,0.028566790744662285,0.19160018861293793,1
37.704,LAND,0.0410199798643589,0.028561720624566078,0.19187842309474945,1
37.708,LAND,0.0410199798643589,0.028561720624566078,0.19187842309474945,1
37.708,LAND,0.041144855320453644,0.02855580858886242,0.1919601857662201,1
37.708,LAND,0.041144855320453644,0.02855580858886242,0.1919601857662201,1
37.724,LAND,0.041144855320453644,0.02855580858886242,0.1919601857662201,1
37.728,LAND,0.041144855320453644,0.02855580858886242,0.1919601857662201,1
37.732,LAND,0.041144855320453644,0.02855580858886242,0.1919601857662201,1
37.736,LAND,0.041249170899391174,0.028555002063512802,0.19199080765247345,1
37.74,LAND,0.041249170899391174,0.028555002063512802,0.19199080765247345,1
37.76,LAND,0.041249170899391174,0.028555002063512802,0.19199080765247345,1
37.76,LAND,0.04126809537410736,0.028551392257213593,0.19191522896289825,1
37.768,LAND,0.041231054812669754,0.028552444651722908,0.19169802963733673,1
37.772,LAND,0.041231054812669754,0.028552444651722908,0.19169802963733673,1
37.78,LAND,0.041231054812669754,0.028552444651722908,0.19169802963733673,1
37.784,LAND,0.041231054812669754,0.028552444651722908,0.19169802963733673,1
37.784,LAND,0.041231054812669754,0.028552444651722908,0.19169802963733673,1
37.788,LAND,0.041170354932546616,0.028559137135744095,0.1915026605129242,1
37.8,LAND,0.041170354932546616,0.028559137135744095,0.1915026605129242,1
37.804,LAND,0.041170354932546616,0.028559137135744095,0.1915026605129242,1
37.808,LAND,0.0410228855907917,0.028569374233484268,0.1911059468984604,1
37.812,LAND,0.0410228855907917,0.028569374233484268,0.1911059468984604,1
37.816,LAND,0.0410228855907917,0.028569374233484268,0.1911059468984604,1
37.82,LAND,0.0410228855907917,0.028569374233484268,0.1911059468984604,1
37.828,LAND,0.0410228855907917,0.028569374233484268,0.1911059468984604,1
37.832,LAND,0.04088940471410751,0.02857399918138981,0.1907719075679779,1
37.836,LAND,0.04088940471410751,0.02857399918138981,0.1907719075679779,1
37.84,LAND,0.04088940471410751,0.02857399918138981,0.1907719075679779,1
37.864,LAND,0.04088940471410751,0.02857399918138981,0.1907719075679779,1
37.864,LAND,0.040637195110321045,0.02857957035303116,0.19023670256137848,1
37.872,LAND,0.04031682759523392,0.02858637645840645,0.18959002196788788,1
37.876,LAND,0.04031682759523392,0.02858637645840645,0.18959002196788788,1
37.88,LAND,0.04031682759523392,0.02858637645840645,0.18959002196788788,1
37.884,LAND,0.04031682759523392,0.02858637645840645,0.18959002196788788,1
37.904,LAND,0.04007178172469139,0.02858603373169899,0.18915408849716187,1
37.904,LAND,0.04007178172469139,0.02858603373169899,0.18915408849716187,1
37.908,LAND,0.04007178172469139,0.02858603373169899,0.18915408849716187,1
37.912,LAND,0.03979559242725372,0.02858986146748066,0.18867862224578857,1
37.916,LAND,0.03979559242725372,0.02858986146748066,0.18867862224578857,1
37.92,LAND,0.03979559242725372,0.02858986146748066,0.18867862224578857,1
37.928,LAND,0.03979559242725372,0.02858986146748066,0.18867862224578857,1
37.932,LAND,0.03934669867157936,0.028591535985469818,0.18790100514888763,1
37.936,LAND,0.03934669867157936,0.028591535985469818,0.18790100514888763,1
37.94,LAND,0.03934669867157936,0.028591535985469818,0.18790100514888763,1
37.964,LAND,0.03934669867157936,0.028591535985469818,0.18790100514888763,1
37.972,LAND,0.040061432868242264,0.0285964235663414,0.18888035416603088,1
37.972,LAND,0.04098876938223839,0.02859409525990486,0.19015762209892273,1
37.972,LAND,0.04098876938223839,0.02859409525990486,0.19015762209892273,1
37.972,LAND,0.04098876938223839,0.02859409525990486,0.19015762209892273,1
37.988,LAND,0.04098876938223839,0.02859409525990486,0.19015762209892273,1
37.988,LAND,0.04152979701757431,0.02858549728989601,0.19087740778923035,1
38.012,LAND,0.04152979701757431,0.02858549728989601,0.19087740778923035,1
38.012,LAND,0.04223093017935753,0.028576120734214783,0.19180656969547272,1
38.012,LAND,0.04223093017935753,0.028576120734214783,0.19180656969547272,1
38.012,LAND,0.04223093017935753,0.028576120734214783,0.19180656969547272,1
38.016,LAND,0.04223093017935753,0.028576120734214783,0.19180656969547272,1
38.016,LAND,0.04262840002775192,0.02856973186135292,0.19231198728084564,1
38.04,LAND,0.04262840002775192,0.02856973186135292,0.19231198728084564,1
38.06,LAND,0.04262840002775192,0.02856973186135292,0.19231198728084564,1
38.06,LAND,0.04312136024236679,0.028554324060678482,0.19289329648017883,1
38.064,LAND,0.04312136024236679,0.028554324060678482,0.19289329648017883,1
38.068,LAND,0.04338613152503967,0.028540881350636482,0.19318616390228271,1
38.076,LAND,0.04338613152503967,0.028540881350636482,0.19318616390228271,1
38.08,LAND,0.04338613152503967,0.028540881350636482,0.19318616390228271,1
38.084,LAND,0.043696094304323196,0.028519950807094574,0.1934862732887268,1
38.088,LAND,0.043696094304323196,0.028519950807094574,0.1934862732887268,1
38.092,LAND,0.043696094304323196,0.028519950807094574,0.1934862732887268,1
38.1,LAND,0.043696094304323196,0.028519950807094574,0.1934862732887268,1
38.12,LAND,0.043696094304323196,0.028519950807094574,0.1934862732887268,1
38.12,LAND,0.04384861886501312,0.028507331386208534,0.193577840924263,1
38.12,LAND,0.04384861886501312,0.028507331386208534,0.193577840924263,1
38.124,LAND,0.04399828240275383,0.02847931534051895,0.19361208379268646,1
38.128,LAND,0.04399828240275383,0.02847931534051895,0.19361208379268646,1
38.136,LAND,0.04399828240275383,0.02847931534051895,0.19361208379268646,1
38.136,LAND,0.04399828240275383,0.02847931534051895,0.19361208379268646,1
38.136,LAND,0.04404928535223007,0.02845745161175728,0.19355586171150208,1
38.136,LAND,0.04404928535223007,0.02845745161175728,0.19355586171150208,1
38.144,LAND,0.04404928535223007,0.02845745161175728,0.19355586171150208,1
38.168,LAND,0.04404928535223007,0.02845745161175728,0.19355586171150208,1
38.172,LAND,0.044056158512830734,0.02842935360968113,0.1933632493019104,1
38.172,LAND,0.044056158512830734,0.02842935360968113,0.1933632493019104,1
38.184,LAND,0.044056158512830734,0.02842935360968113,0.1933632493019104,1
38.204,LAND,0.044056158512830734,0.02842935360968113,0.1933632493019104,1
38.216,LAND,0.04401903972029686,0.02841108664870262,0.19318312406539917,1
38.22,LAND,0.04390314221382141,0.028387637808918953,0.19280433654785156,1
38.224,LAND,0.04390314221382141,0.028387637808918953,0.19280433654785156,1
38.228,LAND,0.04390314221382141,0.028387637808918953,0.19280433654785156,1
38.236,LAND,0.043785080313682556,0.0283689945936203,0.19247645139694214,1
38.24,LAND,0.043785080313682556,0.0283689945936203,0.19247645139694214,1
38.248,LAND,0.043785080313682556,0.0283689945936203,0.19247645139694214,1
38.248,LAND,0.04356761276721954,0.028341475874185562,0.19195851683616638,1
38.248,LAND,0.04356761276721954,0.028341475874185562,0.19195851683616638,1
38.252,LAND,0.04356761276721954,0.028341475874185562,0.19195851683616638,1
38.276,LAND,0.04356761276721954,0.028341475874185562,0.19195851683616638,1
38.28,LAND,0.04338603466749191,0.028320251032710075,0.19154223799705505,1
38.28,LAND,0.04338603466749191,0.028320251032710075,0.19154223799705505,1
38.288,LAND,0.04338603466749191,0.028320251032710075,0.19154223799705505,1
38.288,LAND,0.04306613653898239,0.028295161202549934,0.19085222482681274,1
38.3,LAND,0.04306613653898239,0.028295161202549934,0.19085222482681274,1
38.304,LAND,0.04306613653898239,0.028295161202549934,0.19085222482681274,1
38.324,LAND,0.04306613653898239,0.028295161202549934,0.19085222482681274,1
38.328,LAND,0.04282338172197342,0.028279444202780724,0.1903630942106247,1
38.332,LAND,0.042428236454725266,0.02826428785920143,0.18956811726093292,1
38.332,LAND,0.042428236454725266,0.02826428785920143,0.18956811726093292,1
38.336,LAND,0.042428236454725266,0.02826428785920143,0.18956811726093292,1
38.34,LAND,0.042428236454725266,0.02826428785920143,0.18956811726093292,1
38.34,LAND,0.04315631464123726,0.028145575895905495,0.19058142602443695,1
38.344,LAND,0.04315631464123726,0.028145575895905495,0.19058142602443695,1
38.348,LAND,0.04315631464123726,0.028145575895905495,0.19058142602443695,1
38.372,LAND,0.04315631464123726,0.028145575895905495,0.19058142602443695,1
38.376,LAND,0.0440993569791317,0.027984153479337692,0.19193710386753082,1
38.38,LAND,0.0440993569791317,0.027984153479337692,0.19193710386753082,1
38.38,LAND,0.0440993569791317,0.027984153479337692,0.19193710386753082,1
38.384,LAND,0.0440993569791317,0.027984153479337692,0.19193710386753082,1
38.392,LAND,0.04464457184076309,0.027881130576133728,0.19270700216293335,1
38.396,LAND,0.04464457184076309,0.027881130576133728,0.19270700216293335,1
38.4,LAND,0.04464457184076309,0.027881130576133728,0.19270700216293335,1
38.4,LAND,0.04464457184076309,0.027881130576133728,0.19270700216293335,1
38.416,LAND,0.04533476009964943,0.027732256799936295,0.19367749989032745,1
38.42,LAND,0.04533476009964943,0.027732256799936295,0.19367749989032745,1
38.42,LAND,0.04533476009964943,0.027732256799936295,0.19367749989032745,1
38.432,LAND,0.04533476009964943,0.027732256799936295,0.19367749989032745,1
38.436,LAND,0.04572330415248871,0.027639776468276978,0.19423016905784607,1
38.436,LAND,0.04572330415248871,0.027639776468276978,0.19423016905784607,1
38.436,LAND,0.04572330415248871,0.027639776468276978,0.19423016905784607,1
38.436,LAND,0.04572330415248871,0.027639776468276978,0.19423016905784607,1
38.436,LAND,0.04619833827018738,0.027514148503541946,0.1948695182800293,1
38.436,LAND,0.04619833827018738,0.027514148503541946,0.1948695182800293,1
38.44,LAND,0.04619833827018738,0.027514148503541946,0.1948695182800293,1
38.44,LAND,0.04619833827018738,0.027514148503541946,0.1948695182800293,1
38.464,LAND,0.04645554721355438,0.027437062934041023,0.1951800286769867,1
38.468,LAND,0.04645554721355438,0.027437062934041023,0.1951800286769867,1
38.472,LAND,0.04645554721355438,0.027437062934041023,0.1951800286769867,1
38.472,LAND,0.04645554721355438,0.027437062934041023,0.1951800286769867,1
38.5,LAND,0.04675108194351196,0.027331676334142685,0.19553400576114655,1
38.5,LAND,0.04675108194351196,0.027331676334142685,0.19553400576114655,1
38.528,LAND,0.04689710959792137,0.027264777570962906,0.19566230475902557,1
38.528,LAND,0.047024842351675034,0.027180764824151993,0.19572167098522186,1
38.532,LAND,0.047024842351675034,0.027180764824151993,0.19572167098522186,1
38.536,LAND,0.047024842351675034,0.027180764824151993,0.19572167098522186,1
38.536,LAND,0.047024842351675034,0.027180764824151993,0.19572167098522186,1
38.536,LAND,0.047024842351675034,0.027180764824151993,0.19572167098522186,1
38.564,LAND,0.04705421254038811,0.02713555097579956,0.1956890970468521,1
38.564,LAND,0.04705421254038811,0.02713555097579956,0.1956890970468521,1
38.572,LAND,0.04701663553714752,0.027075087651610374,0.19550646841526031,1
38.576,LAND,0.04701663553714752,0.027075087651610374,0.19550646841526031,1
38.58,LAND,0.04701663553714752,0.027075087651610374,0.19550646841526031,1
38.584,LAND,0.04701663553714752,0.027075087651610374,0.19550646841526031,1
38.6,LAND,0.046949081122875214,0.027042649686336517,0.19529201090335846,1
38.6,LAND,0.046949081122875214,0.027042649686336517,0.19529201090335846,1
38.608,LAND,0.046949081122875214,0.027042649686336517,0.19529201090335846,1
38.612,LAND,0.04678770899772644,0.027000518515706062,0.19492165744304657,1
38.616,LAND,0.04678770899772644,0.027000518515706062,0.19492165744304657,1
38.62,LAND,0.04678770899772644,0.027000518515706062,0.19492165744304657,1
38.628,LAND,0.04678770899772644,0.027000518515706062,0.19492165744304657,1
38.632,LAND,0.04663601145148277,0.02697828784584999,0.19459713995456696,1
38.636,LAND,0.04663601145148277,0.02697828784584999,0.19459713995456696,1
38.648,LAND,0.04663601145148277,0.02697828784584999,0.19459713995456696,1
38.652,LAND,0.04663601145148277,0.02697828784584999,0.19459713995456696,1
38.652,LAND,0.046356216073036194,0.026956019923090935,0.19405192136764526,1
38.656,LAND,0.046356216073036194,0.026956019923090935,0.19405192136764526,1
38.656,LAND,0.046356216073036194,0.026956019923090935,0.19405192136764526,1
38.668,LAND,0.046356216073036194,0.026956019923090935,0.19405192136764526,1
38.672,LAND,0.04612865298986435,0.026948459446430206,0.1936360001564026,1
38.676,LAND,0.04612865298986435,0.026948459446430206,0.1936360001564026,1
38.68,LAND,0.04612865298986435,0.026948459446430206,0.1936360001564026,1
38.688,LAND,0.04574316740036011,0.026937955990433693,0.19293488562107086,1
38.708,LAND,0.04574316740036011,0.026937955990433693,0.19293488562107086,1
38.708,LAND,0.04545246809720993,0.02693684585392475,0.19245007634162903,1
38.716,LAND,0.04545246809720993,0.02693684585392475,0.19245007634162903,1
38.72,LAND,0.04545246809720993,0.02693684585392475,0.19245007634162903,1
38.724,LAND,0.04545246809720993,0.02693684585392475,0.19245007634162903,1
38.728,LAND,0.04545246809720993,0.02693684585392475,0.19245007634162903,1
38.736,LAND,0.04497299715876579,0.026949670165777206,0.19164606928825378,1
38.74,LAND,0.04497299715876579,0.026949670165777206,0.19164606928825378,1
38.756,LAND,0.04497299715876579,0.026949670165777206,0.19164606928825378,1
38.756,LAND,0.04561344161629677,0.02686433121562004,0.1926426738500595,1
38.764,LAND,0.04561344161629677,0.02686433121562004,0.1926426738500595,1
38.768,LAND,0.04561344161629677,0.02686433121562004,0.1926426738500595,1
38.772,LAND,0.046439021825790405,0.026746654883027077,0.19394369423389435,1
38.776,LAND,0.046439021825790405,0.026746654883027077,0.19394369423389435,1
38.784,LAND,0.046439021825790405,0.026746654883027077,0.19394369423389435,1
38.788,LAND,0.046439021825790405,0.026746654883027077,0.19394369423389435,1
38.804,LAND,0.04690667986869812,0.026674561202526093,0.19468341767787933,1
38.804,LAND,0.04690667986869812,0.026674561202526093,0.19468341767787933,1
38.812,LAND,0.047492094337940216,0.026578856632113457,0.1955866664648056,1
38.816,LAND,0.047492094337940216,0.026578856632113457,0.1955866664648056,1
38.82,LAND,0.047492094337940216,0.026578856632113457,0.1955866664648056,1
38.824,LAND,0.047492094337940216,0.026578856632113457,0.1955866664648056,1
38.832,LAND,0.0478115975856781,0.026522396132349968,0.19611182808876038,1
38.836,LAND,0.0478115975856781,0.026522396132349968,0.19611182808876038,1
38.84,LAND,0.0478115975856781,0.026522396132349968,0.19611182808876038,1
38.852,LAND,0.0478115975856781,0.026522396132349968,0.19611182808876038,1
38.852,LAND,0.04818563535809517,0.026453694328665733,0.19671128690242767,1
38.856,LAND,0.04818563535809517,0.026453694328665733,0.19671128690242767,1
38.86,LAND,0.04818563535809517,0.026453694328665733,0.19671128690242767,1
38.864,LAND,0.04818563535809517,0.026453694328665733,0.19671128690242767,1
38.872,LAND,0.04837368428707123,0.02641664817929268,0.19699595868587494,1
38.876,LAND,0.04837368428707123,0.02641664817929268,0.19699595868587494,1
38.88,LAND,0.04837368428707123,0.02641664817929268,0.19699595868587494,1
38.884,LAND,0.04837368428707123,0.02641664817929268,0.19699595868587494,1
38.9,LAND,0.04856904223561287,0.02636338770389557,0.19728754460811615,1
38.9,LAND,0.04856904223561287,0.02636338770389557,0.19728754460811615,1
38.908,LAND,0.04856904223561287,0.02636338770389557,0.19728754460811615,1
38.912,LAND,0.04864329844713211,0.02633364498615265,0.19738158583641052,1
38.916,LAND,0.04864329844713211,0.02633364498615265,0.19738158583641052,1
38.92,LAND,0.04864329844713211,0.02633364498615265,0.19738158583641052,1
38.928,LAND,0.04864329844713211,0.02633364498615265,0.19738158583641052,1
38.932,LAND,0.04867988079786301,0.026294376701116562,0.19736140966415405,1
38.936,LAND,0.04867988079786301,0.026294376701116562,0.19736140966415405,1
38.94,LAND,0.04867988079786301,0.026294376701116562,0.19736140966415405,1
38.96,LAND,0.04867988079786301,0.026294376701116562,0.19736140966415405,1
38.96,LAND,0.04865564778447151,0.026273198425769806,0.1972886621952057,1
38.968,LAND,0.04865564778447151,0.026273198425769806,0.1972886621952057,1
38.972,LAND,0.048552364110946655,0.02625386044383049,0.19703388214111328,1
38.976,LAND,0.048552364110946655,0.02625386044383049,0.19703388214111328,1
38.98,LAND,0.048552364110946655,0.02625386044383049,0.19703388214111328,1
38.996,LAND,0.048552364110946655,0.02625386044383049,0.19703388214111328,1
38.996,LAND,0.048444267362356186,0.026246558874845505,0.19677071273326874,1
39.004,LAND,0.048444267362356186,0.026246558874845505,0.19677071273326874,1
39.008,LAND,0.048444267362356186,0.026246558874845505,0.19677071273326874,1
39.012,LAND,0.04822731763124466,0.026249106973409653,0.19630831480026245,1
39.016,LAND,0.04822731763124466,0.026249106973409653,0.19630831480026245,1
39.024,LAND,0.04822731763124466,0.026249106973409653,0.19630831480026245,1
39.028,LAND,0.04822731763124466,0.026249106973409653,0.19630831480026245,1
39.032,LAND,0.04804182052612305,0.02625703252851963,0.19593754410743713,1
39.036,LAND,0.04804182052612305,0.02625703252851963,0.19593754410743713,1
39.056,LAND,0.04804182052612305,0.02625703252851963,0.19593754410743713,1
39.056,LAND,0.047706883400678635,0.02627776749432087,0.19530318677425385,1
39.064,LAND,0.047706883400678635,0.02627776749432087,0.19530318677425385,1
39.068,LAND,0.047706883400678635,0.02627776749432087,0.19530318677425385,1
39.072,LAND,0.047450482845306396,0.026302039623260498,0.19484098255634308,1
39.076,LAND,0.047450482845306396,0.026302039623260498,0.19484098255634308,1
39.084,LAND,0.047450482845306396,0.026302039623260498,0.19484098255634308,1
39.088,LAND,0.047031521797180176,0.02634895220398903,0.19406752288341522,1
39.104,LAND,0.047031521797180176,0.02634895220398903,0.19406752288341522,1
39.104,LAND,0.047031521797180176,0.02634895220398903,0.19406752288341522,1
39.112,LAND,0.04672092944383621,0.026386193931102753,0.1935175657272339,1
39.116,LAND,0.04672092944383621,0.026386193931102753,0.1935175657272339,1
39.12,LAND,0.04672092944383621,0.026386193931102753,0.1935175657272339,1
39.124,LAND,0.04672092944383621,0.026386193931102753,0.1935175657272339,1
39.132,LAND,0.04621566832065582,0.02645370177924633,0.1926599144935608,1
39.136,LAND,0.04621566832065582,0.02645370177924633,0.1926599144935608,1
39.14,LAND,0.04621566832065582,0.02645370177924633,0.1926599144935608,1
39.152,LAND,0.04621566832065582,0.02645370177924633,0.1926599144935608,1
39.152,LAND,0.04682861268520355,0.026449458673596382,0.19370296597480774,1
39.156,LAND,0.04682861268520355,0.026449458673596382,0.19370296597480774,1
39.156,LAND,0.04682861268520355,0.026449458673596382,0.19370296597480774,1
39.16,LAND,0.04682861268520355,0.026449458673596382,0.19370296597480774,1
39.172,LAND,0.047605909407138824,0.026455769315361977,0.19505785405635834,1
39.176,LAND,0.047605909407138824,0.026455769315361977,0.19505785405635834,1
39.18,LAND,0.047605909407138824,0.026455769315361977,0.19505785405635834,1
39.184,LAND,0.047605909407138824,0.026455769315361977,0.19505785405635834,1
39.2,LAND,0.048048269003629684,0.026466066017746925,0.19585461914539337,1
39.2,LAND,0.048048269003629684,0.026466066017746925,0.19585461914539337,1
39.208,LAND,0.048048269003629684,0.026466066017746925,0.19585461914539337,1
39.212,LAND,0.04860381409525871,0.026488307863473892,0.19683519005775452,1
39.216,LAND,0.04860381409525871,0.026488307863473892,0.19683519005775452,1
39.22,LAND,0.04860381409525871,0.026488307863473892,0.19683519005775452,1
39.228,LAND,0.04860381409525871,0.026488307863473892,0.19683519005775452,1
39.232,LAND,0.04891498014330864,0.026501454412937164,0.1973859965801239,1
39.236,LAND,0.04891498014330864,0.026501454412937164,0.1973859965801239,1
39.24,LAND,0.04891498014330864,0.026501454412937164,0.1973859965801239,1
39.26,LAND,0.04928586259484291,0.026521287858486176,0.1980578750371933,1
39.26,LAND,0.04928586259484291,0.026521287858486176,0.1980578750371933,1
39.268,LAND,0.04928586259484291,0.026521287858486176,0.1980578750371933,1
39.272,LAND,0.04947558045387268,0.026543106883764267,0.19838759303092957,1
39.276,LAND,0.04947558045387268,0.026543106883764267,0.19838759303092957,1
39.28,LAND,0.04947558045387268,0.026543106883764267,0.19838759303092957,1
39.288,LAND,0.04947558045387268,0.026543106883764267,0.19838759303092957,1
39.292,LAND,0.0496690459549427,0.02658696100115776,0.19873011112213135,1
39.308,LAND,0.0496690459549427,0.02658696100115776,0.19873011112213135,1
39.308,LAND,0.0496690459549427,0.02658696100115776,0.19873011112213135,1
39.316,LAND,0.04973907023668289,0.02662227675318718,0.1988784223794937,1
39.32,LAND,0.04973907023668289,0.02662227675318718,0.1988784223794937,1
39.324,LAND,0.04973907023668289,0.02662227675318718,0.1988784223794937,1
39.328,LAND,0.04976411908864975,0.026684997603297234,0.19894155859947205,1
39.336,LAND,0.04976411908864975,0.026684997603297234,0.19894155859947205,1
39.34,LAND,0.04976411908864975,0.026684997603297234,0.19894155859947205,1
39.356,LAND,0.04976411908864975,0.026684997603297234,0.19894155859947205,1
39.356,LAND,0.049728572368621826,0.026736462488770485,0.1989089846611023,1
39.364,LAND,0.049728572368621826,0.026736462488770485,0.1989089846611023,1
39.368,LAND,0.04960917681455612,0.026818670332431793,0.1987447738647461,1
39.372,LAND,0.04960917681455612,0.026818670332431793,0.1987447738647461,1
39.376,LAND,0.04960917681455612,0.026818670332431793,0.1987447738647461,1
39.384,LAND,0.04960917681455612,0.026818670332431793,0.1987447738647461,1
39.388,LAND,0.04960917681455612,0.026818670332431793,0.1987447738647461,1
39.404,LAND,0.049485884606838226,0.02687103860080242,0.19853761792182922,1
39.404,LAND,0.049485884606838226,0.02687103860080242,0.19853761792182922,1
39.412,LAND,0.049245644360780716,0.02695062756538391,0.19812138378620148,1
39.416,LAND,0.049245644360780716,0.02695062756538391,0.19812138378620148,1
39.42,LAND,0.049245644360780716,0.02695062756538391,0.19812138378620148,1
39.424,LAND,0.049245644360780716,0.02695062756538391,0.19812138378620148,1
39.432,LAND,0.049044907093048096,0.02700743079185486,0.19779004156589508,1
39.436,LAND,0.049044907093048096,0.02700743079185486,0.19779004156589508,1
39.44,LAND,0.049044907093048096,0.02700743079185486,0.19779004156589508,1
39.452,LAND,0.049044907093048096,0.02700743079185486,0.19779004156589508,1
39.452,LAND,0.04868946224451065,0.02710125781595707,0.19719573855400085,1
39.456,LAND,0.04868946224451065,0.02710125781595707,0.19719573855400085,1
39.456,LAND,0.04868946224451065,0.02710125781595707,0.19719573855400085,1
39.464,LAND,0.04868946224451065,0.02710125781595707,0.19719573855400085,1
39.472,LAND,0.04840739443898201,0.027164777740836143,0.19675105810165405,1
39.476,LAND,0.04840739443898201,0.027164777740836143,0.19675105810165405,1
39.48,LAND,0.04840739443898201,0.027164777740836143,0.19675105810165405,1
39.484,LAND,0.04840739443898201,0.027164777740836143,0.19675105810165405,1
39.5,LAND,0.04793495312333107,0.027259478345513344,0.19603599607944489,1
39.5,LAND,0.04793495312333107,0.027259478345513344,0.19603599607944489,1
39.508,LAND,0.04758693277835846,0.02732052467763424,0.19549977779388428,1
39.512,LAND,0.04758693277835846,0.02732052467763424,0.19549977779388428,1
39.516,LAND,0.04758693277835846,0.02732052467763424,0.19549977779388428,1
39.52,LAND,0.04758693277835846,0.02732052467763424,0.19549977779388428,1
39.528,LAND,0.04758693277835846,0.02732052467763424,0.19549977779388428,1
39.532,LAND,0.047030724585056305,0.027413230389356613,0.19464674592018127,1
39.536,LAND,0.047030724585056305,0.027413230389356613,0.19464674592018127,1
39.54,LAND,0.047030724585056305,0.027413230389356613,0.19464674592018127,1
39.56,LAND,0.047604918479919434,0.02728406712412834,0.19576610624790192,1
39.564,LAND,0.047604918479919434,0.02728406712412834,0.19576610624790192,1
39.568,LAND,0.047604918479919434,0.02728406712412834,0.19576610624790192,1
39.568,LAND,0.047604918479919434,0.02728406712412834,0.19576610624790192,1
39.572,LAND,0.04833650216460228,0.027116114273667336,0.19718997180461884,1
39.576,LAND,0.04833650216460228,0.027116114273667336,0.19718997180461884,1
39.584,LAND,0.04833650216460228,0.027116114273667336,0.19718997180461884,1
39.588,LAND,0.04833650216460228,0.027116114273667336,0.19718997180461884,1
39.608,LAND,0.048749957233667374,0.027011366561055183,0.19801396131515503,1
39.608,LAND,0.04926985502243042,0.026864346116781235,0.19905556738376617,1
39.616,LAND,0.04926985502243042,0.026864346116781235,0.19905556738376617,1
39.62,LAND,0.04926985502243042,0.026864346116781235,0.19905556738376617,1
39.624,LAND,0.04926985502243042,0.026864346116781235,0.19905556738376617,1
39.628,LAND,0.04926985502243042,0.026864346116781235,0.19905556738376617,1
39.636,LAND,0.04955882579088211,0.02677728794515133,0.19961652159690857,1
39.64,LAND,0.04955882579088211,0.02677728794515133,0.19961652159690857,1
39.656,LAND,0.04955882579088211,0.02677728794515133,0.19961652159690857,1
39.66,LAND,0.04989905282855034,0.026657866314053535,0.20028984546661377,1
39.66,LAND,0.04989905282855034,0.026657866314053535,0.20028984546661377,1
39.664,LAND,0.04989905282855034,0.026657866314053535,0.20028984546661377,1
39.668,LAND,0.05007048696279526,0.026583826169371605,0.20064480602741241,1
39.672,LAND,0.05007048696279526,0.026583826169371605,0.20064480602741241,1
39.684,LAND,0.05007048696279526,0.026583826169371605,0.20064480602741241,1
39.688,LAND,0.05007048696279526,0.026583826169371605,0.20064480602741241,1
39.704,LAND,0.050244804471731186,0.02648082934319973,0.20099569857120514,1
39.704,LAND,0.050244804471731186,0.02648082934319973,0.20099569857120514,1
39.712,LAND,0.05031009390950203,0.026419591158628464,0.20114178955554962,1
39.716,LAND,0.05031009390950203,0.026419591158628464,0.20114178955554962,1
39.72,LAND,0.05031009390950203,0.026419591158628464,0.20114178955554962,1
39.724,LAND,0.05031009390950203,0.026419591158628464,0.20114178955554962,1
39.732,LAND,0.05033040791749954,0.02634166181087494,0.20121778547763824,1
39.736,LAND,0.05033040791749954,0.02634166181087494,0.20121778547763824,1
39.74,LAND,0.05033040791749954,0.02634166181087494,0.20121778547763824,1
39.752,LAND,0.05033040791749954,0.02634166181087494,0.20121778547763824,1
39.756,LAND,0.050303030759096146,0.026294860988855362,0.20116014778614044,1
39.756,LAND,0.050303030759096146,0.026294860988855362,0.20116014778614044,1
39.76,LAND,0.050303030759096146,0.026294860988855362,0.20116014778614044,1
39.764,LAND,0.050303030759096146,0.026294860988855362,0.20116014778614044,1
39.772,LAND,0.05020638182759285,0.026238081976771355,0.20094524323940277,1
39.776,LAND,0.05020638182759285,0.026238081976771355,0.20094524323940277,1
39.78,LAND,0.05020638182759285,0.026238081976771355,0.20094524323940277,1
39.784,LAND,0.05020638182759285,0.026238081976771355,0.20094524323940277,1
39.8,LAND,0.05010112375020981,0.02620772086083889,0.20073501765727997,1
39.8,LAND,0.05010112375020981,0.02620772086083889,0.20073501765727997,1
39.808,LAND,0.04988803714513779,0.026178250089287758,0.20029248297214508,1
39.812,LAND,0.04988803714513779,0.026178250089287758,0.20029248297214508,1
39.816,LAND,0.04988803714513779,0.026178250089287758,0.20029248297214508,1
39.82,LAND,0.04988803714513779,0.026178250089287758,0.20029248297214508,1
39.828,LAND,0.04988803714513779,0.026178250089287758,0.20029248297214508,1
39.832,LAND,0.049712684005498886,0.026164548471570015,0.1999366581439972,1
39.836,LAND,0.049712684005498886,0.026164548471570015,0.1999366581439972,1
39.84,LAND,0.049712684005498886,0.026164548471570015,0.1999366581439972,1
39.86,LAND,0.049712684005498886,0.026164548471570015,0.1999366581439972,1
39.864,LAND,0.049400314688682556,0.02615739032626152,0.19931992888450623,1
39.868,LAND,0.04915529116988182,0.026157859712839127,0.19883723556995392,1
39.872,LAND,0.04915529116988182,0.026157859712839127,0.19883723556995392,1
39.876,LAND,0.04915529116988182,0.026157859712839127,0.19883723556995392,1
39.88,LAND,0.04915529116988182,0.026157859712839127,0.19883723556995392,1
39.888,LAND,0.04875347763299942,0.026171347126364708,0.19804616272449493,1
39.908,LAND,0.04875347763299942,0.026171347126364708,0.19804616272449493,1
39.912,LAND,0.04875347763299942,0.026171347126364708,0.19804616272449493,1
39.916,LAND,0.04845856502652168,0.02618224546313286,0.19748446345329285,1
39.916,LAND,0.04845856502652168,0.02618224546313286,0.19748446345329285,1
39.924,LAND,0.04845856502652168,0.02618224546313286,0.19748446345329285,1
39.924,LAND,0.04845856502652168,0.02618224546313286,0.19748446345329285,1
39.932,LAND,0.04797846078872681,0.026202106848359108,0.1965702474117279,1
39.94,LAND,0.04797846078872681,0.026202106848359108,0.1965702474117279,1
39.956,LAND,0.04797846078872681,0.026202106848359108,0.1965702474117279,1
39.956,LAND,0.04857262969017029,0.025996755808591843,0.1976948380470276,1
39.964,LAND,0.04857262969017029,0.025996755808591843,0.1976948380470276,1
39.968,LAND,0.04857262969017029,0.025996755808591843,0.1976948380470276,1
39.972,LAND,0.049333225935697556,0.025716139003634453,0.19916370511054993,1
39.976,LAND,0.049333225935697556,0.025716139003634453,0.19916370511054993,1
39.984,LAND,0.049333225935697556,0.025716139003634453,0.19916370511054993,1
39.988,LAND,0.049333225935697556,0.025716139003634453,0.19916370511054993,1
40.004,LAND,0.0497630350291729,0.02554319240152836,0.20000003278255463,1
40.008,LAND,0.0497630350291729,0.02554319240152836,0.20000003278255463,1
40.012,LAND,0.050291597843170166,0.025308314710855484,0.20106202363967896,1
40.016,LAND,0.050291597843170166,0.025308314710855484,0.20106202363967896,1
40.02,LAND,0.050291597843170166,0.025308314710855484,0.20106202363967896,1
40.024,LAND,0.050291597843170166,0.025308314710855484,0.20106202363967896,1
40.032,LAND,0.05057093873620033,0.025164104998111725,0.20166712999343872,1
40.036,LAND,0.05057093873620033,0.025164104998111725,0.20166712999343872,1
40.04,LAND,0.05057093873620033,0.025164104998111725,0.20166712999343872,1
40.052,LAND,0.05057093873620033,0.025164104998111725,0.20166712999343872,1
40.056,LAND,0.05089510977268219,0.024974051862955093,0.20237551629543304,1
40.06,LAND,0.05089510977268219,0.024974051862955093,0.20237551629543304,1
40.06,LAND,0.05089510977268219,0.024974051862955093,0.20237551629543304,1
40.064,LAND,0.05089510977268219,0.024974051862955093,0.20237551629543304,1
40.072,LAND,0.05105498060584068,0.02486611157655716,0.20274564623832703,1
40.076,LAND,0.05105498060584068,0.02486611157655716,0.20274564623832703,1
40.08,LAND,0.05105498060584068,0.02486611157655716,0.20274564623832703,1
40.084,LAND,0.05105498060584068,0.02486611157655716,0.20274564623832703,1
40.1,LAND,0.05121250078082085,0.024723928421735764,0.20314037799835205,1
40.1,LAND,0.05121250078082085,0.024723928421735764,0.20314037799835205,1
40.108,LAND,0.05121250078082085,0.024723928421735764,0.20314037799835205,1
40.112,LAND,0.05126367509365082,0.02463715337216854,0.2032826840877533,1
40.116,LAND,0.05126367509365082,0.02463715337216854,0.2032826840877533,1
40.12,LAND,0.05126367509365082,0.02463715337216854,0.2032826840877533,1
40.128,LAND,0.05126367509365082,0.02463715337216854,0.2032826840877533,1
40.132,LAND,0.05127094313502312,0.024519266560673714,0.20334744453430176,1
40.136,LAND,0.05127094313502312,0.024519266560673714,0.20334744453430176,1
40.14,LAND,0.05127094313502312,0.024519266560673714,0.20334744453430176,1
40.16,LAND,0.05127094313502312,0.024519266560673714,0.20334744453430176,1
40.164,LAND,0.05123142525553703,0.024447636678814888,0.20331121981143951,1
40.168,LAND,0.05123142525553703,0.024447636678814888,0.20331121981143951,1
40.172,LAND,0.05123142525553703,0.024447636678814888,0.20331121981143951,1
40.172,LAND,0.051096584647893906,0.024360520765185356,0.20309849083423615,1
40.172,LAND,0.051096584647893906,0.024360520765185356,0.20309849083423615,1
40.184,LAND,0.051096584647893906,0.024360520765185356,0.20309849083423615,1
40.188,LAND,0.051096584647893906,0.024360520765185356,0.20309849083423615,1
40.208,LAND,0.05096275359392166,0.02431171014904976,0.2028854340314865,1
40.208,LAND,0.05096275359392166,0.02431171014904976,0.2028854340314865,1
40.216,LAND,0.050710469484329224,0.02424466423690319,0.20247381925582886,1
40.22,LAND,0.050710469484329224,0.02424466423690319,0.20247381925582886,1
40.224,LAND,0.050710469484329224,0.02424466423690319,0.20247381925582886,1
40.228,LAND,0.050710469484329224,0.02424466423690319,0.20247381925582886,1
40.236,LAND,0.05050128698348999,0.024208102375268936,0.20210964977741241,1
40.24,LAND,0.05050128698348999,0.024208102375268936,0.20210964977741241,1
40.256,LAND,0.05050128698348999,0.024208102375268936,0.20210964977741241,1
40.256,LAND,0.05014101788401604,0.024166492745280266,0.2014792263507843,1
40.264,LAND,0.05014101788401604,0.024166492745280266,0.2014792263507843,1
40.268,LAND,0.049870043992996216,0.024150798097252846,0.20100967586040497,1
40.272,LAND,0.049870043992996216,0.024150798097252846,0.20100967586040497,1
40.276,LAND,0.049870043992996216,0.024150798097252846,0.20100967586040497,1
40.284,LAND,0.049870043992996216,0.024150798097252846,0.20100967586040497,1
40.288,LAND,0.049870043992996216,0.024150798097252846,0.20100967586040497,1
40.304,LAND,0.049423836171627045,0.024143492802977562,0.20021888613700867,1
40.308,LAND,0.049423836171627045,0.024143492802977562,0.20021888613700867,1
40.312,LAND,0.04910029098391533,0.024148881435394287,0.19965308904647827,1
40.312,LAND,0.04910029098391533,0.024148881435394287,0.19965308904647827,1
40.312,LAND,0.04910029098391533,0.024148881435394287,0.19965308904647827,1
40.316,LAND,0.04910029098391533,0.024148881435394287,0.19965308904647827,1
40.332,LAND,0.048584092408418655,0.02416517771780491,0.198762908577919,1
40.336,LAND,0.048584092408418655,0.02416517771780491,0.198762908577919,1
40.34,LAND,0.048584092408418655,0.02416517771780491,0.198762908577919,1
40.352,LAND,0.048584092408418655,0.02416517771780491,0.198762908577919,1
40.356,LAND,0.049083612859249115,0.023947698995471,0.19989880919456482,1
40.36,LAND,0.049083612859249115,0.023947698995471,0.19989880919456482,1
40.36,LAND,0.049083612859249115,0.023947698995471,0.19989880919456482,1
40.364,LAND,0.049083612859249115,0.023947698995471,0.19989880919456482,1
40.372,LAND,0.049709830433130264,0.023660434409976006,0.20137006044387817,1
40.376,LAND,0.049709830433130264,0.023660434409976006,0.20137006044387817,1
40.38,LAND,0.049709830433130264,0.023660434409976006,0.20137006044387817,1
40.384,LAND,0.049709830433130264,0.023660434409976006,0.20137006044387817,1
40.4,LAND,0.050058260560035706,0.023486917838454247,0.20223058760166168,1
40.4,LAND,0.050058260560035706,0.023486917838454247,0.20223058760166168,1
40.408,LAND,0.050058260560035706,0.023486917838454247,0.20223058760166168,1
40.412,LAND,0.05047645792365074,0.02326178178191185,0.2032933235168457,1
40.416,LAND,0.05047645792365074,0.02326178178191185,0.2032933235168457,1
40.42,LAND,0.05047645792365074,0.02326178178191185,0.2032933235168457,1
40.428,LAND,0.05069764330983162,0.023126862943172455,0.20390479266643524,1
40.432,LAND,0.05069764330983162,0.023126862943172455,0.20390479266643524,1
40.436,LAND,0.05069764330983162,0.023126862943172455,0.20390479266643524,1
40.448,LAND,0.05069764330983162,0.023126862943172455,0.20390479266643524,1
40.448,LAND,0.05069764330983162,0.023126862943172455,0.20390479266643524,1
40.452,LAND,0.05093169957399368,0.022936247289180756,0.20460332930088043,1
40.456,LAND,0.05093169957399368,0.022936247289180756,0.20460332930088043,1
40.46,LAND,0.05093169957399368,0.022936247289180756,0.20460332930088043,1
40.468,LAND,0.05093169957399368,0.022936247289180756,0.20460332930088043,1
40.472,LAND,0.05102618411183357,0.022822894155979156,0.2049390971660614,1
40.476,LAND,0.05102618411183357,0.022822894155979156,0.2049390971660614,1
40.48,LAND,0.05102618411183357,0.022822894155979156,0.2049390971660614,1
40.496,LAND,0.05102618411183357,0.022822894155979156,0.2049390971660614,1
40.496,LAND,0.05108471214771271,0.022679941728711128,0.20530900359153748,1
40.504,LAND,0.05108471214771271,0.022679941728711128,0.20530900359153748,1
40.508,LAND,0.05108471214771271,0.022679941728711128,0.20530900359153748,1
40.512,LAND,0.05107139050960541,0.0225962046533823,0.20543387532234192,1
40.516,LAND,0.05107139050960541,0.0225962046533823,0.20543387532234192,1
40.524,LAND,0.05107139050960541,0.0225962046533823,0.20543387532234192,1
40.528,LAND,0.05107139050960541,0.0225962046533823,0.20543387532234192,1
40.532,LAND,0.05098307132720947,0.022495200857520103,0.2054458111524582,1
40.536,LAND,0.05098307132720947,0.022495200857520103,0.2054458111524582,1
40.556,LAND,0.05098307132720947,0.022495200857520103,0.2054458111524582,1
40.56,LAND,0.050882115960121155,0.022436819970607758,0.2053874284029007,1
40.564,LAND,0.050882115960121155,0.022436819970607758,0.2053874284029007,1
40.568,LAND,0.050882115960121155,0.022436819970607758,0.2053874284029007,1
40.572,LAND,0.050671953707933426,0.022367682307958603,0.20513390004634857,1
40.576,LAND,0.050671953707933426,0.022367682307958603,0.20513390004634857,1
40.584,LAND,0.050671953707933426,0.022367682307958603,0.20513390004634857,1
40.588,LAND,0.050671953707933426,0.022367682307958603,0.20513390004634857,1
40.604,LAND,0.05049360916018486,0.02233433537185192,0.20486107468605042,1
40.604,LAND,0.05049360916018486,0.02233433537185192,0.20486107468605042,1
40.612,LAND,0.05017177015542984,0.022297512739896774,0.20438572764396667,1
40.616,LAND,0.05017177015542984,0.022297512739896774,0.20438572764396667,1
40.62,LAND,0.05017177015542984,0.022297512739896774,0.20438572764396667,1
40.624,LAND,0.05017177015542984,0.022297512739896774,0.20438572764396667,1
40.632,LAND,0.04992400482296944,0.022277789190411568,0.20398147404193878,1
40.636,LAND,0.04992400482296944,0.022277789190411568,0.20398147404193878,1
40.64,LAND,0.04992400482296944,0.022277789190411568,0.20398147404193878,1
40.652,LAND,0.04992400482296944,0.022277789190411568,0.20398147404193878,1
40.652,LAND,0.04951924830675125,0.022255556657910347,0.2032664269208908,1
40.656,LAND,0.04951924830675125,0.022255556657910347,0.2032664269208908,1
40.66,LAND,0.04951924830675125,0.022255556657910347,0.2032664269208908,1
40.664,LAND,0.04951924830675125,0.022255556657910347,0.2032664269208908,1
40.672,LAND,0.04922434315085411,0.02224119007587433,0.20276755094528198,1
40.676,LAND,0.04922434315085411,0.02224119007587433,0.20276755094528198,1
40.68,LAND,0.04922434315085411,0.02224119007587433,0.20276755094528198,1
40.684,LAND,0.04922434315085411,0.02224119007587433,0.20276755094528198,1
40.7,LAND,0.04874223843216896,0.022229978814721107,0.20192855596542358,1
40.7,LAND,0.04874223843216896,0.022229978814721107,0.20192855596542358,1
40.708,LAND,0.04838438332080841,0.0222322978079319,0.20130997896194458,1
40.712,LAND,0.04838438332080841,0.0222322978079319,0.20130997896194458,1
40.716,LAND,0.04838438332080841,0.0222322978079319,0.20130997896194458,1
40.72,LAND,0.04838438332080841,0.0222322978079319,0.20130997896194458,1
40.728,LAND,0.04838438332080841,0.0222322978079319,0.20130997896194458,1
40.732,LAND,0.04781148582696915,0.022250672802329063,0.20038168132305145,1
40.736,LAND,0.04781148582696915,0.022250672802329063,0.20038168132305145,1
40.74,LAND,0.04781148582696915,0.022250672802329063,0.20038168132305145,1
40.76,LAND,0.04819824546575546,0.022072168067097664,0.20159706473350525,1
40.76,LAND,0.04819824546575546,0.022072168067097664,0.20159706473350525,1
40.768,LAND,0.04865838959813118,0.021835235878825188,0.20315603911876678,1
40.772,LAND,0.04865838959813118,0.021835235878825188,0.20315603911876678,1
40.776,LAND,0.04865838959813118,0.021835235878825188,0.20315603911876678,1
40.78,LAND,0.04865838959813118,0.021835235878825188,0.20315603911876678,1
40.788,LAND,0.04865838959813118,0.021835235878825188,0.20315603911876678,1
40.788,LAND,0.04889542609453201,0.021700618788599968,0.20408953726291656,1
40.816,LAND,0.04889542609453201,0.021700618788599968,0.20408953726291656,1
40.824,LAND,0.04889542609453201,0.021700618788599968,0.20408953726291656,1
40.832,LAND,0.04914537072181702,0.021518636494874954,0.2052605152130127,1
40.832,LAND,0.04928089305758476,0.02135542966425419,0.20619942247867584,1
40.832,LAND,0.04928089305758476,0.02135542966425419,0.20619942247867584,1
40.832,LAND,0.04928089305758476,0.02135542966425419,0.20619942247867584,1
40.848,LAND,0.04928089305758476,0.02135542966425419,0.20619942247867584,1
40.856,LAND,0.04931218922138214,0.021257521584630013,0.20671144127845764,1
40.876,LAND,0.04931218922138214,0.021257521584630013,0.20671144127845764,1
40.876,LAND,0.049293000251054764,0.02116868644952774,0.20711903274059296,1
40.884,LAND,0.049293000251054764,0.02116868644952774,0.20711903274059296,1
40.888,LAND,0.049181461334228516,0.021060768514871597,0.20752078294754028,1
40.908,LAND,0.049181461334228516,0.021060768514871597,0.20752078294754028,1
40.908,LAND,0.049181461334228516,0.021060768514871597,0.20752078294754028,1
40.916,LAND,0.04906409978866577,0.02100532315671444,0.20771141350269318,1
40.916,LAND,0.04906409978866577,0.02100532315671444,0.20771141350269318,1
40.916,LAND,0.04906409978866577,0.02100532315671444,0.20771141350269318,1
40.916,LAND,0.04906409978866577,0.02100532315671444,0.20771141350269318,1
40.936,LAND,0.04881931468844414,0.020935917273163795,0.20780669152736664,1
40.94,LAND,0.04881931468844414,0.020935917273163795,0.20780669152736664,1
40.956,LAND,0.04881931468844414,0.020935917273163795,0.20780669152736664,1
40.956,LAND,0.04861520230770111,0.02090488187968731,0.20775598287582397,1
40.956,LAND,0.04861520230770111,0.02090488187968731,0.20775598287582397,1
40.956,LAND,0.04825685918331146,0.020875772461295128,0.20758672058582306,1
40.972,LAND,0.04825685918331146,0.020875772461295128,0.20758672058582306,1
40.976,LAND,0.04825685918331146,0.020875772461295128,0.20758672058582306,1
40.992,LAND,0.04825685918331146,0.020875772461295128,0.20758672058582306,1
40.992,LAND,0.04825685918331146,0.020875772461295128,0.20758672058582306,1
40.992,LAND,0.04825685918331146,0.020875772461295128,0.20758672058582306,1
40.992,LAND,0.04798709973692894,0.020871492102742195,0.20736896991729736,1
41.016,LAND,0.04754156991839409,0.020883748307824135,0.20690466463565826,1
41.016,LAND,0.04754156991839409,0.020883748307824135,0.20690466463565826,1
41.024,LAND,0.04754156991839409,0.020883748307824135,0.20690466463565826,1
41.028,LAND,0.047214098274707794,0.02090585045516491,0.20655646920204163,1
41.032,LAND,0.047214098274707794,0.02090585045516491,0.20655646920204163,1
41.036,LAND,0.047214098274707794,0.02090585045516491,0.20655646920204163,1
41.052,LAND,0.047214098274707794,0.02090585045516491,0.20655646920204163,1
41.052,LAND,0.04669235274195671,0.020944947376847267,0.20591555535793304,1
41.06,LAND,0.04669235274195671,0.020944947376847267,0.20591555535793304,1
41.06,LAND,0.04669235274195671,0.020944947376847267,0.20591555535793304,1
41.06,LAND,0.04669235274195671,0.020944947376847267,0.20591555535793304,1
41.06,LAND,0.04631498456001282,0.02098034881055355,0.20543263852596283,1
41.06,LAND,0.04631498456001282,0.02098034881055355,0.20543263852596283,1
41.06,LAND,0.04631498456001282,0.02098034881055355,0.20543263852596283,1
41.06,LAND,0.04571877792477608,0.021039478480815887,0.2046431601047516,1
41.06,LAND,0.04571877792477608,0.021039478480815887,0.2046431601047516,1
41.06,LAND,0.04571877792477608,0.021039478480815887,0.2046431601047516,1
41.108,LAND,0.04571877792477608,0.021039478480815887,0.2046431601047516,1
41.108,LAND,0.0452972911298275,0.021082740277051926,0.20404213666915894,1
41.12,LAND,0.0452972911298275,0.021082740277051926,0.20404213666915894,1
41.124,LAND,0.0452972911298275,0.021082740277051926,0.20404213666915894,1
41.132,LAND,0.0452972911298275,0.021082740277051926,0.20404213666915894,1
41.132,LAND,0.04505356773734093,0.021033016964793205,0.20327407121658325,1
41.136,LAND,0.04505356773734093,0.021033016964793205,0.20327407121658325,1
41.144,LAND,0.04505356773734093,0.021033016964793205,0.20327407121658325,1
41.144,LAND,0.04505356773734093,0.021033016964793205,0.20327407121658325,1
41.148,LAND,0.04505356773734093,0.021033016964793205,0.20327407121658325,1
41.164,LAND,0.04538622871041298,0.02084898203611374,0.2029407024383545,1
41.164,LAND,0.04538622871041298,0.02084898203611374,0.2029407024383545,1
41.168,LAND,0.04577517509460449,0.020594939589500427,0.20233437418937683,1
41.18,LAND,0.04577517509460449,0.020594939589500427,0.20233437418937683,1
41.18,LAND,0.04577517509460449,0.020594939589500427,0.20233437418937683,1
41.18,LAND,0.04577517509460449,0.020594939589500427,0.20233437418937683,1
41.18,LAND,0.04577517509460449,0.020594939589500427,0.20233437418937683,1
41.18,LAND,0.04604826122522354,0.0203686710447073,0.20165908336639404,1
41.2,LAND,0.04604826122522354,0.0203686710447073,0.20165908336639404,1
41.2,LAND,0.04604826122522354,0.0203686710447073,0.20165908336639404,1
41.22,LAND,0.04604826122522354,0.0203686710447073,0.20165908336639404,1
41.22,LAND,0.046170108020305634,0.02023092657327652,0.20116673409938812,1
41.224,LAND,0.04624556377530098,0.02010524831712246,0.20062889158725739,1
41.232,LAND,0.04624556377530098,0.02010524831712246,0.20062889158725739,1
41.236,LAND,0.04624556377530098,0.02010524831712246,0.20062889158725739,1
41.24,LAND,0.04624556377530098,0.02010524831712246,0.20062889158725739,1
41.252,LAND,0.04628670960664749,0.019931798800826073,0.1997966468334198,1
41.252,LAND,0.04628670960664749,0.019931798800826073,0.1997966468334198,1
41.26,LAND,0.04628670960664749,0.019931798800826073,0.1997966468334198,1
41.264,LAND,0.04628670960664749,0.019931798800826073,0.1997966468334198,1
41.268,LAND,0.04626775160431862,0.019826440140604973,0.19921360909938812,1
41.272,LAND,0.04626775160431862,0.019826440140604973,0.19921360909938812,1
41.276,LAND,0.04626775160431862,0.019826440140604973,0.19921360909938812,1
41.284,LAND,0.04626775160431862,0.019826440140604973,0.19921360909938812,1
41.288,LAND,0.04617320001125336,0.019689898937940598,0.19826427102088928,1
41.292,LAND,0.04617320001125336,0.019689898937940598,0.19826427102088928,1
41.292,LAND,0.04617320001125336,0.019689898937940598,0.19826427102088928,1
41.308,LAND,0.04617320001125336,0.019689898937940598,0.19826427102088928,1
41.328,LAND,0.04617320001125336,0.019689898937940598,0.19826427102088928,1
41.328,LAND,0.045852258801460266,0.0195151437073946,0.1966078132390976,1
41.336,LAND,0.045852258801460266,0.0195151437073946,0.1966078132390976,1
41.34,LAND,0.045852258801460266,0.0195151437073946,0.1966078132390976,1
41.356,LAND,0.045852258801460266,0.0195151437073946,0.1966078132390976,1
41.36,LAND,0.045682672411203384,0.01946273446083069,0.19590197503566742,1
41.364,LAND,0.045682672411203384,0.01946273446083069,0.19590197503566742,1
41.364,LAND,0.045682672411203384,0.01946273446083069,0.19590197503566742,1
41.364,LAND,0.045682672411203384,0.01946273446083069,0.19590197503566742,1
41.38,LAND,0.045682672411203384,0.01946273446083069,0.19590197503566742,1
41.384,LAND,0.04538390412926674,0.01940225064754486,0.19483451545238495,1
41.404,LAND,0.045155834406614304,0.019371425732970238,0.19410082697868347,1
41.404,LAND,0.045155834406614304,0.019371425732970238,0.19410082697868347,1
41.408,LAND,0.044778089970350266,0.019332561641931534,0.1929611712694168,1
41.412,LAND,0.044778089970350266,0.019332561641931534,0.1929611712694168,1
41.416,LAND,0.044778089970350266,0.019332561641931534,0.1929611712694168,1
41.42,LAND,0.044778089970350266,0.019332561641931534,0.1929611712694168,1
41.428,LAND,0.044778089970350266,0.019332561641931534,0.1929611712694168,1
41.428,LAND,0.04450445622205734,0.019313020631670952,0.19219857454299927,1
41.428,LAND,0.04450445622205734,0.019313020631670952,0.19219857454299927,1
41.444,LAND,0.04450445622205734,0.019313020631670952,0.19219857454299927,1
41.448,LAND,0.04450445622205734,0.019313020631670952,0.19219857454299927,1
41.448,LAND,0.04405331611633301,0.019295651465654373,0.19104157388210297,1
41.456,LAND,0.04405331611633301,0.019295651465654373,0.19104157388210297,1
41.472,LAND,0.04405331611633301,0.019295651465654373,0.19104157388210297,1
41.472,LAND,0.04405331611633301,0.019295651465654373,0.19104157388210297,1
41.48,LAND,0.04372919350862503,0.019298315048217773,0.19024455547332764,1
41.484,LAND,0.04372919350862503,0.019298315048217773,0.19024455547332764,1
41.488,LAND,0.04372919350862503,0.019298315048217773,0.19024455547332764,1
41.488,LAND,0.04372919350862503,0.019298315048217773,0.19024455547332764,1
41.492,LAND,0.04372919350862503,0.019298315048217773,0.19024455547332764,1
41.492,LAND,0.04372919350862503,0.019298315048217773,0.19024455547332764,1
41.508,LAND,0.042847659438848495,0.019345100969076157,0.18829357624053955,1
41.52,LAND,0.042847659438848495,0.019345100969076157,0.18829357624053955,1
41.52,LAND,0.042847659438848495,0.019345100969076157,0.18829357624053955,1
41.52,LAND,0.042847659438848495,0.019345100969076157,0.18829357624053955,1
41.52,LAND,0.04265732690691948,0.019262630492448807,0.18727213144302368,1
41.52,LAND,0.04265732690691948,0.019262630492448807,0.18727213144302368,1
41.52,LAND,0.04265732690691948,0.019262630492448807,0.18727213144302368,1
41.544,LAND,0.04265732690691948,0.019262630492448807,0.18727213144302368,1
41.548,LAND,0.04265732690691948,0.019262630492448807,0.18727213144302368,1
41.548,LAND,0.04265732690691948,0.019262630492448807,0.18727213144302368,1
41.572,LAND,0.043002307415008545,0.019040552899241447,0.18683230876922607,1
41.572,LAND,0.043002307415008545,0.019040552899241447,0.18683230876922607,1
41.572,LAND,0.043415021151304245,0.018724173307418823,0.18611304461956024,1
41.58,LAND,0.043415021151304245,0.018724173307418823,0.18611304461956024,1
41.588,LAND,0.043415021151304245,0.018724173307418823,0.18611304461956024,1
41.588,LAND,0.043415021151304245,0.018724173307418823,0.18611304461956024,1
41.604,LAND,0.043415021151304245,0.018724173307418823,0.18611304461956024,1
41.604,LAND,0.043625567108392715,0.018526971340179443,0.18562345206737518,1
41.616,LAND,0.04386204853653908,0.018258292227983475,0.1848796159029007,1
41.616,LAND,0.04386204853653908,0.018258292227983475,0.1848796159029007,1
41.616,LAND,0.04386204853653908,0.018258292227983475,0.1848796159029007,1
41.616,LAND,0.04386204853653908,0.018258292227983475,0.1848796159029007,1
41.616,LAND,0.04399775341153145,0.01802106946706772,0.18407681584358215,1
41.616,LAND,0.04399775341153145,0.01802106946706772,0.18407681584358215,1
41.616,LAND,0.04399775341153145,0.01802106946706772,0.18407681584358215,1
41.616,LAND,0.04399775341153145,0.01802106946706772,0.18407681584358215,1
41.616,LAND,0.04403914883732796,0.017875051125884056,0.18356114625930786,1
41.616,LAND,0.04403914883732796,0.017875051125884056,0.18356114625930786,1
41.664,LAND,0.04403914883732796,0.017875051125884056,0.18356114625930786,1
41.668,LAND,0.04403914883732796,0.017875051125884056,0.18356114625930786,1
41.668,LAND,0.04404594004154205,0.017740527167916298,0.1830168068408966,1
41.684,LAND,0.04404594004154205,0.017740527167916298,0.1830168068408966,1
41.688,LAND,0.04404594004154205,0.017740527167916298,0.1830168068408966,1
41.7,LAND,0.04404594004154205,0.017740527167916298,0.1830168068408966,1
41.712,LAND,0.044001828879117966,0.017561916261911392,0.18214841187000275,1
41.712,LAND,0.04393790662288666,0.017452728003263474,0.18158838152885437,1
41.72,LAND,0.04393790662288666,0.017452728003263474,0.18158838152885437,1
41.724,LAND,0.04393790662288666,0.017452728003263474,0.18158838152885437,1
41.728,LAND,0.043795228004455566,0.017308810725808144,0.18069560825824738,1
41.728,LAND,0.043795228004455566,0.017308810725808144,0.18069560825824738,1
41.74,LAND,0.043795228004455566,0.017308810725808144,0.18069560825824738,1
41.76,LAND,0.043795228004455566,0.017308810725808144,0.18069560825824738,1
41.76,LAND,0.04366562142968178,0.017224416136741638,0.18009516596794128,1
41.768,LAND,0.04366562142968178,0.017224416136741638,0.18009516596794128,1
41.776,LAND,0.04366562142968178,0.017224416136741638,0.18009516596794128,1
41.776,LAND,0.043424539268016815,0.017121337354183197,0.1791718602180481,1
41.78,LAND,0.043424539268016815,0.017121337354183197,0.1791718602180481,1
41.796,LAND,0.04323567450046539,0.0170664694160223,0.17853757739067078,1
41.796,LAND,0.04323567450046539,0.0170664694160223,0.17853757739067078,1
41.804,LAND,0.04323567450046539,0.0170664694160223,0.17853757739067078,1
41.808,LAND,0.04323567450046539,0.0170664694160223,0.17853757739067078,1
41.812,LAND,0.04291481524705887,0.016997724771499634,0.17756758630275726,1
41.82,LAND,0.04291481524705887,0.016997724771499634,0.17756758630275726,1
41.824,LAND,0.04291481524705887,0.016997724771499634,0.17756758630275726,1
41.824,LAND,0.04291481524705887,0.016997724771499634,0.17756758630275726,1
41.836,LAND,0.042550791054964066,0.016952678561210632,0.17660708725452423,1
41.844,LAND,0.042550791054964066,0.016952678561210632,0.17660708725452423,1
41.86,LAND,0.042550791054964066,0.016952678561210632,0.17660708725452423,1
41.86,LAND,0.04229174554347992,0.016933564096689224,0.17594419419765472,1
41.872,LAND,0.04229174554347992,0.016933564096689224,0.17594419419765472,1
41.872,LAND,0.04201403260231018,0.0169222392141819,0.1752844899892807,1
41.88,LAND,0.04201403260231018,0.0169222392141819,0.1752844899892807,1
41.88,LAND,0.04201403260231018,0.0169222392141819,0.1752844899892807,1
41.884,LAND,0.04201403260231018,0.0169222392141819,0.1752844899892807,1
41.888,LAND,0.04201403260231018,0.0169222392141819,0.1752844899892807,1
41.892,LAND,0.041571252048015594,0.016928408294916153,0.174305260181427,1
41.904,LAND,0.041571252048015594,0.016928408294916153,0.174305260181427,1
41.908,LAND,0.041571252048015594,0.016928408294916153,0.174305260181427,1
41.908,LAND,0.041571252048015594,0.016928408294916153,0.174305260181427,1
41.916,LAND,0.041262462735176086,0.016936812549829483,0.173634335398674,1
41.916,LAND,0.041262462735176086,0.016936812549829483,0.173634335398674,1
41.916,LAND,0.041262462735176086,0.016936812549829483,0.173634335398674,1
41.924,LAND,0.041262462735176086,0.016936812549829483,0.173634335398674,1
41.924,LAND,0.04077450931072235,0.016958488151431084,0.1726316511631012,1
41.928,LAND,0.04077450931072235,0.016958488151431084,0.1726316511631012,1
41.94,LAND,0.04077450931072235,0.016958488151431084,0.1726316511631012,1
41.944,LAND,0.04077450931072235,0.016958488151431084,0.1726316511631012,1
41.948,LAND,0.04120814800262451,0.016602959483861923,0.17238986492156982,1
41.964,LAND,0.04120814800262451,0.016602959483861923,0.17238986492156982,1
41.964,LAND,0.04120814800262451,0.016602959483861923,0.17238986492156982,1
41.968,LAND,0.04120814800262451,0.016602959483861923,0.17238986492156982,1
41.972,LAND,0.04176390543580055,0.016112875193357468,0.1719648241996765,1
41.976,LAND,0.04176390543580055,0.016112875193357468,0.1719648241996765,1
41.984,LAND,0.04176390543580055,0.016112875193357468,0.1719648241996765,1
41.988,LAND,0.042077887803316116,0.01581847481429577,0.1716681718826294,1
42.0,LAND,0.042077887803316116,0.01581847481429577,0.1716681718826294,1
42.0,LAND,0.042077887803316116,0.01581847481429577,0.1716681718826294,1
42.004,LAND,0.042077887803316116,0.01581847481429577,0.1716681718826294,1
42.004,LAND,0.042464934289455414,0.015413152985274792,0.17120333015918732,1
42.012,LAND,0.042464934289455414,0.015413152985274792,0.17120333015918732,1
42.016,LAND,0.042464934289455414,0.015413152985274792,0.17120333015918732,1
42.024,LAND,0.042464934289455414,0.015413152985274792,0.17120333015918732,1
42.028,LAND,0.042464934289455414,0.015413152985274792,0.17120333015918732,1
42.032,LAND,0.04267577826976776,0.0151620302349329,0.17085549235343933,1
42.036,LAND,0.04267577826976776,0.0151620302349329,0.17085549235343933,1
42.06,LAND,0.04267577826976776,0.0151620302349329,0.17085549235343933,1
42.06,LAND,0.04291379451751709,0.014817619696259499,0.17031565308570862,1
42.068,LAND,0.04291379451751709,0.014817619696259499,0.17031565308570862,1
42.072,LAND,0.043026793748140335,0.014606919139623642,0.16995477676391602,1
42.076,LAND,0.043026793748140335,0.014606919139623642,0.16995477676391602,1
42.08,LAND,0.043026793748140335,0.014606919139623642,0.16995477676391602,1
42.088,LAND,0.043133772909641266,0.014313537627458572,0.1693556308746338,1
42.108,LAND,0.043133772909641266,0.014313537627458572,0.1693556308746338,1
42.108,LAND,0.043164171278476715,0.014135539531707764,0.16894713044166565,1
42.112,LAND,0.043164171278476715,0.014135539531707764,0.16894713044166565,1
42.12,LAND,0.043164171278476715,0.014135539531707764,0.16894713044166565,1
42.124,LAND,0.043164171278476715,0.014135539531707764,0.16894713044166565,1
42.128,LAND,0.04315438121557236,0.01389095839112997,0.16832365095615387,1
42.136,LAND,0.04315438121557236,0.01389095839112997,0.16832365095615387,1
42.14,LAND,0.04315438121557236,0.01389095839112997,0.16832365095615387,1
42.144,LAND,0.04315438121557236,0.01389095839112997,0.16832365095615387,1
42.148,LAND,0.04315438121557236,0.01389095839112997,0.16832365095615387,1
42.168,LAND,0.043115630745887756,0.01374028716236353,0.16787348687648773,1
42.168,LAND,0.043115630745887756,0.01374028716236353,0.16787348687648773,1
42.172,LAND,0.043011683970689774,0.013540745712816715,0.1671813577413559,1
42.18,LAND,0.043011683970689774,0.013540745712816715,0.1671813577413559,1
42.18,LAND,0.043011683970689774,0.013540745712816715,0.1671813577413559,1
42.188,LAND,0.043011683970689774,0.013540745712816715,0.1671813577413559,1
42.204,LAND,0.04291471838951111,0.013425304554402828,0.1667202115058899,1
42.208,LAND,0.04291471838951111,0.013425304554402828,0.1667202115058899,1
42.212,LAND,0.042747095227241516,0.01328363735228777,0.16598346829414368,1
42.216,LAND,0.042747095227241516,0.01328363735228777,0.16598346829414368,1
42.22,LAND,0.042747095227241516,0.01328363735228777,0.16598346829414368,1
42.224,LAND,0.042747095227241516,0.01328363735228777,0.16598346829414368,1
42.232,LAND,0.042606741189956665,0.013206823728978634,0.16548892855644226,1
42.236,LAND,0.042606741189956665,0.013206823728978634,0.16548892855644226,1
42.24,LAND,0.042606741189956665,0.013206823728978634,0.16548892855644226,1
42.252,LAND,0.042606741189956665,0.013206823728978634,0.16548892855644226,1
42.252,LAND,0.042364899069070816,0.013103317469358444,0.16475129127502441,1
42.252,LAND,0.042364899069070816,0.013103317469358444,0.16475129127502441,1
42.256,LAND,0.042364899069070816,0.013103317469358444,0.16475129127502441,1
42.26,LAND,0.042364899069070816,0.013103317469358444,0.16475129127502441,1
42.272,LAND,0.04218323528766632,0.01304551400244236,0.1642415076494217,1
42.276,LAND,0.04218323528766632,0.01304551400244236,0.1642415076494217,1
42.28,LAND,0.04218323528766632,0.01304551400244236,0.1642415076494217,1
42.284,LAND,0.04218323528766632,0.01304551400244236,0.1642415076494217,1
42.3,LAND,0.04188304394483566,0.0129798399284482,0.1634722799062729,1
42.3,LAND,0.04188304394483566,0.0129798399284482,0.1634722799062729,1
42.308,LAND,0.04188304394483566,0.0129798399284482,0.1634722799062729,1
42.312,LAND,0.04165569320321083,0.012952150776982307,0.16297000646591187,1
42.316,LAND,0.04165569320321083,0.012952150776982307,0.16297000646591187,1
42.32,LAND,0.04165569320321083,0.012952150776982307,0.16297000646591187,1
42.328,LAND,0.04165569320321083,0.012952150776982307,0.16297000646591187,1
42.332,LAND,0.04160768911242485,0.01277160458266735,0.16239994764328003,1
42.336,LAND,0.04160768911242485,0.01277160458266735,0.16239994764328003,1
42.34,LAND,0.04160768911242485,0.01277160458266735,0.16239994764328003,1
42.36,LAND,0.04160768911242485,0.01277160458266735,0.16239994764328003,1
42.36,LAND,0.04196834936738014,0.012460310943424702,0.1622905433177948,1
42.368,LAND,0.04241318255662918,0.012027479708194733,0.16209328174591064,1
42.372,LAND,0.04241318255662918,0.012027479708194733,0.16209328174591064,1
42.376,LAND,0.04241318255662918,0.012027479708194733,0.16209328174591064,1
42.38,LAND,0.04241318255662918,0.012027479708194733,0.16209328174591064,1
42.388,LAND,0.04241318255662918,0.012027479708194733,0.16209328174591064,1
42.392,LAND,0.04265797883272171,0.011764183640480042,0.16191859543323517,1
42.396,LAND,0.04265797883272171,0.011764183640480042,0.16191859543323517,1
42.4,LAND,0.04265797883272171,0.011764183640480042,0.16191859543323517,1
42.42,LAND,0.04265797883272171,0.011764183640480042,0.16191859543323517,1
42.424,LAND,0.042944759130477905,0.011415231041610241,0.16163687407970428,1
42.428,LAND,0.043136339634656906,0.01110828761011362,0.16135470569133759,1
42.432,LAND,0.043136339634656906,0.01110828761011362,0.16135470569133759,1
42.436,LAND,0.043136339634656906,0.01110828761011362,0.16135470569133759,1
42.44,LAND,0.043136339634656906,0.01110828761011362,0.16135470569133759,1
42.456,LAND,0.04321356490254402,0.010924506932497025,0.1611318141222,1
42.456,LAND,0.04321356490254402,0.010924506932497025,0.1611318141222,1
42.464,LAND,0.04321356490254402,0.010924506932497025,0.1611318141222,1
42.468,LAND,0.04321356490254402,0.010924506932497025,0.1611318141222,1
42.472,LAND,0.043255653232336044,0.010754064656794071,0.16090185940265656,1
42.476,LAND,0.043255653232336044,0.010754064656794071,0.16090185940265656,1
42.484,LAND,0.043255653232336044,0.010754064656794071,0.16090185940265656,1
42.488,LAND,0.043255653232336044,0.010754064656794071,0.16090185940265656,1
42.492,LAND,0.04326259344816208,0.010529027320444584,0.1605353057384491,1
42.496,LAND,0.04326259344816208,0.010529027320444584,0.1605353057384491,1
42.516,LAND,0.04326259344816208,0.010529027320444584,0.1605353057384491,1
42.52,LAND,0.04322744160890579,0.01039664912968874,0.16024963557720184,1
42.52,LAND,0.04322744160890579,0.01039664912968874,0.16024963557720184,1
42.52,LAND,0.04322744160890579,0.01039664912968874,0.16024963557720184,1
42.532,LAND,0.04312410205602646,0.010219365358352661,0.1597946435213089,1
42.536,LAND,0.04312410205602646,0.010219365358352661,0.1597946435213089,1
42.552,LAND,0.04312410205602646,0.010219365358352661,0.1597946435213089,1
42.556,LAND,0.04302568361163139,0.010114442557096481,0.15948772430419922,1
42.56,LAND,0.04302568361163139,0.010114442557096481,0.15948772430419922,1
42.564,LAND,0.04302568361163139,0.010114442557096481,0.15948772430419922,1
42.568,LAND,0.042843833565711975,0.009977003559470177,0.15897803008556366,1
42.572,LAND,0.042843833565711975,0.009977003559470177,0.15897803008556366,1
42.58,LAND,0.042843833565711975,0.009977003559470177,0.15897803008556366,1
42.584,LAND,0.042843833565711975,0.009977003559470177,0.15897803008556366,1
42.588,LAND,0.042843833565711975,0.009977003559470177,0.15897803008556366,1
42.6,LAND,0.04269242659211159,0.009904728271067142,0.1586352288722992,1
42.6,LAND,0.04269242659211159,0.009904728271067142,0.1586352288722992,1
42.604,LAND,0.04269242659211159,0.009904728271067142,0.1586352288722992,1
42.608,LAND,0.04243946820497513,0.009814366698265076,0.15811067819595337,1
42.612,LAND,0.04243946820497513,0.009814366698265076,0.15811067819595337,1
42.62,LAND,0.04243946820497513,0.009814366698265076,0.15811067819595337,1
42.624,LAND,0.04243946820497513,0.009814366698265076,0.15811067819595337,1
42.628,LAND,0.04243946820497513,0.009814366698265076,0.15811067819595337,1
42.632,LAND,0.042251285165548325,0.009771495126187801,0.15772247314453125,1
42.64,LAND,0.042251285165548325,0.009771495126187801,0.15772247314453125,1
42.66,LAND,0.042251285165548325,0.009771495126187801,0.15772247314453125,1
42.664,LAND,0.04194340482354164,0.009735586121678352,0.1571272313594818,1
42.668,LAND,0.04171931743621826,0.00972435250878334,0.1567465364933014,1
42.668,LAND,0.04171931743621826,0.00972435250878334,0.1567465364933014,1
42.672,LAND,0.04171931743621826,0.00972435250878334,0.1567465364933014,1
42.672,LAND,0.04171931743621826,0.00972435250878334,0.1567465364933014,1
42.688,LAND,0.04171931743621826,0.00972435250878334,0.1567465364933014,1
42.692,LAND,0.04136252403259277,0.009730233810842037,0.15613394975662231,1
42.708,LAND,0.04136252403259277,0.009730233810842037,0.15613394975662231,1
42.708,LAND,0.04136252403259277,0.009730233810842037,0.15613394975662231,1
42.716,LAND,0.04110582917928696,0.009747332893311977,0.15572687983512878,1
42.72,LAND,0.04110582917928696,0.009747332893311977,0.15572687983512878,1
42.724,LAND,0.04110582917928696,0.009747332893311977,0.15572687983512878,1
42.728,LAND,0.04110582917928696,0.009747332893311977,0.15572687983512878,1
42.736,LAND,0.040699850767850876,0.009786936454474926,0.15512068569660187,1
42.74,LAND,0.040699850767850876,0.009786936454474926,0.15512068569660187,1
42.744,LAND,0.040699850767850876,0.009786936454474926,0.15512068569660187,1
42.756,LAND,0.041022174060344696,0.009438143111765385,0.15514110028743744,1
42.756,LAND,0.041022174060344696,0.009438143111765385,0.15514110028743744,1
42.756,LAND,0.041022174060344696,0.009438143111765385,0.15514110028743744,1
42.764,LAND,0.041022174060344696,0.009438143111765385,0.15514110028743744,1
42.768,LAND,0.041022174060344696,0.009438143111765385,0.15514110028743744,1
42.776,LAND,0.04142197221517563,0.008959395810961723,0.1551353484392166,1
42.78,LAND,0.04142197221517563,0.008959395810961723,0.1551353484392166,1
42.784,LAND,0.04142197221517563,0.008959395810961723,0.1551353484392166,1
42.788,LAND,0.04163369536399841,0.008665177971124649,0.15512965619564056,1
42.804,LAND,0.04163369536399841,0.008665177971124649,0.15512965619564056,1
42.804,LAND,0.04163369536399841,0.008665177971124649,0.15512965619564056,1
42.812,LAND,0.04187506437301636,0.008261238224804401,0.15505965054035187,1
42.816,LAND,0.04187506437301636,0.008261238224804401,0.15505965054035187,1
42.82,LAND,0.04187506437301636,0.008261238224804401,0.15505965054035187,1
42.824,LAND,0.04187506437301636,0.008261238224804401,0.15505965054035187,1
42.832,LAND,0.04198973625898361,0.008017879910767078,0.1550034135580063,1
42.836,LAND,0.04198973625898361,0.008017879910767078,0.1550034135580063,1
42.84,LAND,0.04198973625898361,0.008017879910767078,0.1550034135580063,1
42.844,LAND,0.04198973625898361,0.008017879910767078,0.1550034135580063,1
42.864,LAND,0.04208972305059433,0.007688732352107763,0.15488360822200775,1
42.868,LAND,0.04208972305059433,0.007688732352107763,0.15488360822200775,1
42.872,LAND,0.042122982442379,0.007496212143450975,0.15475571155548096,1
42.872,LAND,0.042122982442379,0.007496212143450975,0.15475571155548096,1
42.876,LAND,0.042122982442379,0.007496212143450975,0.15475571155548096,1
42.884,LAND,0.042122982442379,0.007496212143450975,0.15475571155548096,1
42.896,LAND,0.04212251678109169,0.007242061197757721,0.15453322231769562,1
42.896,LAND,0.04212251678109169,0.007242061197757721,0.15453322231769562,1
42.896,LAND,0.04212251678109169,0.007242061197757721,0.15453322231769562,1
42.9,LAND,0.04212251678109169,0.007242061197757721,0.15453322231769562,1
42.912,LAND,0.04208693280816078,0.0070955329574644566,0.154379740357399,1
42.916,LAND,0.04208693280816078,0.0070955329574644566,0.154379740357399,1
42.92,LAND,0.04208693280816078,0.0070955329574644566,0.154379740357399,1
42.924,LAND,0.04208693280816078,0.0070955329574644566,0.154379740357399,1
42.932,LAND,0.041991427540779114,0.006911705248057842,0.1540886014699936,1
42.936,LAND,0.041991427540779114,0.006911705248057842,0.1540886014699936,1
42.94,LAND,0.041991427540779114,0.006911705248057842,0.1540886014699936,1
42.96,LAND,0.041991427540779114,0.006911705248057842,0.1540886014699936,1
42.96,LAND,0.04190512374043465,0.006811242550611496,0.1538851410150528,1
42.968,LAND,0.04190512374043465,0.006811242550611496,0.1538851410150528,1
42.972,LAND,0.04174858331680298,0.006682114209979773,0.15355555713176727,1
42.976,LAND,0.04174858331680298,0.006682114209979773,0.15355555713176727,1
42.98,LAND,0.04174858331680298,0.006682114209979773,0.15355555713176727,1
42.988,LAND,0.04174858331680298,0.006682114209979773,0.15355555713176727,1
43.008,LAND,0.04161530360579491,0.006609980016946793,0.15329162776470184,1
43.012,LAND,0.04161530360579491,0.006609980016946793,0.15329162776470184,1
43.016,LAND,0.04138137772679329,0.006521517410874367,0.1528959572315216,1
43.02,LAND,0.04138137772679329,0.006521517410874367,0.1528959572315216,1
43.024,LAND,0.04138137772679329,0.006521517410874367,0.1528959572315216,1
43.028,LAND,0.04119935259222984,0.006484715733677149,0.15261411666870117,1
43.036,LAND,0.04119935259222984,0.006484715733677149,0.15261411666870117,1
43.04,LAND,0.04119935259222984,0.006484715733677149,0.15261411666870117,1
43.056,LAND,0.04119935259222984,0.006484715733677149,0.15261411666870117,1
43.056,LAND,0.040901634842157364,0.006461290176957846,0.15214434266090393,1
43.064,LAND,0.040901634842157364,0.006461290176957846,0.15214434266090393,1
43.068,LAND,0.040901634842157364,0.006461290176957846,0.15214434266090393,1
43.072,LAND,0.04068223014473915,0.006462956313043833,0.1518324315547943,1
43.076,LAND,0.04068223014473915,0.006462956313043833,0.1518324315547943,1
43.084,LAND,0.04068223014473915,0.006462956313043833,0.1518324315547943,1
43.088,LAND,0.040333013981580734,0.006492012180387974,0.15136240422725677,1
43.104,LAND,0.040333013981580734,0.006492012180387974,0.15136240422725677,1
43.104,LAND,0.040333013981580734,0.006492012180387974,0.15136240422725677,1
43.112,LAND,0.04008336737751961,0.0065290192142128944,0.15101759135723114,1
43.116,LAND,0.04008336737751961,0.0065290192142128944,0.15101759135723114,1
43.12,LAND,0.04008336737751961,0.0065290192142128944,0.15101759135723114,1
43.124,LAND,0.04008336737751961,0.0065290192142128944,0.15101759135723114,1
43.132,LAND,0.03969515487551689,0.00660505797713995,0.15054643154144287,1
43.136,LAND,0.03969515487551689,0.00660505797713995,0.15054643154144287,1
43.14,LAND,0.03969515487551689,0.00660505797713995,0.15054643154144287,1
43.152,LAND,0.03969515487551689,0.00660505797713995,0.15054643154144287,1
43.152,LAND,0.039950910955667496,0.00635188352316618,0.15063819289207458,1
43.156,LAND,0.039950910955667496,0.00635188352316618,0.15063819289207458,1
43.16,LAND,0.039950910955667496,0.00635188352316618,0.15063819289207458,1
43.164,LAND,0.039950910955667496,0.00635188352316618,0.15063819289207458,1
43.172,LAND,0.04025385156273842,0.006026091985404491,0.15072835981845856,1
43.176,LAND,0.04025385156273842,0.006026091985404491,0.15072835981845856,1
43.18,LAND,0.04025385156273842,0.006026091985404491,0.15072835981845856,1
43.184,LAND,0.04025385156273842,0.006026091985404491,0.15072835981845856,1
43.2,LAND,0.04041213542222977,0.00583829078823328,0.15078039467334747,1
43.2,LAND,0.04041213542222977,0.00583829078823328,0.15078039467334747,1
43.208,LAND,0.040583185851573944,0.005600341130048037,0.15078260004520416,1
43.212,LAND,0.040583185851573944,0.005600341130048037,0.15078260004520416,1
43.216,LAND,0.040583185851573944,0.005600341130048037,0.15078260004520416,1
43.22,LAND,0.040583185851573944,0.005600341130048037,0.15078260004520416,1
43.228,LAND,0.040655385702848434,0.005462008994072676,0.15077467262744904,1
43.232,LAND,0.040655385702848434,0.005462008994072676,0.15077467262744904,1
43.236,LAND,0.040655385702848434,0.005462008994072676,0.15077467262744904,1
43.24,LAND,0.040655385702848434,0.005462008994072676,0.15077467262744904,1
43.26,LAND,0.040655385702848434,0.005462008994072676,0.15077467262744904,1
43.26,LAND,0.04071098193526268,0.005276827607303858,0.15074551105499268,1
43.268,LAND,0.04071098193526268,0.005276827607303858,0.15074551105499268,1
43.272,LAND,0.0407121405005455,0.0051692756824195385,0.15068358182907104,1
43.276,LAND,0.0407121405005455,0.0051692756824195385,0.15068358182907104,1
43.28,LAND,0.0407121405005455,0.0051692756824195385,0.15068358182907104,1
43.288,LAND,0.04066292569041252,0.00504407100379467,0.15058816969394684,1
43.308,LAND,0.04066292569041252,0.00504407100379467,0.15058816969394684,1
43.308,LAND,0.04066292569041252,0.00504407100379467,0.15058816969394684,1
43.316,LAND,0.04060279577970505,0.0049889241345226765,0.15050166845321655,1
43.32,LAND,0.04060279577970505,0.0049889241345226765,0.15050166845321655,1
43.324,LAND,0.04060279577970505,0.0049889241345226765,0.15050166845321655,1
43.328,LAND,0.04048292711377144,0.00493661779910326,0.1503147929906845,1
43.336,LAND,0.04048292711377144,0.00493661779910326,0.1503147929906845,1
43.34,LAND,0.04048292711377144,0.00493661779910326,0.1503147929906845,1
43.356,LAND,0.04048292711377144,0.00493661779910326,0.1503147929906845,1
43.356,LAND,0.040384382009506226,0.004924479406327009,0.15018115937709808,1
43.364,LAND,0.040384382009506226,0.004924479406327009,0.15018115937709808,1
43.368,LAND,0.040384382009506226,0.004924479406327009,0.15018115937709808,1
43.372,LAND,0.04020854830741882,0.004934452474117279,0.14995747804641724,1
43.376,LAND,0.04020854830741882,0.004934452474117279,0.14995747804641724,1
43.384,LAND,0.04020854830741882,0.004934452474117279,0.14995747804641724,1
43.388,LAND,0.04020854830741882,0.004934452474117279,0.14995747804641724,1
43.404,LAND,0.04006793722510338,0.004958268254995346,0.14976723492145538,1
43.408,LAND,0.04006793722510338,0.004958268254995346,0.14976723492145538,1
43.408,LAND,0.039846353232860565,0.0050164153799414635,0.14948517084121704,1
43.42,LAND,0.039846353232860565,0.0050164153799414635,0.14948517084121704,1
43.424,LAND,0.039846353232860565,0.0050164153799414635,0.14948517084121704,1
43.428,LAND,0.039846353232860565,0.0050164153799414635,0.14948517084121704,1
43.432,LAND,0.039684902876615524,0.0050663212314248085,0.1492774933576584,1
43.436,LAND,0.039684902876615524,0.0050663212314248085,0.1492774933576584,1
43.44,LAND,0.039684902876615524,0.0050663212314248085,0.1492774933576584,1
43.452,LAND,0.039684902876615524,0.0050663212314248085,0.1492774933576584,1
43.452,LAND,0.039421942085027695,0.005159277003258467,0.14891038835048676,1
43.456,LAND,0.039421942085027695,0.005159277003258467,0.14891038835048676,1
43.46,LAND,0.039421942085027695,0.005159277003258467,0.14891038835048676,1
43.464,LAND,0.039421942085027695,0.005159277003258467,0.14891038835048676,1
43.472,LAND,0.039231203496456146,0.005234858486801386,0.14866603910923004,1
43.476,LAND,0.039231203496456146,0.005234858486801386,0.14866603910923004,1
43.48,LAND,0.039231203496456146,0.005234858486801386,0.14866603910923004,1
43.484,LAND,0.039231203496456146,0.005234858486801386,0.14866603910923004,1
43.5,LAND,0.038934968411922455,0.005356643348932266,0.14829839766025543,1
43.504,LAND,0.038934968411922455,0.005356643348932266,0.14829839766025543,1
43.508,LAND,0.03872358798980713,0.005452151410281658,0.14801882207393646,1
43.512,LAND,0.03872358798980713,0.005452151410281658,0.14801882207393646,1
43.516,LAND,0.03872358798980713,0.005452151410281658,0.14801882207393646,1
43.52,LAND,0.03872358798980713,0.005452151410281658,0.14801882207393646,1
43.528,LAND,0.0383928157389164,0.005607629660516977,0.1476183831691742,1
43.532,LAND,0.0383928157389164,0.005607629660516977,0.1476183831691742,1
43.536,LAND,0.0383928157389164,0.005607629660516977,0.1476183831691742,1
43.548,LAND,0.0383928157389164,0.005607629660516977,0.1476183831691742,1
43.548,LAND,0.0383928157389164,0.005607629660516977,0.1476183831691742,1
43.552,LAND,0.038552433252334595,0.005379263311624527,0.14779086410999298,1
43.556,LAND,0.038552433252334595,0.005379263311624527,0.14779086410999298,1
43.56,LAND,0.038552433252334595,0.005379263311624527,0.14779086410999298,1
43.568,LAND,0.038722194731235504,0.005078726448118687,0.14797097444534302,1
43.572,LAND,0.038722194731235504,0.005078726448118687,0.14797097444534302,1
43.576,LAND,0.038722194731235504,0.005078726448118687,0.14797097444534302,1
43.58,LAND,0.038722194731235504,0.005078726448118687,0.14797097444534302,1
43.592,LAND,0.038795504719018936,0.004909363109618425,0.14807745814323425,1
43.592,LAND,0.038795504719018936,0.004909363109618425,0.14807745814323425,1
43.596,LAND,0.038795504719018936,0.004909363109618425,0.14807745814323425,1
43.6,LAND,0.038795504719018936,0.004909363109618425,0.14807745814323425,1
43.608,LAND,0.03885018453001976,0.004697255790233612,0.14821313321590424,1
43.612,LAND,0.03885018453001976,0.004697255790233612,0.14821313321590424,1
43.616,LAND,0.03885018453001976,0.004697255790233612,0.14821313321590424,1
43.62,LAND,0.03885018453001976,0.004697255790233612,0.14821313321590424,1
43.628,LAND,0.03885708376765251,0.0045820241793990135,0.14826558530330658,1
43.632,LAND,0.03885708376765251,0.0045820241793990135,0.14826558530330658,1
43.636,LAND,0.03885708376765251,0.0045820241793990135,0.14826558530330658,1
43.656,LAND,0.03885708376765251,0.0045820241793990135,0.14826558530330658,1
43.656,LAND,0.03881939873099327,0.004450818058103323,0.1483367681503296,1
43.664,LAND,0.03881939873099327,0.004450818058103323,0.1483367681503296,1
43.668,LAND,0.03876427561044693,0.00438842736184597,0.1483565866947174,1
43.672,LAND,0.03876427561044693,0.00438842736184597,0.1483565866947174,1
43.676,LAND,0.03876427561044693,0.00438842736184597,0.1483565866947174,1
43.684,LAND,0.03876427561044693,0.00438842736184597,0.1483565866947174,1
43.688,LAND,0.03876427561044693,0.00438842736184597,0.1483565866947174,1
43.704,LAND,0.03863806277513504,0.004319703206419945,0.14833132922649384,1
43.704,LAND,0.03863806277513504,0.004319703206419945,0.14833132922649384,1
43.712,LAND,0.03852872550487518,0.004290382843464613,0.14830096065998077,1
43.716,LAND,0.03852872550487518,0.004290382843464613,0.14830096065998077,1
43.72,LAND,0.03852872550487518,0.004290382843464613,0.14830096065998077,1
43.724,LAND,0.03852872550487518,0.004290382843464613,0.14830096065998077,1
43.732,LAND,0.038332294672727585,0.004271385259926319,0.1482369601726532,1
43.736,LAND,0.038332294672727585,0.004271385259926319,0.1482369601726532,1
43.74,LAND,0.038332294672727585,0.004271385259926319,0.1482369601726532,1
43.752,LAND,0.038332294672727585,0.004271385259926319,0.1482369601726532,1
43.752,LAND,0.0381779707968235,0.004274312872439623,0.14815086126327515,1
43.76,LAND,0.0381779707968235,0.004274312872439623,0.14815086126327515,1
43.768,LAND,0.0381779707968235,0.004274312872439623,0.14815086126327515,1
43.768,LAND,0.0381779707968235,0.004274312872439623,0.14815086126327515,1
43.776,LAND,0.03792284056544304,0.004293416161090136,0.14804556965827942,1
43.78,LAND,0.03792284056544304,0.004293416161090136,0.14804556965827942,1
43.784,LAND,0.03792284056544304,0.004293416161090136,0.14804556965827942,1
43.784,LAND,0.03792284056544304,0.004293416161090136,0.14804556965827942,1
43.792,LAND,0.03773511201143265,0.004317903891205788,0.14793342351913452,1
43.796,LAND,0.03773511201143265,0.004317903891205788,0.14793342351913452,1
43.812,LAND,0.03773511201143265,0.004317903891205788,0.14793342351913452,1
43.812,LAND,0.037439655512571335,0.004370043054223061,0.14773963391780853,1
43.82,LAND,0.037439655512571335,0.004370043054223061,0.14773963391780853,1
43.824,LAND,0.037439655512571335,0.004370043054223061,0.14773963391780853,1
43.828,LAND,0.037439655512571335,0.004370043054223061,0.14773963391780853,1
43.832,LAND,0.03722715750336647,0.0044215088710188866,0.14761008322238922,1
43.84,LAND,0.03722715750336647,0.0044215088710188866,0.14761008322238922,1
43.86,LAND,0.03722715750336647,0.0044215088710188866,0.14761008322238922,1
43.86,LAND,0.036899447441101074,0.004512509796768427,0.14735905826091766,1
43.868,LAND,0.03667057305574417,0.0045806849375367165,0.14714953303337097,1
43.872,LAND,0.03667057305574417,0.0045806849375367165,0.14714953303337097,1
43.876,LAND,0.03667057305574417,0.0045806849375367165,0.14714953303337097,1
43.88,LAND,0.03667057305574417,0.0045806849375367165,0.14714953303337097,1
43.888,LAND,0.03667057305574417,0.0045806849375367165,0.14714953303337097,1
43.908,LAND,0.03630611300468445,0.00469099311158061,0.14686834812164307,1
43.908,LAND,0.03630611300468445,0.00469099311158061,0.14686834812164307,1
43.912,LAND,0.036049991846084595,0.004773703869432211,0.1466420739889145,1
43.916,LAND,0.036049991846084595,0.004773703869432211,0.1466420739889145,1
43.92,LAND,0.036049991846084595,0.004773703869432211,0.1466420739889145,1
43.924,LAND,0.036049991846084595,0.004773703869432211,0.1466420739889145,1
43.932,LAND,0.0356532484292984,0.0049035679548978806,0.14629057049751282,1
43.936,LAND,0.0356532484292984,0.0049035679548978806,0.14629057049751282,1
43.936,LAND,0.0356532484292984,0.0049035679548978806,0.14629057049751282,1
43.94,LAND,0.0356532484292984,0.0049035679548978806,0.14629057049751282,1
43.968,LAND,0.03572872653603554,0.004694294650107622,0.14652954041957855,1
43.968,LAND,0.03572872653603554,0.004694294650107622,0.14652954041957855,1
43.976,LAND,0.03577849641442299,0.004422440659254789,0.14680324494838715,1
43.98,LAND,0.03577849641442299,0.004422440659254789,0.14680324494838715,1
43.98,LAND,0.03577849641442299,0.004422440659254789,0.14680324494838715,1
43.984,LAND,0.03577802702784538,0.004269707947969437,0.1469317227602005,1
44.004,LAND,0.03577802702784538,0.004269707947969437,0.1469317227602005,1
44.004,LAND,0.03577802702784538,0.004269707947969437,0.1469317227602005,1
44.012,LAND,0.035735052078962326,0.004071860108524561,0.14714692533016205,1
44.016,LAND,0.035735052078962326,0.004071860108524561,0.14714692533016205,1
44.02,LAND,0.035735052078962326,0.004071860108524561,0.14714692533016205,1
44.024,LAND,0.035735052078962326,0.004071860108524561,0.14714692533016205,1
44.032,LAND,0.03567671403288841,0.003959984518587589,0.1472392976284027,1
44.036,LAND,0.03567671403288841,0.003959984518587589,0.1472392976284027,1
44.04,LAND,0.03567671403288841,0.003959984518587589,0.1472392976284027,1
44.052,LAND,0.03567671403288841,0.003959984518587589,0.1472392976284027,1
44.052,LAND,0.035545796155929565,0.0038271998055279255,0.14733409881591797,1
44.056,LAND,0.035545796155929565,0.0038271998055279255,0.14733409881591797,1
44.06,LAND,0.035545796155929565,0.0038271998055279255,0.14733409881591797,1
44.064,LAND,0.035545796155929565,0.0038271998055279255,0.14733409881591797,1
44.072,LAND,0.03542909398674965,0.0037580798380076885,0.14738675951957703,1
44.076,LAND,0.03542909398674965,0.0037580798380076885,0.14738675951957703,1
44.08,LAND,0.03542909398674965,0.0037580798380076885,0.14738675951957703,1
44.084,LAND,0.03542909398674965,0.0037580798380076885,0.14738675951957703,1
44.1,LAND,0.03522095829248428,0.0036870180629193783,0.14739669859409332,1
44.1,LAND,0.03522095829248428,0.0036870180629193783,0.14739669859409332,1
44.108,LAND,0.03522095829248428,0.0036870180629193783,0.14739669859409332,1
44.112,LAND,0.03505883738398552,0.0036611396353691816,0.14735816419124603,1
44.116,LAND,0.03505883738398552,0.0036611396353691816,0.14735816419124603,1
44.12,LAND,0.03505883738398552,0.0036611396353691816,0.14735816419124603,1
44.128,LAND,0.03505883738398552,0.0036611396353691816,0.14735816419124603,1
44.132,LAND,0.034783169627189636,0.0036465919110924006,0.1473221480846405,1
44.136,LAND,0.034783169627189636,0.0036465919110924006,0.1473221480846405,1
44.14,LAND,0.034783169627189636,0.0036465919110924006,0.1473221480846405,1
44.16,LAND,0.034578435122966766,0.003650395665317774,0.14726413786411285,1
44.16,LAND,0.034578435122966766,0.003650395665317774,0.14726413786411285,1
44.168,LAND,0.03424885869026184,0.0036839498206973076,0.14715586602687836,1
44.172,LAND,0.03424885869026184,0.0036839498206973076,0.14715586602687836,1
44.176,LAND,0.03424885869026184,0.0036839498206973076,0.14715586602687836,1
44.18,LAND,0.03424885869026184,0.0036839498206973076,0.14715586602687836,1
44.188,LAND,0.03424885869026184,0.0036839498206973076,0.14715586602687836,1
44.208,LAND,0.034013308584690094,0.0037223875988274813,0.14708875119686127,1
44.208,LAND,0.033652063459157944,0.0037973911967128515,0.14692322909832,1
44.216,LAND,0.033652063459157944,0.0037973911967128515,0.14692322909832,1
44.22,LAND,0.033652063459157944,0.0037973911967128515,0.14692322909832,1
44.224,LAND,0.033652063459157944,0.0037973911967128515,0.14692322909832,1
44.228,LAND,0.03339817002415657,0.0038623588625341654,0.14677312970161438,1
44.236,LAND,0.03339817002415657,0.0038623588625341654,0.14677312970161438,1
44.24,LAND,0.03339817002415657,0.0038623588625341654,0.14677312970161438,1
44.256,LAND,0.03339817002415657,0.0038623588625341654,0.14677312970161438,1
44.256,LAND,0.03300270065665245,0.003975209780037403,0.14660033583641052,1
44.264,LAND,0.03300270065665245,0.003975209780037403,0.14660033583641052,1
44.268,LAND,0.03300270065665245,0.003975209780037403,0.14660033583641052,1
44.272,LAND,0.03273332491517067,0.004066878464072943,0.14644961059093475,1
44.276,LAND,0.03273332491517067,0.004066878464072943,0.14644961059093475,1
44.284,LAND,0.03273332491517067,0.004066878464072943,0.14644961059093475,1
44.288,LAND,0.03273332491517067,0.004066878464072943,0.14644961059093475,1
44.292,LAND,0.0323186032474041,0.004223765339702368,0.14620473980903625,1
44.296,LAND,0.0323186032474041,0.004223765339702368,0.14620473980903625,1
44.316,LAND,0.0323186032474041,0.004223765339702368,0.14620473980903625,1
44.316,LAND,0.032032545655965805,0.004343092907220125,0.14604702591896057,1
44.324,LAND,0.032032545655965805,0.004343092907220125,0.14604702591896057,1
44.324,LAND,0.032032545655965805,0.004343092907220125,0.14604702591896057,1
44.332,LAND,0.031594254076480865,0.00454083364456892,0.14576004445552826,1
44.336,LAND,0.031594254076480865,0.00454083364456892,0.14576004445552826,1
44.352,LAND,0.031594254076480865,0.00454083364456892,0.14576004445552826,1
44.352,LAND,0.03160202130675316,0.004401972517371178,0.14605200290679932,1
44.36,LAND,0.03160202130675316,0.004401972517371178,0.14605200290679932,1
44.364,LAND,0.03160202130675316,0.004401972517371178,0.14605200290679932,1
44.368,LAND,0.03157980367541313,0.0042306785471737385,0.14649133384227753,1
44.372,LAND,0.03157980367541313,0.0042306785471737385,0.14649133384227753,1
44.38,LAND,0.03157980367541313,0.0042306785471737385,0.14649133384227753,1
44.384,LAND,0.03157980367541313,0.0042306785471737385,0.14649133384227753,1
44.388,LAND,0.03154000639915466,0.004145337734371424,0.14672739803791046,1
44.4,LAND,0.03154000639915466,0.004145337734371424,0.14672739803791046,1
44.4,LAND,0.03154000639915466,0.004145337734371424,0.14672739803791046,1
44.404,LAND,0.03154000639915466,0.004145337734371424,0.14672739803791046,1
44.408,LAND,0.03154000639915466,0.004145337734371424,0.14672739803791046,1
44.412,LAND,0.031436894088983536,0.004048524424433708,0.1470281481742859,1
44.42,LAND,0.031436894088983536,0.004048524424433708,0.1470281481742859,1
44.424,LAND,0.031436894088983536,0.004048524424433708,0.1470281481742859,1
44.428,LAND,0.03134835138916969,0.0040038395673036575,0.14721789956092834,1
44.432,LAND,0.03134835138916969,0.0040038395673036575,0.14721789956092834,1
44.44,LAND,0.03134835138916969,0.0040038395673036575,0.14721789956092834,1
44.46,LAND,0.03134835138916969,0.0040038395673036575,0.14721789956092834,1
44.46,LAND,0.031186848878860474,0.003967219032347202,0.1474342793226242,1
44.468,LAND,0.031186848878860474,0.003967219032347202,0.1474342793226242,1
44.472,LAND,0.031059950590133667,0.003967482130974531,0.14753398299217224,1
44.476,LAND,0.031059950590133667,0.003967482130974531,0.14753398299217224,1
44.48,LAND,0.031059950590133667,0.003967482130974531,0.14753398299217224,1
44.488,LAND,0.031059950590133667,0.003967482130974531,0.14753398299217224,1
44.508,LAND,0.030845586210489273,0.004001936875283718,0.14771053194999695,1
44.508,LAND,0.030845586210489273,0.004001936875283718,0.14771053194999695,1
44.516,LAND,0.03068249300122261,0.00404059374704957,0.14778152108192444,1
44.52,LAND,0.03068249300122261,0.00404059374704957,0.14778152108192444,1
44.524,LAND,0.03068249300122261,0.00404059374704957,0.14778152108192444,1
44.528,LAND,0.03068249300122261,0.00404059374704957,0.14778152108192444,1
44.536,LAND,0.030406150966882706,0.004117209929972887,0.14784877002239227,1
44.54,LAND,0.030406150966882706,0.004117209929972887,0.14784877002239227,1
44.556,LAND,0.030406150966882706,0.004117209929972887,0.14784877002239227,1
44.556,LAND,0.030205344781279564,0.004185634199529886,0.1478913426399231,1
44.564,LAND,0.030205344781279564,0.004185634199529886,0.1478913426399231,1
44.568,LAND,0.02988877333700657,0.004305512644350529,0.14789308607578278,1
44.572,LAND,0.02988877333700657,0.004305512644350529,0.14789308607578278,1
44.576,LAND,0.02988877333700657,0.004305512644350529,0.14789308607578278,1
44.584,LAND,0.02988877333700657,0.004305512644350529,0.14789308607578278,1
44.588,LAND,0.02988877333700657,0.004305512644350529,0.14789308607578278,1
44.604,LAND,0.02966848760843277,0.0043997084721922874,0.1478496938943863,1
44.608,LAND,0.02966848760843277,0.0043997084721922874,0.1478496938943863,1
44.612,LAND,0.029326770454645157,0.004564142320305109,0.14781427383422852,1
44.612,LAND,0.029326770454645157,0.004564142320305109,0.14781427383422852,1
44.616,LAND,0.029326770454645157,0.004564142320305109,0.14781427383422852,1
44.616,LAND,0.029326770454645157,0.004564142320305109,0.14781427383422852,1
44.624,LAND,0.02908504754304886,0.004686741624027491,0.14774362742900848,1
44.628,LAND,0.02908504754304886,0.004686741624027491,0.14774362742900848,1
44.628,LAND,0.02908504754304886,0.004686741624027491,0.14774362742900848,1
44.628,LAND,0.02908504754304886,0.004686741624027491,0.14774362742900848,1
44.652,LAND,0.02871290221810341,0.004883912857621908,0.14760799705982208,1
44.652,LAND,0.02871290221810341,0.004883912857621908,0.14760799705982208,1
44.668,LAND,0.02871290221810341,0.004883912857621908,0.14760799705982208,1
44.668,LAND,0.02871290221810341,0.004883912857621908,0.14760799705982208,1
44.668,LAND,0.02845531329512596,0.005025378428399563,0.14752197265625,1
44.668,LAND,0.02845531329512596,0.005025378428399563,0.14752197265625,1
44.684,LAND,0.02845531329512596,0.005025378428399563,0.14752197265625,1
44.684,LAND,0.02845531329512596,0.005025378428399563,0.14752197265625,1
44.684,LAND,0.02806755155324936,0.00523943267762661,0.14732982218265533,1
44.704,LAND,0.02806755155324936,0.00523943267762661,0.14732982218265533,1
44.704,LAND,0.02806755155324936,0.00523943267762661,0.14732982218265533,1
44.724,LAND,0.02806755155324936,0.00523943267762661,0.14732982218265533,1
44.74,LAND,0.02780582569539547,0.00539166945964098,0.14716291427612305,1
44.74,LAND,0.02740507945418358,0.005635377019643784,0.1469653844833374,1
44.74,LAND,0.02740507945418358,0.005635377019643784,0.1469653844833374,1
44.752,LAND,0.027381714433431625,0.005570624023675919,0.14729833602905273,1
44.764,LAND,0.027381714433431625,0.005570624023675919,0.14729833602905273,1
44.768,LAND,0.027381714433431625,0.005570624023675919,0.14729833602905273,1
44.772,LAND,0.027381714433431625,0.005570624023675919,0.14729833602905273,1
44.776,LAND,0.027381714433431625,0.005570624023675919,0.14729833602905273,1
44.784,LAND,0.027381714433431625,0.005570624023675919,0.14729833602905273,1
44.784,LAND,0.027381714433431625,0.005570624023675919,0.14729833602905273,1
44.792,LAND,0.02730073221027851,0.005511692259460688,0.14773733913898468,1
44.812,LAND,0.027169547975063324,0.005488049704581499,0.1481349766254425,1
44.812,LAND,0.02706538513302803,0.005490915849804878,0.14834219217300415,1
44.82,LAND,0.02706538513302803,0.005490915849804878,0.14834219217300415,1
44.824,LAND,0.02706538513302803,0.005490915849804878,0.14834219217300415,1
44.824,LAND,0.02706538513302803,0.005490915849804878,0.14834219217300415,1
44.836,LAND,0.026949575170874596,0.005512887146323919,0.14851164817810059,1
44.84,LAND,0.026949575170874596,0.005512887146323919,0.14851164817810059,1
44.844,LAND,0.026949575170874596,0.005512887146323919,0.14851164817810059,1
44.848,LAND,0.02674567513167858,0.0055686794221401215,0.14879556000232697,1
44.848,LAND,0.02674567513167858,0.0055686794221401215,0.14879556000232697,1
44.852,LAND,0.02674567513167858,0.0055686794221401215,0.14879556000232697,1
44.852,LAND,0.02674567513167858,0.0055686794221401215,0.14879556000232697,1
44.896,LAND,0.02674567513167858,0.0055686794221401215,0.14879556000232697,1
44.908,LAND,0.026330452412366867,0.005729195196181536,0.14908534288406372,1
44.908,LAND,0.026330452412366867,0.005729195196181536,0.14908534288406372,1
44.916,LAND,0.02614712528884411,0.005808643996715546,0.14918403327465057,1
44.924,LAND,0.02614712528884411,0.005808643996715546,0.14918403327465057,1
44.924,LAND,0.02614712528884411,0.005808643996715546,0.14918403327465057,1
44.928,LAND,0.025857778266072273,0.005942926742136478,0.1492423266172409,1
44.94,LAND,0.025857778266072273,0.005942926742136478,0.1492423266172409,1
44.96,LAND,0.025857778266072273,0.005942926742136478,0.1492423266172409,1
44.964,LAND,0.025656316429376602,0.006044008303433657,0.14923343062400818,1
44.968,LAND,0.025344856083393097,0.00620358157902956,0.14924409985542297,1
44.972,LAND,0.025344856083393097,0.00620358157902956,0.14924409985542297,1
44.976,LAND,0.025344856083393097,0.00620358157902956,0.14924409985542297,1
44.98,LAND,0.025344856083393097,0.00620358157902956,0.14924409985542297,1
45.004,LAND,0.025128711014986038,0.006317430175840855,0.149203360080719,1
45.004,LAND,0.025128711014986038,0.006317430175840855,0.149203360080719,1
45.016,LAND,0.024797989055514336,0.006503949407488108,0.14915041625499725,1
45.016,LAND,0.024797989055514336,0.006503949407488108,0.14915041625499725,1
45.024,LAND,0.024797989055514336,0.006503949407488108,0.14915041625499725,1
45.024,LAND,0.024576693773269653,0.0066396016627550125,0.14909717440605164,1
45.032,LAND,0.024576693773269653,0.0066396016627550125,0.14909717440605164,1
45.04,LAND,0.024576693773269653,0.0066396016627550125,0.14909717440605164,1
45.04,LAND,0.024576693773269653,0.0066396016627550125,0.14909717440605164,1
45.052,LAND,0.024576693773269653,0.0066396016627550125,0.14909717440605164,1
45.052,LAND,0.024251457303762436,0.006869738455861807,0.14895683526992798,1
45.064,LAND,0.024251457303762436,0.006869738455861807,0.14895683526992798,1
45.064,LAND,0.024251457303762436,0.006869738455861807,0.14895683526992798,1
45.064,LAND,0.024251457303762436,0.006869738455861807,0.14895683526992798,1
45.068,LAND,0.024251457303762436,0.006869738455861807,0.14895683526992798,1
45.076,LAND,0.024251457303762436,0.006869738455861807,0.14895683526992798,1
45.08,LAND,0.024251457303762436,0.006869738455861807,0.14895683526992798,1
45.084,LAND,0.023925496265292168,0.007124703377485275,0.14884896576404572,1
45.096,LAND,0.023703722283244133,0.007305855397135019,0.14873167872428894,1
45.104,LAND,0.023703722283244133,0.007305855397135019,0.14873167872428894,1
45.108,LAND,0.023703722283244133,0.007305855397135019,0.14873167872428894,1
45.108,LAND,0.023703722283244133,0.007305855397135019,0.14873167872428894,1
45.112,LAND,0.023480910807847977,0.007490113843232393,0.14858242869377136,1
45.112,LAND,0.023480910807847977,0.007490113843232393,0.14858242869377136,1
45.116,LAND,0.023480910807847977,0.007490113843232393,0.14858242869377136,1
45.116,LAND,0.023480910807847977,0.007490113843232393,0.14858242869377136,1
45.132,LAND,0.02314702980220318,0.007776844315230846,0.14836201071739197,1
45.136,LAND,0.02314702980220318,0.007776844315230846,0.14836201071739197,1
45.148,LAND,0.02314702980220318,0.007776844315230846,0.14836201071739197,1
45.148,LAND,0.02311556600034237,0.0077278027310967445,0.14871889352798462,1
45.16,LAND,0.02311556600034237,0.0077278027310967445,0.14871889352798462,1
45.16,LAND,0.02311556600034237,0.0077278027310967445,0.14871889352798462,1
45.164,LAND,0.02311556600034237,0.0077278027310967445,0.14871889352798462,1
45.168,LAND,0.02311556600034237,0.0077278027310967445,0.14871889352798462,1
45.168,LAND,0.023042844608426094,0.007684151642024517,0.14915962517261505,1
45.176,LAND,0.023042844608426094,0.007684151642024517,0.14915962517261505,1
45.18,LAND,0.023042844608426094,0.007684151642024517,0.14915962517261505,1
45.184,LAND,0.023042844608426094,0.007684151642024517,0.14915962517261505,1
45.216,LAND,0.02298007346689701,0.007670728024095297,0.14946386218070984,1
45.22,LAND,0.022868148982524872,0.007680901326239109,0.1498349905014038,1
45.224,LAND,0.022868148982524872,0.007680901326239109,0.1498349905014038,1
45.232,LAND,0.022783253341913223,0.007701898459345102,0.15002676844596863,1
45.236,LAND,0.022783253341913223,0.007701898459345102,0.15002676844596863,1
45.24,LAND,0.022783253341913223,0.007701898459345102,0.15002676844596863,1
45.256,LAND,0.022783253341913223,0.007701898459345102,0.15002676844596863,1
45.26,LAND,0.022646231576800346,0.007757727988064289,0.1503060758113861,1
45.26,LAND,0.022646231576800346,0.007757727988064289,0.1503060758113861,1
45.264,LAND,0.022646231576800346,0.007757727988064289,0.1503060758113861,1
45.272,LAND,0.022542575374245644,0.007809930946677923,0.15045438706874847,1
45.276,LAND,0.022542575374245644,0.007809930946677923,0.15045438706874847,1
45.284,LAND,0.022542575374245644,0.007809930946677923,0.15045438706874847,1
45.292,LAND,0.022542575374245644,0.007809930946677923,0.15045438706874847,1
45.3,LAND,0.02237026020884514,0.007910397835075855,0.15058954060077667,1
45.304,LAND,0.02237026020884514,0.007910397835075855,0.15058954060077667,1
45.308,LAND,0.02237026020884514,0.007910397835075855,0.15058954060077667,1
45.312,LAND,0.02237026020884514,0.007910397835075855,0.15058954060077667,1
45.312,LAND,0.02224440686404705,0.00798890832811594,0.15070165693759918,1
45.316,LAND,0.02224440686404705,0.00798890832811594,0.15070165693759918,1
45.328,LAND,0.022043930366635323,0.008111391216516495,0.1507849544286728,1
45.328,LAND,0.022043930366635323,0.008111391216516495,0.1507849544286728,1
45.332,LAND,0.022043930366635323,0.008111391216516495,0.1507849544286728,1
45.336,LAND,0.022043930366635323,0.008111391216516495,0.1507849544286728,1
45.344,LAND,0.022043930366635323,0.008111391216516495,0.1507849544286728,1
45.364,LAND,0.02190406247973442,0.008201874792575836,0.15079161524772644,1
45.364,LAND,0.02190406247973442,0.008201874792575836,0.15079161524772644,1
45.372,LAND,0.02168155647814274,0.00835675559937954,0.15080410242080688,1
45.376,LAND,0.02168155647814274,0.00835675559937954,0.15080410242080688,1
45.38,LAND,0.02168155647814274,0.00835675559937954,0.15080410242080688,1
45.384,LAND,0.02168155647814274,0.00835675559937954,0.15080410242080688,1
45.408,LAND,0.021519113332033157,0.008470648899674416,0.1507890522480011,1
45.408,LAND,0.021264513954520226,0.008656841702759266,0.15069934725761414,1
45.408,LAND,0.021264513954520226,0.008656841702759266,0.15069934725761414,1
45.42,LAND,0.021264513954520226,0.008656841702759266,0.15069934725761414,1
45.424,LAND,0.021264513954520226,0.008656841702759266,0.15069934725761414,1
45.428,LAND,0.021264513954520226,0.008656841702759266,0.15069934725761414,1
45.436,LAND,0.021090339869260788,0.008788568899035454,0.1506679356098175,1
45.436,LAND,0.021090339869260788,0.008788568899035454,0.1506679356098175,1
45.436,LAND,0.021090339869260788,0.008788568899035454,0.1506679356098175,1
45.436,LAND,0.021090339869260788,0.008788568899035454,0.1506679356098175,1
45.472,LAND,0.0208300668746233,0.008996697142720222,0.15055784583091736,1
45.472,LAND,0.02065957523882389,0.009151952341198921,0.15043607354164124,1
45.48,LAND,0.02065957523882389,0.009151952341198921,0.15043607354164124,1
45.484,LAND,0.02065957523882389,0.009151952341198921,0.15043607354164124,1
45.488,LAND,0.02065957523882389,0.009151952341198921,0.15043607354164124,1
45.496,LAND,0.02065957523882389,0.009151952341198921,0.15043607354164124,1
45.512,LAND,0.02039477974176407,0.009395156987011433,0.1502729058265686,1
45.516,LAND,0.020215002819895744,0.009562441147863865,0.1501479297876358,1
45.52,LAND,0.020215002819895744,0.009562441147863865,0.1501479297876358,1
45.524,LAND,0.019939972087740898,0.009827463887631893,0.1499076932668686,1
45.528,LAND,0.019939972087740898,0.009827463887631893,0.1499076932668686,1
45.532,LAND,0.019939972087740898,0.009827463887631893,0.1499076932668686,1
45.556,LAND,0.019939972087740898,0.009827463887631893,0.1499076932668686,1
45.556,LAND,0.019879303872585297,0.009721065871417522,0.1502956748008728,1
45.564,LAND,0.019879303872585297,0.009721065871417522,0.1502956748008728,1
45.568,LAND,0.019757891073822975,0.009605895727872849,0.1507759392261505,1
45.572,LAND,0.019757891073822975,0.009605895727872849,0.1507759392261505,1
45.576,LAND,0.019757891073822975,0.009605895727872849,0.1507759392261505,1
45.588,LAND,0.019757891073822975,0.009605895727872849,0.1507759392261505,1
45.604,LAND,0.019757891073822975,0.009605895727872849,0.1507759392261505,1
45.604,LAND,0.019664999097585678,0.009548259899020195,0.15103678405284882,1
45.616,LAND,0.01950354501605034,0.009493550285696983,0.15141959488391876,1
45.62,LAND,0.01950354501605034,0.009493550285696983,0.15141959488391876,1
45.62,LAND,0.01950354501605034,0.009493550285696983,0.15141959488391876,1
45.628,LAND,0.01950354501605034,0.009493550285696983,0.15141959488391876,1
45.636,LAND,0.019381636753678322,0.009476332925260067,0.15164637565612793,1
45.64,LAND,0.019381636753678322,0.009476332925260067,0.15164637565612793,1
45.644,LAND,0.019381636753678322,0.009476332925260067,0.15164637565612793,1
45.644,LAND,0.019381636753678322,0.009476332925260067,0.15164637565612793,1
45.664,LAND,0.019190730527043343,0.00947042740881443,0.1519434005022049,1
45.664,LAND,0.019190730527043343,0.00947042740881443,0.1519434005022049,1
45.672,LAND,0.019062086939811707,0.009479943662881851,0.15213775634765625,1
45.676,LAND,0.019062086939811707,0.009479943662881851,0.15213775634765625,1
45.68,LAND,0.019062086939811707,0.009479943662881851,0.15213775634765625,1
45.684,LAND,0.019062086939811707,0.009479943662881851,0.15213775634765625,1
45.692,LAND,0.018857181072235107,0.009518280625343323,0.1523415446281433,1
45.692,LAND,0.018857181072235107,0.009518280625343323,0.1523415446281433,1
45.716,LAND,0.018857181072235107,0.009518280625343323,0.1523415446281433,1
45.72,LAND,0.01871315762400627,0.009558364748954773,0.1524592489004135,1
45.72,LAND,0.01871315762400627,0.009558364748954773,0.1524592489004135,1
45.728,LAND,0.01871315762400627,0.009558364748954773,0.1524592489004135,1
45.732,LAND,0.01847545988857746,0.009637833572924137,0.15259656310081482,1
45.736,LAND,0.01847545988857746,0.009637833572924137,0.15259656310081482,1
45.752,LAND,0.018312713131308556,0.009703594259917736,0.1526288092136383,1
45.756,LAND,0.018312713131308556,0.009703594259917736,0.1526288092136383,1
45.76,LAND,0.018312713131308556,0.009703594259917736,0.1526288092136383,1
45.764,LAND,0.018312713131308556,0.009703594259917736,0.1526288092136383,1
45.768,LAND,0.018061498180031776,0.009820997714996338,0.15269885957241058,1
45.772,LAND,0.018061498180031776,0.009820997714996338,0.15269885957241058,1
45.78,LAND,0.018061498180031776,0.009820997714996338,0.15269885957241058,1
45.78,LAND,0.018061498180031776,0.009820997714996338,0.15269885957241058,1
45.784,LAND,0.018061498180031776,0.009820997714996338,0.15269885957241058,1
45.784,LAND,0.017894813790917397,0.009909458458423615,0.15269003808498383,1
45.812,LAND,0.017894813790917397,0.009909458458423615,0.15269003808498383,1
45.812,LAND,0.017657190561294556,0.010063723661005497,0.15263408422470093,1
45.82,LAND,0.017657190561294556,0.010063723661005497,0.15263408422470093,1
45.824,LAND,0.017657190561294556,0.010063723661005497,0.15263408422470093,1
45.828,LAND,0.017657190561294556,0.010063723661005497,0.15263408422470093,1
45.832,LAND,0.017502635717391968,0.010175543837249279,0.15259283781051636,1
45.84,LAND,0.017502635717391968,0.010175543837249279,0.15259283781051636,1
45.86,LAND,0.017502635717391968,0.010175543837249279,0.15259283781051636,1
45.86,LAND,0.017274951562285423,0.010361685417592525,0.1524653285741806,1
45.868,LAND,0.017274951562285423,0.010361685417592525,0.1524653285741806,1
45.872,LAND,0.01712116412818432,0.010496449656784534,0.15234039723873138,1
45.876,LAND,0.01712116412818432,0.010496449656784534,0.15234039723873138,1
45.88,LAND,0.01712116412818432,0.010496449656784534,0.15234039723873138,1
45.896,LAND,0.016896724700927734,0.010701623745262623,0.15220679342746735,1
45.896,LAND,0.016896724700927734,0.010701623745262623,0.15220679342746735,1
45.904,LAND,0.016896724700927734,0.010701623745262623,0.15220679342746735,1
45.908,LAND,0.016896724700927734,0.010701623745262623,0.15220679342746735,1
45.912,LAND,0.016748275607824326,0.010849078185856342,0.15207858383655548,1
45.916,LAND,0.016748275607824326,0.010849078185856342,0.15207858383655548,1
45.924,LAND,0.016748275607824326,0.010849078185856342,0.15207858383655548,1
45.928,LAND,0.016748275607824326,0.010849078185856342,0.15207858383655548,1
45.932,LAND,0.016532685607671738,0.011082611978054047,0.15190179646015167,1
45.936,LAND,0.016532685607671738,0.011082611978054047,0.15190179646015167,1
45.956,LAND,0.016532685607671738,0.011082611978054047,0.15190179646015167,1
45.956,LAND,0.0164540633559227,0.011048657819628716,0.15229609608650208,1
45.964,LAND,0.0164540633559227,0.011048657819628716,0.15229609608650208,1
45.968,LAND,0.016319163143634796,0.01103191077709198,0.15272493660449982,1
45.972,LAND,0.016319163143634796,0.01103191077709198,0.15272493660449982,1
45.976,LAND,0.016319163143634796,0.01103191077709198,0.15272493660449982,1
45.984,LAND,0.016319163143634796,0.01103191077709198,0.15272493660449982,1
45.988,LAND,0.016319163143634796,0.01103191077709198,0.15272493660449982,1
45.992,LAND,0.016222750768065453,0.011043052189052105,0.15296727418899536,1
45.992,LAND,0.016222750768065453,0.011043052189052105,0.15296727418899536,1
46.016,LAND,0.016222750768065453,0.011043052189052105,0.15296727418899536,1
46.016,LAND,0.016071464866399765,0.011088093742728233,0.15327005088329315,1
46.024,LAND,0.016071464866399765,0.011088093742728233,0.15327005088329315,1
46.028,LAND,0.015966245904564857,0.011132655665278435,0.15342065691947937,1
46.032,LAND,0.015966245904564857,0.011132655665278435,0.15342065691947937,1
46.036,LAND,0.015966245904564857,0.011132655665278435,0.15342065691947937,1
46.052,LAND,0.015966245904564857,0.011132655665278435,0.15342065691947937,1
46.052,LAND,0.015796102583408356,0.011219946667551994,0.15361645817756653,1
46.06,LAND,0.015796102583408356,0.011219946667551994,0.15361645817756653,1
46.06,LAND,0.015796102583408356,0.011219946667551994,0.15361645817756653,1
46.064,LAND,0.015677180141210556,0.011292983777821064,0.15370820462703705,1
46.068,LAND,0.015677180141210556,0.011292983777821064,0.15370820462703705,1
46.08,LAND,0.015677180141210556,0.011292983777821064,0.15370820462703705,1
46.084,LAND,0.015677180141210556,0.011292983777821064,0.15370820462703705,1
46.088,LAND,0.015677180141210556,0.011292983777821064,0.15370820462703705,1
46.092,LAND,0.015485778450965881,0.011419189162552357,0.15379264950752258,1
46.112,LAND,0.015485778450965881,0.011419189162552357,0.15379264950752258,1
46.112,LAND,0.015348955988883972,0.011521391570568085,0.15381582081317902,1
46.12,LAND,0.015348955988883972,0.011521391570568085,0.15381582081317902,1
46.124,LAND,0.015348955988883972,0.011521391570568085,0.15381582081317902,1
46.128,LAND,0.015142116695642471,0.01168127078562975,0.1538107544183731,1
46.132,LAND,0.015142116695642471,0.01168127078562975,0.1538107544183731,1
46.14,LAND,0.015142116695642471,0.01168127078562975,0.1538107544183731,1
46.16,LAND,0.015142116695642471,0.01168127078562975,0.1538107544183731,1
46.16,LAND,0.015006478875875473,0.01179591752588749,0.1537567526102066,1
46.168,LAND,0.014802981168031693,0.011975654400885105,0.15365056693553925,1
46.172,LAND,0.014802981168031693,0.011975654400885105,0.15365056693553925,1
46.176,LAND,0.014802981168031693,0.011975654400885105,0.15365056693553925,1
46.18,LAND,0.014802981168031693,0.011975654400885105,0.15365056693553925,1
46.188,LAND,0.014662963338196278,0.012104269117116928,0.15354302525520325,1
46.208,LAND,0.014662963338196278,0.012104269117116928,0.15354302525520325,1
46.212,LAND,0.014662963338196278,0.012104269117116928,0.15354302525520325,1
46.216,LAND,0.014456863515079021,0.012313203886151314,0.15334202349185944,1
46.22,LAND,0.014456863515079021,0.012313203886151314,0.15334202349185944,1
46.224,LAND,0.014456863515079021,0.012313203886151314,0.15334202349185944,1
46.228,LAND,0.014321964234113693,0.012459240853786469,0.1531880497932434,1
46.232,LAND,0.014321964234113693,0.012459240853786469,0.1531880497932434,1
46.236,LAND,0.014321964234113693,0.012459240853786469,0.1531880497932434,1
46.244,LAND,0.014321964234113693,0.012459240853786469,0.1531880497932434,1
46.248,LAND,0.014321964234113693,0.012459240853786469,0.1531880497932434,1
46.268,LAND,0.014128672890365124,0.012696372345089912,0.15291215479373932,1
46.268,LAND,0.014128672890365124,0.012696372345089912,0.15291215479373932,1
46.276,LAND,0.014005212113261223,0.012864941731095314,0.152692973613739,1
46.28,LAND,0.014005212113261223,0.012864941731095314,0.152692973613739,1
46.284,LAND,0.014005212113261223,0.012864941731095314,0.152692973613739,1
46.288,LAND,0.014005212113261223,0.012864941731095314,0.152692973613739,1
46.304,LAND,0.013823766261339188,0.013120841234922409,0.15233586728572845,1
46.304,LAND,0.013823766261339188,0.013120841234922409,0.15233586728572845,1
46.312,LAND,0.01370866596698761,0.013296390883624554,0.1520676165819168,1
46.316,LAND,0.01370866596698761,0.013296390883624554,0.1520676165819168,1
46.32,LAND,0.01370866596698761,0.013296390883624554,0.1520676165819168,1
46.324,LAND,0.01370866596698761,0.013296390883624554,0.1520676165819168,1
46.332,LAND,0.013546294532716274,0.013564759865403175,0.15162916481494904,1
46.336,LAND,0.013546294532716274,0.013564759865403175,0.15162916481494904,1
46.34,LAND,0.013546294532716274,0.013564759865403175,0.15162916481494904,1
46.352,LAND,0.013546294532716274,0.013564759865403175,0.15162916481494904,1
